Workbook
Name Arnarberg: Skóladeildarlisti!$B$19:$F$19
Name Álfaberg: Skóladeildarlisti!$B$18:$G$18
Name Álfakot: Skóladeildarlisti!$B$10:$P$10
Name Bjarkalundur: Skóladeildarlisti!$B$20:$C$20
Name Engidalsskóli: Skóladeildarlisti!$B$2:$P$2
Name Hlíðarberg: Skóladeildarlisti!$B$21:$E$21
Name Holtasel: Skóladeildarlisti!$B$12:$P$12
Name Hraunkot: Skóladeildarlisti!$B$17:$P$17
Name Hraunsel: Skóladeildarlisti!$B$11:$P$11
Name Hraunvallaskóli: Skóladeildarlisti!$B$3:$P$3
Name Hvaleyrarskóli: Skóladeildarlisti!$B$4:$P$4
Name Hörðuvellir: Skóladeildarlisti!$B$22:$E$22
Name Krakkaberg: Skóladeildarlisti!$B$15:$P$15
Name Leikskólinn_við_Hraunvallaskóla: Skóladeildarlisti!$B$23:$F$23
Name Leikskólinn_við_Skarðshlíðarskó: Skóladeildarlisti!$B$24:$F$24
Name Lækjarsel: Skóladeildarlisti!$B$13:$P$13
Name Lækjarskóli: Skóladeildarlisti!$B$5:$P$5
Name Selið: Skóladeildarlisti!$B$14:$P$14
Name Setbergsskóli: Skóladeildarlisti!$B$7:$P$7
Name Skarðshlíðarskóli: Skóladeildarlisti!$B$8:$P$8
Name Skarðssel: Skóladeildarlisti!$B$16:$P$16
Name Smáralundur: Skóladeildarlisti!$B$25:$E$25
Name Stekkjarás: Skóladeildarlisti!$B$26:$I$26
Name Tjarnarás: Skóladeildarlisti!$B$27:$F$27
Name Vesturkot: Skóladeildarlisti!$B$28:$F$28
Name Víðistaðaskóli: Skóladeildarlisti!$B$9:$P$9
Name Víðivellir: Skóladeildarlisti!$B$29:$D$29
Name Öldutúnsskóli: Skóladeildarlisti!$B$6:$P$6

Sheet Vöruskrá
A1: VÖRUSKRÁ – HRÁEFNI OG INNIHALDSEFNI
A2: Heiti vöru | B2: Leitarnafn (dropdown) | C2: Framleiðandi / Byrgi | D2: Vörúnúmer | E2: Vörúflokkur | F2: Innihaldslýsing | G2: Ofnæmisvaldar | H2: Fyrirvari | I2: Hlekkur á gagnablað | J2: Orka (kcal/100g) | K2: Fita (g/100g) | L2: Mettuð fita (g/100g) | M2: Kolvetni (g/100g) | N2: Sykur (g/100g) | O2: Prótein (g/100g) | P2: Salt (g/100g) | Q2: Trefjar (g/100g) | R2: Kostnaður (kr/kg) | S2: Athugasemdir
A3: Ömmu skonsur heilar | B3: Ömmu skonsur heilar | C3: Gæðabakstur | D3: 121 | E3: Bakkelsi | F3: Vatn, **hveiti**, **HAFRAMJÖL**, repjuolía, sykur, **HEILHVEITI**, **egg**, **MYSUDUFT**, pálmaolía, lyftiefni (E450, E500), salt, maltað **hveiti**, mjölmeðhöndlunarefni (E300), rotvarnarefni (E282), sykur, bindiefni (E322 úr sólblómum, E471), dextrósi, bragðefni, rotvarnarefni (E211), sýrustillir (E330), vanillubragðefni, kókosolía, litarefni (E150c, E150a), kekkjarvarnarefni (E535) | G3: Glúten (hveiti, haframjöl), egg, mjólk | H3: Gæti innihaldið snefil af sesam. | I3: https://gaedabakstur.is/vara/ommuskonsur-heilar-10stk-i-pakka/ | J3: 260 | K3: 12 | L3: 1.3 | M3: 31 | N3: 10 | O3: 5.3 | P3: 1 | Q3: 2.3 | R3: 160 g/stk.
A4: Bananaskonsur | B4: Bananaskonsur | C4: Gæðabakstur | D4: 122 | E4: Bakkelsi | F4: Hrísmjólk (vatn, hrísgrjón, sólblómaolía, kalsíum, maltextrakt, salt, bindiefni E418, vítamín B12, D2, sýrustillir E340), **hveiti**, vatn, sykur, banani, repjuolía, maltað **hveiti**, mjölmeðhöndlunarefni (E300), lyftiefni (E450, E500), salt, vanillubragðefni, litarefni (E150c), kekkjarvarnarefni (E535) | G4: Glúten (hveiti) | H4: Gæti innihaldið snefil af sesam, mjólk og eggjum. | I4: https://gaedabakstur.is/vara/bananaskonsur/ | J4: 237 | K4: 4.3 | L4: 0.3 | M4: 44 | N4: 16 | O4: 4.4 | P4: 0.4 | Q4: 1.5 | R4: 75 g/stk.
A5: Sólkjarnabrauð plötubrauð | B5: Sólkjarnabrauð plötubrauð | C5: Gæðabakstur | D5: 730 | E5: Brauð | F5: **Hveiti**, vatn, 12,3% - sólkjarnafræ, **rúgmjöl**, hörfræ, maltað **hveiti**, salt, maltað **bygg**, mjölmeðhöndlunarefni (E300), ger, malt extrakt (úr **byggi**), súrdeigsduft úr **hveiti** (**hveiti**, gerlar), dextrósi, **hveitiglúten**, bindiefni (E472e, E491), ensím, kekkjarvarnarefni (E535) | G5: Glúten | H5: Gæti innihaldið snefil af sesamfræjum | I5: https://gaedabakstur.is/vara/solkjarnabraud/ | J5: 311 | K5: 10.8 | L5: 1.3 | M5: 40.3 | N5: 1.7 | O5: 10.5 | P5: 1.1 | Q5: 4.7 | R5: 500 g.
A6: Beyglur fínar KS(48) | B6: Beyglur fínar KS(48) | C6: Myllan | D6: 3413 | E6: Brauð / Frystar | F6: **hveiti**, vatn, sykur, maltað mjöl (**bygg**, **hveiti**), salt, ger, óvirkt þurrger, ýruefni (E472e), repjuolía, mjölmeðhöndlunarefni (E300), ensím. | G6: Glúten (hveiti, bygg) | H6: Framleitt á svæði þar sem unnið er með sesamfræ, mjólk, egg, lúpínu, soja | I6: https://www.myllan.is/is/vorulinur/frosin-pokkud-vara/beyglur-finar | J6: 257 | K6: 0.9 | L6: 0.2 | M6: 51 | N6: 2.6 | O6: 9.4 | P6: 1.5 | Q6: 2.4 | R6: 95 g/stk, 48 stk.
A7: Heilkornasamlokubrauð stórt | B7: Heilkornasamlokubrauð stórt | C7: Myllan | D7: 1036 | E7: Brauð | F7: Vatn, heilkorna **HEILHVEITI** 17%, heilkorna **RÚGMJÖL** 17%, **hveiti**, **HVEITIGLÚTEN**, **HVEITIFLÖGUR**, **RÚGMJÖL**, þurrkað súrdeig (**RÚGUR**, súrdeigsgerlar), **HVEITIKURL**, ger, maltextrakt (**bygg**), repjuolía, salt, þykkingarefni (E415), sýrustillir (E262), ýruefni (E471, E472e), þurrkað súrdeig (**hveiti**, súrdeigsgerlar), mjölmeðhöndlunarefni (E300) | G7: Glúten (hveiti, rúgur, bygg) | H7: Framleitt á svæði þar sem unnið er með sesamfræ, egg, mjólk og lúpínu | I7: https://www.myllan.is/is/vorulinur/samlokubraud/heilkornasamlokubraud-stort | J7: 244 | K7: 2.9 | L7: 0.6 | M7: 37 | N7: 1.6 | O7: 14 | P7: 1 | Q7: 6.6 | R7: 1000 g.
A8: Heimilisbrauð 1/1 | B8: Heimilisbrauð 1/1 | C8: Myllan | D8: 1023 | E8: Brauð | F8: **Hveiti**, vatn, **HVEITIKURL**, repjuolía, ger, salt, **HVEITITREFJAR**, mjölmeðhöndlunarefni (E300), ýruefni (E481) | G8: Glúten (hveiti) | H8: Framleitt á svæði þar sem unnið er með sesamfræ, mjólk, egg og lúpínu | I8: https://www.myllan.is/is/vorulinur/samlokubraud/heimilisbraud-heilt | J8: 250 | K8: 2.7 | L8: 0.4 | M8: 45 | N8: 0.3 | O8: 9 | P8: 1.4 | Q8: 3.1 | R8: 770 g.
A9: Lífskornabrauð m/ tröllahöfrum og chia | B9: Lífskornabrauð m/ tröllahöfrum og chia | C9: Myllan | D9: 1063 | E9: Brauð | F9: Vatn, **TRÖLLAHAFRAR** 21%, heilkorna **HEILHVEITI** 16%, **hveiti**, **HVEITIGLÚTEN**, **RÚGMJÖL**, þurrkað súrdeig (**RÚGUR**, súrdeigsgerlar), **HVEITIKURL**, ger, chia fræ 1% (Salvia hispanica), maltextrakt (**bygg**), repjuolía, joðbætt salt, þykkingarefni (E415), sýrustillir (E262), ýruefni (E471, E472e), mjölmeðhöndlunarefni (E300) | G9: Glúten (tröllahafrar, heilhveiti, hveiti, rúgur, bygg) | H9: Framleitt á svæði þar sem unnið er með sesamfræ, egg, mjólk og lúpínu | I9: https://www.myllan.is/is/vorulinur/vegan-vorur/lifskorn-trollahafrar-chiafrae | J9: 241 | K9: 4.3 | L9: 0.8 | M9: 33 | N9: 1.2 | O9: 14 | P9: 0.9 | Q9: 6.8 | R9: 450 g. Vegan.
A10: Hvítlauksbrauð / baguette | B10: Hvítlauksbrauð / baguette | C10: Myllan | D10: 4280 | E10: Brauð / Frystar | F10: Mjöl (**hveiti**, maltað **hveiti**), vatn, smjör (**mjólk**), jurtafita (pálma), jurtaolía (repju), joðbætt salt, ger, hvítlaukur 0,6%, laukduft, ýruefni (E472e, E471, sólblómalesitín), sýrustillir (E341, E450, E330), óvirkt ger, steinselja, salt, þykkingarefni (E412), bragðefni, þráavarnarefni (E300), ensím | G10: Glúten (hveiti), mjólk | H10: Getur innihaldið snefil af eggjum, soja, sinnepi og sesamfræjum. | I10: https://drive.google.com/file/d/1ISY9dqVNVBuKMul2k8e0kwwb7vSrJhlW/view | J10: 305 | K10: 14 | L10: 6.4 | M10: 37 | N10: 0.8 | O10: 6.6 | P10: 1.5 | Q10: 1.9 | R10: 175 g/stk.
A11: Dökkt súrdeigsbrauð (Skanörgrova) | B11: Dökkt súrdeigsbrauð (Skanörgrova) | C11: Pågen | D11: 1003 | E11: Brauð | F11: Vatn, **hveiti**mjöl, súrdeig úr **hveiti**korni (13%), heilkorna**hveiti**mjöl, dinkel**hveiti**mjöl, muldir heilkornakjarnar úr dinkel**hveiti**, **hafra**grjón, skolað heilkorna**hafra**mjöl, **hveiti**glúten, heilkorna**rúg**mjöl, **hafra**trefjar, kaldpressuð repjuolía (1%), gul hörfræ, sykur, ger, malt úr **byggi** og **hveiti**, salt. | G11: Glúten (hveiti, rúg, hafrar, bygg) | I11: https://drive.google.com/file/d/1_xC3btJzq-zmdaQHqlJ0_0EY7KwFaCqs/view | J11: 308 | K11: 7.8 | L11: 0.8 | M11: 48 | N11: 9.1 | O11: 10 | P11: 1.4 | Q11: 6
A12: Ljóst súrdeigsbrauð (LantGoda) | B12: Ljóst súrdeigsbrauð (LantGoda) | C12: Pågen | D12: 1004 | E12: Brauð | F12: Vatn, **hveiti**mjöl, súrdeig úr **hveiti** (13%), heilkorna**hveiti**mjöl, dinkel**hveiti**mjöl, muldir heilkornakjarnar úr dinkel**hveiti**, **hafra**grjón, skolað heilkorna**hafra**mjöl, **hveiti**glúten, heilkorna**rúg**mjöl, **hafra**trefjar, kaldpressuð repjuolía (1%), gul hörfræ, sykur, ger, malt úr **byggi** og **hveiti**, salt. | G12: Glúten (hveiti, rúg, hafrar, bygg) | I12: https://drive.google.com/file/d/1aObopp1C2qlx3QieZ3phPb3MzLNGDVZz/view | J12: 262 | K12: 3 | L12: 0.4 | M12: 45 | N12: 4.1 | O12: 11 | P12: 0.9 | Q12: 5 | R12: 650 g.
A13: Hrökkbrauð – Spelt | B13: Hrökkbrauð – Spelt | C13: Burger Knäcke | E13: Hrökkbrauð | F13: Heilkorna**rúg**mjöl, **spelt**flögur (**hveiti**), heilkorna**spelt**mjöl (**hveiti**), salt. | G13: Glúten (rúg, spelt (hveiti)) | H13: Getur innihaldið snefil af sesam, mjólk og öðrum glútentegundum | I13: https://drive.google.com/file/d/1z4yQiAT8epMbEaAPA9lsAZjC7K1VKYth/view | J13: 324 | K13: 1.6 | L13: 0.3 | M13: 59 | N13: 1.8 | O13: 8.6 | P13: 1.3 | Q13: 21 | R13: 250 g.
A14: Heilhveitikex (HAUST Graham) | B14: Heilhveitikex (HAUST Graham) | C14: Continental Bakeries | D14: 307242 | E14: Kex | F14: **Hveiti**mjöl, heilkorna **hveiti**mjöl 30%, sykur, jurtafita (pálma), lyftiefni (ammoníumkarbónöt, natríumkarbónöt), salt, bragðefni. | G14: Glúten (hveiti) | H14: Getur innihaldið snefil af hnetum og sesam | I14: https://docs.google.com/document/d/1hSm-4pt3r15YYOeuqlWMbkkVgdKc8cwt0qPlCRs1ssM/edit | J14: 478 | K14: 20.8 | L14: 10.5 | M14: 62.4 | N14: 22.7 | O14: 8 | P14: 1.1 | R14: 225 g.
A15: Horn / Mini croissant 25g | B15: Horn / Mini croissant 25g | C15: Neuhauser | D15: 401262 | E15: Bakkelsi / Frystar | F15: **Hveiti**mjöl, vatn, **smjör** 18%, ger, sykur, **egg**, salt, **hveiti**glúten, maltað **hveiti**mjöl, óvirkt ger, mjölmeðhöndlunarefni (askorbínsýra E300), ensím. | G15: Glúten (hveiti), mjólk (smjör), egg | I15: https://drive.google.com/file/d/1DNHhTRSDQjq03Ewnj0fn_Ex30mAnbK52/view | J15: 308 | K15: 15 | L15: 9.2 | M15: 36 | N15: 5.4 | O15: 6.8 | P15: 1 | Q15: 1.4 | R15: 25 g/stk.
A16: Skólabollur | B16: Skólabollur | C16: Myllan | D16: 3651 | E16: Brauð / Frystar | F16: Vatn, heilkorna **rúg**mjöl 20%, heilkorna **hveiti**mjöl 17%, **hveiti**mjöl, **hveiti**glúten, **rúg**mjöl, þurrkað súrdeig (**rúg**, súrdeigsgerlar), **hveiti**kurl, ger, maltextrakt (**bygg**), repjuolía, joðbætt salt, þykkingarefni (E415), sýrustillir (E262), ýruefni (E471, E472e), mjölmeðhöndlunarefni (E300), maltað **hveiti**. | G16: Glúten (rúgur, hveiti, bygg) | H16: Framleitt á svæði þar sem unnið er með sesamfræ, egg, mjólk og lúpínu | I16: https://drive.google.com/file/d/14DAgTI18dATCiMOlGqGBlT2S4QVgoDrD/view | J16: 221 | K16: 2.8 | L16: 0.5 | M16: 34 | N16: 1.4 | O16: 11 | P16: 1.1 | Q16: 6.4
A17: Organic Crystal Sourdough Bun | B17: Organic Crystal Sourdough Bun | C17: Europastry | D17: 69393 | E17: Brauð / Frystar | F17: **Hveiti**mjöl*, vatn, heilkorna **hveiti**súrdeig 4%, ger*, extra virgin ólífuolía 1,3%*, salt, **bygg**maltmjöl*, **hveiti**glúten*. | G17: Glúten (hveiti, bygg) | H17: Getur innihaldið snefil af soja, egg, mjólk, sesam, sinnep | I17: https://drive.google.com/file/d/1_7-lapfB0IXWi_NgfdgjTejZibfQdUt4/view | J17: 242 | K17: 2.5 | L17: 0.4 | M17: 44 | N17: 0.6 | O17: 9.4 | P17: 1.3 | Q17: 1.8
A18: Rúnstykki Kaiserbrauð 60g | B18: Rúnstykki Kaiserbrauð 60g | C18: Diversi Foods | D18: 65 | E18: Brauð / Frystar | F18: Hveitimjöl, vatn, ger, salt, repjuolía, glúkósi. | G18: Glúten (hveiti) | H18: Getur innihaldið snefil af mjólk, eggjum, soja, hnetum og sesam. | I18: https://drive.google.com/file/d/1tiAWMsBCjkJpvqLl-JZapnAJqJ3ldR3x/view | J18: 267 | K18: 2.4 | L18: 0.4 | M18: 51.1 | N18: 0.5 | O18: 8.9 | P18: 1.625 | Q18: 2.3
A19: Heilkornastykki | B19: Heilkornastykki | C19: OJK | D19: PAG-13103 | E19: Brauð / Frystar | F19: Vatn, heil**hveiti**, **hveitimjöl**, brotin **rúgur**, súrdeig úr **hveiti**, **hveitiglúten**, **heilhveiti**, **durumhveiti**, ger, sólblómafræ, epli, kaldpressuð repjuolía, hörfræ, **bygg**malt, sykur, sýrustillir (sítrónusýra), salt. | G19: Glúten (hveiti, rúgur) | I19: https://verslun.ojk-isam.is/vara/PAG-13103 | J19: 270 | K19: 5.2 | L19: 0.7 | M19: 40 | N19: 2.6 | O19: 12 | P19: 0.99 | Q19: 6
A20: Hönö Skärgårdskaka | B20: Pólarbrauð | C20: Pågen | D20: 1186 | E20: Brauð / Frystar | F20: **Hveiti**mjöl, vatn, sykur, sigtað **rúg**mjöl, repjuolía, heilkorna **rúg**mjöl, **hveiti**glúten, heilkorna **hveiti**mjöl, ger, jurtaýruefni, lyftiefni (hjartarsalt), malt úr **byggi**, salt. | G20: Glúten (hveiti, rúgur, bygg) | I20: https://drive.google.com/file/d/1wQ6Aj25cbHnFwYYRVBbBoa0ceJotW3tK/view | J20: 296 | K20: 4.5 | L20: 0.5 | M20: 52 | N20: 9.7 | O20: 9.1 | P20: 0.8 | Q20: 3.3
A21: Arna skyr vanillu | B21: Arna skyr vanillu | C21: Arna / MS | E21: Mjólkurvörur | F21: **Mjólk**, sykur (5.0%), maíssterkja, vanilluþykkni (0,1%), vanillukorn, sítrónusafi, skyrgerlar, laktasi. | G21: Mjólk | I21: https://drive.google.com/file/d/1yzNdxeJqQSbLVXSF15Oeij4m2PUBv2GA/view | J21: 78 | K21: 0.3 | L21: 0.2 | M21: 7.9 | N21: 7.9 | O21: 11 | P21: 0.1 | R21: 1 kg.
A22: Heimilis grjónagrautur | B22: Heimilis grjónagrautur | C22: Matarstræti | D22: 400208 | E22: Grautar | F22: **Mjólk**, hrísgrjón(12%), sykur, salt. | G22: Mjólk | I22: https://drive.google.com/file/d/1Q4ZfVecv6vttdWG8fU0WA-1aeEo59cEB/view | J22: 91 | K22: 3 | L22: 1.6 | M22: 14 | N22: 4.6 | O22: 3 | P22: 0.5 | R22: 2 kg.
A23: Oatly iMat Fraiche | B23: Oatly iMat Fraiche | C23: Oatly | D23: 61529 | E23: Rjómi | F23: Gerjaður hafragrunnur (vatn, hafrar 10%), repjuolía, fullhertar jurtaolíur (kókos, repju), kartöflusterkja, ýruefni (E472e), bindiefni (E407), sýrur (eplasýra, mjólkursýra), kalsíumkarbónat, kalsíumfosföt. | I23: https://docs.google.com/document/d/1vtp7UoMhU2kAQ80lddgVvUUhOoVTIYypmLZ4XRd5l3E/edit | J23: 177 | K23: 15 | L23: 6.4 | M23: 9.1 | N23: 4.1 | O23: 1 | P23: 0 | Q23: 1 | R23: 200 ml.
A24: Debic Vegan Top | B24: Debic Vegan Top | C24: FrieslandCampina | D24: 1180281 | E24: Rjómi | F24: Vatn (64%), jurtaolía (29%) (pálmakjarni, pálmi), þurrkað glúkósasíróp (5%), umbreytt sterkja, salt, bindiefni (E339, gellangúmmí), ýruefni (lesitín, E435, E472b), litarefni (karótín), náttúruleg bragðefni. | G24: Engir skráðir | I24: https://drive.google.com/file/d/1VkCiTqPDw5l0voO-OiMPXkFvU-St0eZv/view | J24: 295 | K24: 30 | L24: 25 | M24: 6.2 | O24: 0 | P24: 0.1 | Q24: 0 | R24: 5 L Bag-in-Box.
A25: Ali brauðskinka 62% | B25: Ali brauðskinka 62% | C25: Síldar og Fiskur | E25: Kjöt | F25: Grísakjöt (62%), vatn, kartöflumjöl, **sojaprótein**, salt, þrúgusykur, bindiefni (E451), þráavarnarefni (E301, E330), gerextrakt, þykkingarefni (E410, E407), bragðefni, rotvarnarefni (E270, E250) | G25: Soja | I25: https://docs.google.com/document/d/1tYCZIN-9wdHVdNDDkGYzBt6KHJktVy-txKVoBoCKeKQ/edit | J25: 122 | K25: 5.9 | L25: 2.4 | M25: 3.6 | N25: 1.6 | O25: 13.4 | P25: 2.7
A26: Ali kjúklingapylsur | B26: Ali kjúklingapylsur | C26: Síldar og Fiskur | E26: Kjöt | F26: Kjúklingakjöt 58%, kjúklingaskinn 24%, vatn, salt, krydd (**sinnep**, hvítlaukur), gerextrakt, bragðefni, rotvarnarefni (E250) | G26: Sinnep | I26: https://drive.google.com/file/d/1YjhRYrqRfXtv7LqVwi1Ut5s0ZlUPbbqk/view | J26: 173 | K26: 13.4 | L26: 4.8 | M26: 0.3 | N26: 0.3 | O26: 13.7 | P26: 2.8
A27: Kjúklingabollur 5 kg | B27: Kjúklingabollur 5 kg | C27: Matfugl | D27: 174170 | E27: Kjöt / Frystar | F27: Kjúklingaleggjakjöt, kartöflusterkja, vatn, **soja**prótein, salt, þurrkað grænmeti (laukur, hvítlaukur, paprika), bragðefni (**soja**), krydd (**sinnep**), þrúgusykur, **hveiti**prótein, gerextrakt, litarefni (E160c), krydd, ger, repjuolía, fosfat (E450) | G27: Hveiti, soja, sinnep | I27: https://drive.google.com/file/d/1YThV-MnjJNGCpLCeYQojXy09zGYF6MrY/view | J27: 177 | K27: 9 | L27: 1.8 | M27: 7 | N27: 0.9 | O27: 17 | P27: 1.8
A28: Kjúklingaborgarar í cornflakes | B28: Kjúklingaborgarar í cornflakes | C28: Matfugl | D28: 174311 | E28: Kjöt / Frystar | F28: Kjötfylling (79%) (Kjúklingakjöt, vatn, **soja**prótein, salt, krydd, gerþykkni, laukur), Brauðhjúpur (**hveiti**, maís, vatn, sykur, salt, maltað **bygg** extrakt), repjuolía. | G28: Hveiti, soja, bygg | I28: https://drive.google.com/file/d/1eikdCgUrXnNjx_B4w2fUH_3E5nIrr0Kz/view | J28: 237 | K28: 13 | L28: 4.7 | M28: 14 | N28: 1.1 | O28: 16 | P28: 1.5
A29: kjúklinga Lærakjöt Rodizio | B29: kjúklinga Lærakjöt Rodizio | C29: Matfugl | D29: 171481 | E29: Kjöt | F29: Úrbeinuð skinnlaus kjúklingalæri (83%), vatn, salt, jurtaolía, sykur, mango chutney, ávaxtaþykkni, sýrustillir (E500), krydd reykbragðefni, rotvarnarefni (E262), þráavarnarefni (E320) | I29: https://drive.google.com/file/d/111MXMHumSNCo1SX0OgN5_iw4ol6nI6Y0/view | J29: 206 | K29: 10 | L29: 1.8 | M29: 4 | N29: 3.3 | O29: 25 | P29: 3.2
A30: Kjúklingalæri úrbeinuð | B30: Kjúklingalæri úrbeinuð | C30: Danpo | D30: 844014 | E30: Kjöt / Frystar | F30: Úrbeinað og skinnlaust kjúklingalæri 80%, vatn 19%, salt, sykur, þráavarnarefni (E331, E301), sýrustillir (E262). | I30: https://drive.google.com/file/d/1GO4O3alIJnHNWfA6fdAD_SVmAdbBm5wZ/view | J30: 137 | K30: 9 | L30: 2.3 | O30: 14 | P30: 0.8
A31: NOL Kindakæfa 200g | B31: NOL Kindakæfa 200g | C31: Kjarnafæði | D31: 70519 | E31: Kjöt | F31: Lambakjöt 80%, kjötsoð, laukduft, salt, pipar. | I31: https://docs.google.com/document/d/1LXzsuB69-IC_oRxF1lHfWTuKdnHk4OhCG33dUGHUGSs/edit | J31: 264 | K31: 24 | L31: 12 | M31: 1 | N31: 0 | O31: 11 | P31: 2.1 | Q31: 0
A32: Lifrarpylsa án mjólkur, soðin | B32: Lifrarpylsa án mjólkur, soðin | C32: Kjarnafæði | D32: 59804 | E32: Kjöt | F32: Lambalifur 32%, lambamör, **RÚGMJÖL**, **HAFRAMJÖL**, vatn, salt. | G32: Glúten (RÚGMJÖL, HAFRAMJÖL) | I32: https://docs.google.com/document/d/1dqgFZjSbMdctBpuTsZ86-uVkLNdvEtPTC6Kh8455--Y/edit | J32: 401 | K32: 32.7 | L32: 16.6 | M32: 15.7 | N32: 0.3 | O32: 10.3 | P32: 1 | Q32: 3.8
A33: Dönsk lifrarkæfa | B33: Dönsk lifrarkæfa | C33: Kjarnafæði | E33: Kjöt | F33: Grísalifur og kjöt 80%, vatn, laukur, salt, kartöflumjöl, **soja**prótein, krydd, vatnsrofið jurtaprótein, repjuolía, maísprótein, jurtafita (pálma), þrúgusykur, rotvarnarefni (E250), þráavarnarefni (E315, E316, E330), bindiefni (E450, E451) | G33: Soja | I33: https://docs.google.com/document/d/1iXvC7kN0wGPam-zMk0XlcLESdw9tCpSF14EDgGArP38/edit | J33: 384 | K33: 29.3 | L33: 14.7 | M33: 2.4 | N33: 0.2 | O33: 12.8 | P33: 1.7 | Q33: 0.2
A34: Ýsa í raspi | B34: Ýsa í raspi | C34: Hafið | D34: 1164 | E34: Fiskur | F34: Ýsa, raspur (**hveiti**, vatn, ger, salt, litarefni (E100, E160b)), hjúpur (**hveiti**, **glúten**, salt, umbreytt **hveiti**sterkja). | G34: Fiskur, hveiti, glúten | I34: https://docs.google.com/document/d/1mrPTXRk_Pt2msU-ckh0eoh4oUCEKrI5g/edit | J34: 125 | K34: 1 | L34: 0.3 | M34: 11 | N34: 0.2 | O34: 18 | P34: 0.7
A35: Ýsa í tandoori | B35: Ýsa í tandoori | C35: Hafið | D35: 0 | E35: Fiskur | F35: Ýsa, marinering (vatn, repjuolía, pipar, engifer, kóríander, kúmen, chili, salt, sítrónusafi, sykur, rauðrófuduft, náttúruleg bragðefni, þykkingarefni xantangúmmí E415, þurrkaður hvítlaukur, rotvarnarefni kalíumsorbat E202). | G35: Fiskur (ýsa) | I35: https://drive.google.com/file/d/13AmWc24B7lw4yM7QnWS-el6FVT-PU7Ty/view | J35: 114 | K35: 5.9 | L35: 0.5 | M35: 1.8 | N35: 1.2 | O35: 13 | P35: 0.8 | Q35: 0.6
A36: Ýsa nætursöltuð | B36: Ýsa nætursöltuð | C36: Hafið | E36: Fiskur | F36: Ýsa, salt. | G36: Fiskur | I36: https://docs.google.com/document/d/16XSSnVUJ3h_-jINvQvjLPJxqQDm3-XJQ/edit | J36: 61 | K36: 1 | L36: 0 | M36: 0 | N36: 0 | O36: 14 | P36: 3
A37: Fiskibollur án glúten | B37: Fiskibollur án glúten | C37: Norðanfiskur | D37: 9060 | E37: Fiskur / Frystar | F37: **Þorskur**, laukur, kartöflumjöl, umbreytt sterkja, jurtatrefjar, **soja**prótein, laukduft, salt, bindiefni (E451), hvítur pipar repjuolía. | G37: Fiskur, soja | I37: https://drive.google.com/file/d/1su1X4NqQ06JKbPrLHqbYVzuDSI9b-_ZY/view | J37: 125 | K37: 1.3 | L37: 0.1 | M37: 14.2 | N37: 0.7 | O37: 14.1 | P37: 1.4
A38: Kentuckyhjúpaðir ýsubitar | B38: Kentuckyhjúpaðir ýsubitar | C38: Norðanfiskur | D38: 9174 | E38: Fiskur / Frystar | F38: Ýsa (70%), vítamínbætt **hveiti**, vatn, **hveitisterkja**, gerþykkni, salt, hvítlauksduft, laukduft, lyftiefni (E503(II)), **hveitiglúten**, hrísgrjónamjöl, pipar, þrúgusykur, sýra (E330), **sellerí**fræ, sykur, krydd, repjuolía. | G38: Fiskur (ýsa), Glúten (hveiti), Sellerí | I38: https://docs.google.com/document/d/1nPfU8Vp8xiyfhIt3illeInciLtmTNm2bGwro_9ZVWlk/edit | J38: 122 | K38: 1.5 | L38: 0.2 | M38: 12.4 | N38: 0.7 | O38: 14.7 | P38: 0.6
A39: Anamma Vegan Nuggets Pea | B39: Anamma Vegan Nuggets Pea | C39: Anamma | D39: 454071477 | E39: Plantabasað / Frystar | F39: Vatn, baunaprótein(17%), repjuolía, glútenlaus raspur (hrísgrjónamjöl, kjúklingabaunamjöl, maíssterkja, salt, dextrósi), hrísgrjónamjöl, maíssterkja, laukur, salt, náttúruleg bragðefni (paprika, kóríander, múskat), bindiefni (metýlsellulósi) | H39: Getur innihaldið snefil af soja | I39: https://docs.google.com/document/d/1hD7vfcvl0f75johYoY3PnnS548AlpCDkNKyTSEnJezk/edit | J39: 256 | K39: 17 | L39: 1.2 | M39: 14 | N39: 0 | O39: 12 | P39: 1.2 | R39: 3 kg. Vegan.
A40: BBQ Oumph! (Pulled) | B40: BBQ Oumph! (Pulled) | C40: LiveKindly | D40: 1407 | E40: Plantabasað / Frystar | F40: Sojaprótein 54,3% (vatn, sojapróteinþykkni), grillsósa 45,7%. | G40: Soja (sojabaunir) | I40: https://drive.google.com/file/d/1ny7Hc5Bb9td7Jjuz8iDeeFNvGw0ASEur/view | J40: 115 | K40: 0.7 | L40: 0.1 | M40: 11 | N40: 9.4 | O40: 14 | P40: 1.5 | Q40: 4.7 | R40: 2 kg.
A41: Asískar grænmetisbollur | B41: Asískar grænmetisbollur | C41: Avita | D41: 8808 | E41: Plantabasað / Frystar | F41: Grænmeti (gulrætur, hvítkál, bambus, paprika, svartir sveppir, blaðlaukur, laukur, sykurbaunir) 40,5%, hrísgrjón 35%, repjuolía, kartöfluflögur, baunasterkja, döðlur 3%, sólblómaolía, krydd, salt, sykur, steinselja, kartöflusterkja, bindiefni (hýdroxýprópýl metýlsellulósi) | I41: https://drive.google.com/file/d/1apWuKGpcNAqp6PlmDeLj6QCa3EUrWc9L/view | J41: 182 | K41: 7.5 | L41: 0.8 | M41: 24.7 | N41: 5.3 | O41: 1.9 | P41: 1.4 | R41: ~25 g/stk.
A42: Falafel bollur Funky Harissa | B42: Falafel bollur Funky Harissa | C42: Salomon FoodWorld | D42: 8530200 | E42: Plantabasað / Frystar | F42: Kjúklingabaunir (33%), kartöflur, **hveiti**mjöl, kjúklingabaunamjöl, vatn, paprika (5%), gulrætur, þurrkaðir tómatar (3%), laukur, piparþykkni, repjuolía, krydd, svart kúmen, hvítlaukur, maísmjöl, salt, chili, kryddþykkni, sýra (sítrónusýra), tómatþykkni, **hveiti**sterkja, kryddjurtir, lyftiefni (dífosföt, natríumkarbónöt) | G42: Glúten (hveiti) | I42: https://drive.google.com/file/d/1Y-R-GvIw5gcBuCYDUT2F0S5nKyBx43UH/view | J42: 222 | K42: 7.4 | L42: 0.9 | M42: 28 | N42: 3.6 | O42: 7.6 | P42: 1.1 | Q42: 6.5 | R42: 1 kg. Vegan.
A43: Garden Gourmet Vegan Nuggets | B43: Garden Gourmet Vegan Nuggets | C43: Nestlé Professional | D43: 12608135 | E43: Plantabasað / Frystar | F43: Endurvökvað **hveiti**prótein 40,9%, raspur 17% (**hveiti**mjöl, salt, ger, repjuolía), vatn, jurtaolíur (repja, sólblómaolía), **hveiti**mjöl, baunaprótein, sýrustillir (buffrað edik), bindiefni (metýlsellulósi), **hveiti**glúten 1,7%, náttúruleg bragðefni, sterkja, sítrustrefjar, salt, bambustrefjar, laukduft, hvítur pipar, **soja**sósa (**sojabaunir**, **hveiti**, salt) | G43: Glúten (hveiti), soja | H43: Getur innihaldið snefil af eggjum. | I43: https://drive.google.com/file/d/1_5EjaAcN-dT9_KQ7b3yra7RVnqiPPeaS/view | J43: 238 | K43: 13.4 | L43: 1.6 | M43: 13.3 | N43: 1.7 | O43: 13.6 | P43: 1.1 | Q43: 5.1 | R43: 2 kg. Vegan.
A44: Marrakesh pottréttur | B44: Marrakesh pottréttur | C44: Álfasaga / Móðir Náttúra | D44: 816 | E44: Plantabasað / Frystar | F44: Tómatar, kjúklingabaunir, laukur, gulrætur, sætar kartöflur, eplasafi, blómkál, repjuolía, döðlur, limesafi (inniheldur **SÚLFÍÐ**), paprikamauk, hvítlaukur, salt, kóríander, chilimauk, grænmetiskraftur, kúmen, engifer, túrmerik, svartur pipar, kanill. | G44: Súlfít, sellerí. | H44: Framleitt á svæði þar sem unnið er með hnetur | I44: https://docs.google.com/document/d/1lFUBZ6JnrNhmfGUHlIWLvOeyf8UZVP0UP7Z3nm8HOlw/edit | J44: 118 | K44: 4.5 | L44: 0.4 | M44: 13.5 | N44: 5.7 | O44: 3.8 | P44: 0.9 | Q44: 4 | R44: 2 x 2,5 kg.
A45: Vegan grjónagrautur | B45: Vegan grjónagrautur | C45: Í-MAT / Matarstund | D45: FH-20260127-01 | E45: Plantabasað | F45: Vegan rjómi (vatn, kókoskjarnaolía, pálmaolía, þurrkað glúkósasíróp, umbreytt sterkja, salt, stöðugleikaefni fosfat E339, gellangúmmí, ýruefni lesitín, E435, E472b, litarefni karótín, náttúrulegt bragðefni), vatn, hrísgrjón, sykur, salt. | G45: Engir skráðir | I45: https://drive.google.com/file/d/12DfeqymW1tAoO22_uIYQhTJKAtpxDRqo/view | J45: 74 | K45: 1.6 | L45: 0.3 | M45: 13 | N45: 1.2 | O45: 1.8 | P45: 0.4 | R45: ~10 L. Vegan.
A46: Oumph! Färs (hakk) | B46: Oumph! Färs (hakk) | C46: LiveKindly | D46: 600234 | E46: Plantabasað / Frystar | F46: Vatn, **soja**próteinþykkni 19%, repjuolía, kryddblanda (laukduft, salt, bragðefni, hvítlauksduft), hleypiefni (metýlsellulósi), litarefni sykurlitur ammoníakferli). | G46: Soja (sojabaunir) | I46: https://drive.google.com/file/d/17I0KWyblXTi11MUMbyMelwqAThnVoPX7/view | J46: 131 | K46: 7.2 | L46: 0.5 | M46: 1.4 | N46: 0.6 | O46: 13 | P46: 0.9 | Q46: 4.2
A47: Dehli koftas | B47: Dehli koftas | C47: Álfasaga / Móðir Náttúra | D47: 221 | E47: Plantabasað / Frystar | F47: BYGG, kartöflur, kjúklingabaunir, grænar baunir, chilimauk, tómatpúrra, kartöflumjöl, salt, engifer, kóríander, hvítlaukur. | G47: Glúten (bygg) | H47: Gæti innihaldið snefil af hnetum og sesam. | I47: https://innnes.is/tilbunir-rettir/graenkerarettir/mn-dehli-koftas-5kg/ | J47: 215 | K47: 2 | L47: 0.3 | M47: 36.9 | N47: 1.4 | O47: 8.4 | P47: 0.9 | Q47: 7.7 | R47: 5 kg.
A48: Grænmetisbollur | B48: Grænmetisbollur | C48: Álfasaga / Móðir Náttúra | D48: 220 | E48: Plantabasað | F48: Vatn, **BYGG**, kjúklingabaunir, sætar kartöflur, svartar baunir, laukur, kartöflur, baunaprótein, repjuolía, hvítlaukur, bindiefni, tómatpúrra, salt, basil, papríkukrydd, hvítur pipar, rósmarín. | G48: Glúten (bygg) | H48: Gæti innihaldið snefil af hnetum og sesam. | I48: https://drive.google.com/file/d/1PX_eU1Wgs2dzM0SbE9-EHWEIiCDqMv88/view | J48: 264 | K48: 7.8 | L48: 0.7 | M48: 29.9 | N48: 2.8 | O48: 13.3 | P48: 1.7 | Q48: 10.5
A49: Chiliborgari (Veganborgari) | B49: Chiliborgari (Veganborgari) | C49: Álfasaga / Móðir Náttúra | D49: 106 | E49: Plantabasað | F49: **BYGG**, kjúklingabaunir, fennel, kartöflur, kartöflumjöl, tómatpúrra, chilimauk 1%, salt, hvítlaukur, krydd (steinselja, timían, rósmarín, basilika, majoram, estragon, oreganó), kúmen, kóríander. | G49: Glúten (bygg) | H49: Getur innihaldið snefil af hnetum og sesam. | I49: https://drive.google.com/file/d/1YQru_x8azI1hqGirhRjm-Qm2o17OCDE0/view | J49: 272 | K49: 2.6 | L49: 0.4 | M49: 47.2 | N49: 1.3 | O49: 10.2 | P49: 0.9 | Q49: 9.5
A50: Quinoa Grænkálsbuff | B50: Quinoa Grænkálsbuff | C50: Ardo Austria Frost | D50: RLQ320V | E50: Plantabasað / Frystar | F50: Grænkál 17%, raspur 15% (**spelt**mjöl, poppað kínóa, sólblómaolía, salt, ger), forsoðið kínóa 13%, vatn, jurtaolía, kartöflur, gulrætur, ristaður laukur, **sojabaunir**, kartöfluflögur, **hveiti**mjöl, kryddblanda, sojasósa (vatn, salt, **sojabaunir**, **hveiti**), joðbætt salt, karríduft, hvítlauksduft, malað engifer, svartur pipar. | G50: Glúten (spelt, hveiti), soja. | I50: https://drive.google.com/file/d/1K9SR8AXu2Qag_F36czw5QGX4OuqCSj7q/view | J50: 212 | K50: 11.4 | L50: 1.3 | M50: 21.7 | N50: 1.9 | O50: 4.5 | P50: 1 | Q50: 2.5
A51: BL Garden Veg. Burger | B51: BL Garden Veg. Burger | C51: Bauernland / Frisch & Frost | D51: 5809 | E51: Plantabasað / Frystar | F51: Grænmeti (kartöflur, brokkolí, gulrætur, baunir), **hveiti**mjöl, sólblómaolía, **hveiti**semólína, laukur, borðsalt, sterkja, dextrósi, gerextrakt, ger, sykur, krydd, repjuolía, joðbætt salt, kryddjurtir. | G51: Glúten (hveiti). | I51: https://drive.google.com/file/d/16HV_oLt59KqpUADMnnBT6NSexgTGM5UJ/view | J51: 177 | K51: 8.3 | L51: 1 | M51: 20 | N51: 4 | O51: 3.8 | P51: 1.4 | Q51: 3.5
A52: Garden Gourmet Sensational Fillet | B52: Garden Gourmet Sensational Fillet | C52: Nestlé Professional | D52: 12589145 | E52: Plantabasað / Frystar | F52: Endurvökvað **soja**próteinþykkni 89,6%, vínedik, sólblómaolía, gerextrakt, bragðefni. | G52: Soja | H52: Getur innihaldið snefil af hveiti | I52: https://drive.google.com/file/d/1ETeaMDmW9SietlS1LO9OpNsUqOW79oWc/view | J52: 153 | K52: 4.7 | L52: 0.4 | M52: 1.2 | N52: 0.1 | O52: 22.5 | P52: 0.6 | Q52: 8
A53: Garden Gourmet Vegan Mince | B53: Garden Gourmet Vegan Mince | C53: Nestlé Professional | D53: 12592004 | E53: Plantabasað / Frystar | F53: Endurvökvað **soja**prótein 93,9%, sólblómaolía, **bygg**maltextrakt, laukduft, náttúruleg bragðefni, hvítlauksduft, salt, paprikuduft, svartur pipar, kúmen. | G53: Glúten (bygg), soja | I53: https://drive.google.com/file/d/1dLk5SlPKdYyJqdOZSX2ULLFV06BQ8Wyr/view | J53: 128 | K53: 2.5 | L53: 0.3 | M53: 1.8 | N53: 0.6 | O53: 21.2 | P53: 0.3 | Q53: 6.7
A54: Brunoise grænmetisblanda | B54: Brunoise grænmetisblanda | C54: Ardo | D54: MMB610 | E54: Grænmeti / Frystar | F54: Sellerírót (33%), gulrætur (32%), blaðlaukur (15%), **sellerí** (10%), laukur (10%) | G54: Sellerí | I54: https://drive.google.com/file/d/1GJCXmg1Vj2I1EBYaQMCFT7B1s7hEMNUD/view | J54: 26 | K54: 0.4 | L54: 0.1 | M54: 3.4 | N54: 2.9 | O54: 1 | P54: 0.1 | Q54: 2.5
A55: Grænmetisblanda - Country grill | B55: Grænmetisblanda - Country grill | C55: Ardo | D55: ESP_AC187 | E55: Grænmeti / Frystar | F55: Blandað Grænmeti: kartöflur, kúrbítur, eggaldin, laukur, papríka (græn, rauð og gul). Sólblómaolía. | H55: Framleitt á svæði þar sem unnið er með sellerí. | I55: https://drive.google.com/file/d/1yXrneQvgPYgKej8AvDXUQiRbl8MHsviy/view | J55: 99 | K55: 6 | L55: 0.8 | M55: 8.3 | N55: 3.9 | O55: 1.8 | P55: 0.1 | Q55: 2.5
A56: Country Grill grænmetisblanda | B56: Country Grill grænmetisblanda | C56: Ardo | D56: ESP_AC186 | E56: Grænmeti / Frystar | F56: Grilluð grænmeti: brokkólí 25%, kúrbítur 25%, eggaldin 20%, gul paprika 10%, rauð paprika 10%, laukur 10%, sólblómaolía. | I56: https://drive.google.com/file/d/1yXrneQvgPYgKej8AvDXUQiRbl8MHsviy/view | J56: 57 | K56: 2.4 | L56: 0.5 | M56: 5.2 | N56: 3.8 | O56: 2 | P56: 0.2 | Q56: 3.1
A57: Franskar Mydibel Classic 9/9 | B57: Franskar Mydibel Classic 9/9 | C57: Clarebout Potatoes | E57: Kartöflur / Frystar | F57: Kartöflur 97%, sólblómaolía 3%. Vinnsluhjálparefni (dextrósi, tvínatríumdífosfat). | I57: https://drive.google.com/file/d/1NTqzKXREB617l_w7DuQp8ELURiDGn_ti/view | J57: 120 | K57: 2.7 | L57: 0.4 | M57: 22.9 | O57: 2.2 | P57: 0.1 | Q57: 2.6
A58: Kartöflubátar (Potato Wedges) | B58: Kartöflubátar (Potato Wedges) | C58: Mydibel | E58: Kartöflur / Frystar | F58: Kartöflur 97%, sólblómaolía. | I58: https://vefverslun.ojk-isam.is/api/BlobForward/inline/ojkisam/189951b7.pdf | J58: 130 | K58: 3.8 | L58: 2.1 | M58: 20 | O58: 2.7 | P58: 0.1 | Q58: 2.7
A59: Creamy mashed potatoes | B59: Creamy mashed potatoes | C59: Agristo | D59: 304384 | E59: Grænmeti / Frystar | F59: Kartöflur (86,2%), **mjólk** (9,7%), smjörfita, salt, hvítur pipar. | G59: Mjólk | I59: https://drive.google.com/file/d/1Q5pHOTieK7b4Gy3bBGFnnGvU9GEQuRj9/view | J59: 104 | K59: 3.1 | L59: 1.9 | M59: 16 | O59: 2 | P59: 0.5 | Q59: 1.9
A60: Sweet Potato Rust Cut (Sætar kartöflur) | B60: Sweet Potato Rust Cut (Sætar kartöflur) | C60: Monliz España | D60: ME0062001 | E60: Grænmeti / Frystar | F60: Sætar kartöflur | I60: https://drive.google.com/file/d/1jCcWn6ueSY2iLASOI_k-MMXCXPZq0Hst/view | J60: 72 | K60: 0.1 | L60: 0 | M60: 15.2 | N60: 5.7 | O60: 1.4 | P60: 0.1 | Q60: 2.5
A61: Sætkartöflufranskar 12x12 | B61: Sætkartöflufranskar 12x12 | C61: Monliz España | D61: 310876 | E61: Kartöflur / Frystar | F61: Sætar kartöflur, sólblómaolía, umbreytt kartöflusterkja, kartöflusterkja, hrísgrjónamjöl, dextrín, salt, lyftiefni, kryddextrakt, þykkingarefni (xantangúmmí). | I61: https://drive.google.com/file/d/1xgwYiZu_C_2V0P9OxHTApaJcB72Op5Kt/view | J61: 141 | K61: 4.7 | L61: 0.6 | M61: 21 | N61: 11 | O61: 1.7 | P61: 0.1 | Q61: 3.7
A62: Rustic gulrætur frosnar | B62: Rustic gulrætur frosnar | C62: Ardo | D62: WAR610 | E62: Grænmeti / Frystar | F62: Gulrætur (Dökkappelsínugular gulrætur 60%, gular gulrætur 40%.) | I62: https://drive.google.com/file/d/1Ru8eNSpjSe2Mi5eKUfH_j3s1DvtXsERI/view | J62: 42 | K62: 0.3 | L62: 0.1 | M62: 7.9 | N62: 7.4 | O62: 0.6 | P62: 0.1 | Q62: 2.4
A63: Blómkál frosið | B63: Blómkál frosið | C63: Ardo | D63: BLG610 | E63: Grænmeti / Frystar | F63: Blómkál | I63: https://drive.google.com/file/d/1_7ul9uB97dD2-zXWYH8o_SDakGyLr6xe/view | J63: 31 | K63: 0.9 | L63: 0.2 | M63: 2.1 | N63: 1.8 | O63: 2.9 | P63: 0 | Q63: 1.6
A64: Fennel frosinn | B64: Fennel frosinn | C64: Ardo | D64: VEN610 | E64: Grænmeti / Frystar | F64: Fennika | I64: https://drive.google.com/file/d/13GbGHeuMDCDu9-4phkA2Gb6N7Glr04GZ/view | J64: 17 | K64: 0.2 | M64: 1.8 | N64: 1.7 | O64: 0.9 | P64: 0.5 | Q64: 2.3
A65: Forsteiktur laukur | B65: Forsteiktur laukur | C65: Ardo Violaines | E65: Grænmeti / Frystar | F65: Laukur (90%), repjuolía (10%). | I65: https://drive.google.com/file/d/1qe8jA8Hk6RxXOyfW7Bq4w_a_pNS4Nkx/view | J65: 114 | K65: 8.6 | L65: 1.1 | M65: 6.9 | N65: 3.9 | O65: 1.2 | P65: 0 | Q65: 1.9
A66: Gulrætur sneiðar | B66: Gulrætur sneiðar | C66: Ardo | D66: 10000087 | E66: Grænmeti / Frystar | F66: Gulrætur 100%. | I66: https://drive.google.com/file/d/13APRW8jntYMjPt7HJRphHh_x2ucJt07P/view | J66: 30 | K66: 0.4 | L66: 0.1 | M66: 4.4 | N66: 4.2 | O66: 0.6 | P66: 0.1 | Q66: 3.2
A67: Maísblanda frosið (Mexicana) | B67: Maísblanda frosið (Mexicana) | C67: Ardo | D67: 640 | E67: Grænmeti / Frystar | F67: Ristaður maís 37,5%, maís 37,5%, grilluð rauð paprika, rauðar nýrnabaunir, repju- og sólblómaolía, salt, maltódextrín, hvítlauksduft, paprikuduft, dextrósi, chiliduft, grænmetis- og kryddjurtaþykkni, náttúruleg bragðefni, reykbragðefni, ýruefni (E322). | I67: https://drive.google.com/file/d/1FvpEmwQsdGmSkvfKTkGrLJ6KcWtJdXjd/view | J67: 104 | K67: 2.7 | L67: 0.4 | M67: 15 | N67: 3.3 | O67: 3.2 | P67: 0.4 | Q67: 3.9
A68: Paprikuteningar litblandir | B68: Paprikuteningar litblandir | C68: Ardo | D68: PAB610 | E68: Grænmeti / Frystar | F68: Rauð paprika 33%, græn paprika 33%, gul paprika 34%. | I68: https://drive.google.com/file/d/1QGmtfKI6KgujDmJAjf3jLI_E6RxI24v2/view | J68: 28 | K68: 0.4 | L68: 0.1 | M68: 4.5 | N68: 4.3 | O68: 0.9 | P68: 0 | Q68: 1.6
A69: Rauðkál | B69: Rauðkál | C69: Samsø Syltefabrik | D69: 63771 | E69: Grænmeti | F69: Rauðkál, sykur, edik, salt, síróp, rifsberjasafi. | I69: https://drive.google.com/file/d/1Rqb9kj8tVDkHq7eyRPXcNpc6UUH_taBS/view | J69: 74 | K69: 0.5 | L69: 0.1 | M69: 17 | N69: 15 | O69: 1.3 | P69: 0.4 | Q69: 1.7
A70: Maukaðir tómatar | B70: Maukaðir tómatar | C70: Garri | D70: 3545 | E70: Hráefni | F70: Tómatar 100%. | I70: https://drive.google.com/file/d/1KpmvS2RLTpOgjAXxWnqkP5oIiiwt-ypx/view | J70: 28 | K70: 0.1 | L70: 0 | M70: 5 | N70: 3.4 | O70: 1.5 | P70: 0
A71: Brunoise mediterraín | B71: Brunoise mediterraín | C71: Ardo | D71: MBZ610 | E71: Grænmeti / Frystar | F71: Maukaðir tómatar 38%, kúrbítur 20%, eggaldin 20%, laukur 10%, rauð paprika 6%, græn paprika 6%. | I71: https://drive.google.com/file/d/1hoHE7x0fUgE5mqFNTDbqlU_Forp2DfIA/view | J71: 23 | K71: 0.3 | L71: 0.1 | M71: 3.3 | N71: 3 | O71: 1 | P71: 0 | Q71: 1.3
A72: Hrásalat, ferskt | B72: Hrásalat, ferskt | C72: Hollt og Gott | E72: Grænmeti | F72: Hvítkál (64%), gulrætur (13%), ananas, gúrka (8%), appelsínusósa (sykur, vatn, sítrónusýra E330, bragðefni, bindiefni E440, rotvarnarefni E202, E211) | I72: https://docs.google.com/document/d/1wzfHpIJLlAINpkJM8u1ciPeyE03C4UiG1IHvv9ZNC34/edit | J72: 50 | K72: 0.2 | L72: 0 | M72: 9.9 | N72: 9.7 | O72: 1 | P72: 0
A73: Hvítlauks aioli GARRI vegan 725 ml | B73: Hvítlauks aioli GARRI vegan 725 ml | C73: Kjarnavörur | D73: 12737 | E73: Sósur | F73: Repjuolía, vatn, hvítlaukur, **sinnep**, kryddblanda, sykur, umbreytt kartöflusterkja, salt, edik, rotvarnarefni (E260, E211, E202), **sinnep**sduft, sýra (E330), bindiefni (E415) | G73: Sinnep | I73: https://drive.google.com/file/d/12plSEq_gkegCbnbLks9oisLjM1HR3Ncx/view | J73: 519 | K73: 56 | L73: 3.6 | M73: 6 | N73: 4.1 | P73: 1.1
A74: Í MAT Karrísósa vegan 10 ltr | B74: Í MAT Karrísósa vegan 10 ltr | C74: Kjarnavörur | D74: 310008 | E74: Sósur | F74: Repjuolía, vatn, kryddblanda (**sinnep**sduft, krydd, sýra E330), karrí, hunangslíki, umbreytt kartöflusterkja, sykur, grænmetiskraftur, salt, rotvarnarefni (E202), bindiefni (E412) | G74: Sinnep | I74: https://drive.google.com/file/d/1RA_hEPDQMpqswOh6yfemnR-S_oqXCP2_/view | J74: 532 | K74: 57 | L74: 3.7 | M74: 5.9 | N74: 3 | P74: 1.2 | R74: 10 ltr.
A75: Í MAT Vegan kokteilsósa 10 ltr | B75: Í MAT Vegan kokteilsósa 10 ltr | C75: Kjarnavörur | D75: 310001 | E75: Sósur | F75: Repjuolía, tómatsósa, vatn, sinnep (edik, sinnepsduft, umbreytt maíssterkja, karrí, kryddblanda), eplaedik, umbreytt kartöflusterkja, sykur, salt, paprikuduft, rotvarnarefni (E202), broddkúmen, bindiefni (E412) | G75: Sinnep | I75: https://docs.google.com/document/d/1jjpLQLnejNxDdmA90ekhQ3HbNVINXitkS6-S1W5yeak/edit | J75: 448 | K75: 45 | L75: 2.9 | M75: 12 | N75: 9.9 | P75: 1.4 | R75: 10 ltr.
A76: Í MAT Vegan Hvítlaukssósa 10 ltr | B76: Í MAT Vegan Hvítlaukssósa 10 ltr | C76: Kjarnavörur | D76: 310004 | E76: Sósur | F76: Repjuolía, vatn, hvítlaukur, sinnep, kryddblanda (**sinnep**sduft, hvítur pipar, sýra E330), umbreytt kartöflusterkja, hvítvínsedik, sykur, salt, hvítlauksduft, rotvarnarefni (E202), bindiefni (E412) | G76: Sinnep | I76: https://docs.google.com/document/d/15t1-eFXH5rXaH6pTM_JrSsvUWFxMzyA_tsC46TAvUZ0/edit | J76: 557 | K76: 60 | L76: 3.9 | M76: 5.4 | N76: 3.6 | P76: 1.2 | R76: 10 ltr.
A77: Í MAT Vegan Pítusósa 10 ltr | B77: Í MAT Vegan Pítusósa 10 ltr | C77: Kjarnavörur | D77: 310002 | E77: Sósur | F77: Repjuolía, vatn, kryddblanda (rotvarnarefni E260, E211, **sinnep**sduft, hvítur pipar, sýra E330), **sinnep**, kryddblanda (maltódextrín, laukur, hvítlaukur, gerþykkni, þrúgusykur, paprika, rósmarín), umbreytt kartöflusterkja, sykur, salt, rotvarnarefni (E202), bindiefni (E412) | G77: Sinnep | I77: https://docs.google.com/document/d/1nA3JCNfbbdizhxrxbAWJ7D7toKma28ajUnIT5auLTCY/edit | J77: 574 | K77: 62 | L77: 4.1 | M77: 5.4 | N77: 3 | P77: 2.4 | R77: 10 ltr.
A78: Í MAT Vegan Remúlaði 10 ltr | B78: Í MAT Vegan Remúlaði 10 ltr | C78: Kjarnavörur | D78: 310003 | E78: Sósur | F78: Repjuolía, remúpúrra (29%), vatn, **sinnep** (edik, **sinnep**sduft, karrí, kryddblanda), súrsaðar gúrkur, kryddblanda (**sinnep**sduft, hvítur pipar, sýra E330), umbreytt kartöflusterkja, eplaedik, sykur, salt, rotvarnarefni (E202), bindiefni (E412) | G78: Sinnep | I78: https://docs.google.com/document/d/1zjTEk0jxzMyf_It1YdJ7mbPkOEWo3aspViRU-3l-10I/edit | J78: 400 | K78: 40 | L78: 2.6 | M78: 11 | N78: 8.4 | P78: 0.9 | R78: 10 ltr.
A79: Gunnars tómatsósa 10 L | B79: Gunnars tómatsósa 10 L | C79: Ora / Myllan | D79: T1150 | E79: Sósur | F79: Vatn, tómatpúrra (28%), sykur, síróp, salt, sýra (E260), rotvarnarefni (E211, E202), hvítlauksduft, bindiefni (E440), umbreytt sterkja, hvítur pipar. | H79: Framleitt á svæði þar sem unnið er með hveiti og sinnep. | I79: https://drive.google.com/file/d/1L4BZwFqqs3WnFek2GH_U6plw8x8YOyj8/view | J79: 97 | K79: 0.1 | L79: 0 | M79: 21.5 | N79: 18.2 | O79: 1.2 | P79: 2.5 | R79: 10 ltr.
A80: Vegan majó án glútens (Gunnars) | B80: Vegan majó án glútens (Gunnars) | C80: Ora / Myllan | D80: VM0025 | E80: Sósur | F80: Repjuolía, vatn, sætt **sinnep**, sítrónusafi, edik, salt, sykur, **sinnep**sduft, umbreytt sterkja, bindiefni (E415, E412), rotvarnarefni (E211, E202, E224 (**súlfít**) | G80: Sinnep, Súlfít | I80: https://drive.google.com/file/d/1KjkQCwuGJMExJqLEbLzxkI1dGCa0QEKA/view | J80: 628 | K80: 70 | L80: 5.2 | M80: 1.6 | N80: 0.9 | P80: 0.5
A81: Chunky Salsa Medium | B81: Chunky Salsa Medium | C81: Paulig / Santa Maria | D81: 4551 | E81: Sósur | F81: Tómatar (81%), laukur (8%), grænt chili, salt, maíssterkja, krydd og kryddjurtir (chilipipar, hvítlaukur, kúmen, cayennepipar, kóríander, oregano), jalapeño (0,6%), paprika, vínedik, límónusafi. | I81: https://docs.google.com/document/d/1Wi0y53Um6eC6Hmz4zSoG-n6D8zQfM-3TMTHa40nWiig/edit | J81: 33 | K81: 0 | L81: 0 | M81: 5.5 | N81: 4.8 | O81: 1.6 | P81: 1 | Q81: 1.9
A82: La Choy Sweet & Sour Sauce | B82: La Choy Sweet & Sour Sauce | C82: ConAgra / La Choy | D82: 4430012690 | E82: Sósur | F82: Vatn, sykur, eimað edik, umbreytt maíssterkja, salt, þurrkuð græn og rauð paprika, þurrefni úr maíssírópi, litarefni (E160c), þurrefni úr ananassafa. | I82: https://innnes.is/sosur/austurlenskar-sosur/la-choy-sursaetsosa-brusi-4x378kg/ | J82: 175 | K82: 0.3 | L82: 0.1 | M82: 42.3 | N82: 37.5 | O82: 0.2 | P82: 0.9 | Q82: 0.2
A83: Sauce tikka masala GT-CHEF | B83: Sauce tikka masala GT-CHEF | C83: GoldenTurtleForChefs | D83: 60486 | E83: Sósur | F83: Vatn, sykur, laukur, tómatmauk, sólblómaolía, salt, kóríanderduft, engifer, hvítlaukur, **sinnep**duft, sýrustillir (sítrónusýra E330), chili, kúmenduft, fenugreeklauf, svartur piparduft, kóríander, þráavarnarefni (E306). | G83: Sinnep | I83: https://drive.google.com/file/d/1psBkJzLFrs5mN4fj1wYpcBp884WsVURp/view | J83: 150 | K83: 5.9 | L83: 0.6 | M83: 22 | N83: 18 | O83: 1.4 | P83: 4.4 | Q83: 1.6
A84: BBQ sósa | B84: BBQ sósa | C84: Heinz | E84: Sósur | F84: Tómatmauk, vínedik, sykur, vatn, salt, umbreytt sterkja, melassi, reykbragðefni, krydd, kryddþykkni, jurtaþykkni (inniheldur **sellerí**), bragðefni, þykkingarefni (xantangúmmí) | G84: Sellerí | I84: https://drive.google.com/file/d/1UFkYyV3jcXOEsHtpc0Ds0-OjnPXgDxwI/view | J84: 123 | K84: 0 | L84: 0 | M84: 29 | N84: 25 | O84: 0.6 | P84: 3.1 | Q84: 0
A85: Knorr brún sósa (granulat) | B85: Knorr brún sósa (granulat) | C85: Knorr / Unilever | D85: 67453014 | E85: Soðkraftar | F85: Umbreytt sterkja, hrísgrjónamjöl, maltódextrín, sykur, bragðefni, salt, gerextrakt, ristaður laukur, sólblómaolía, litarefni (E150c), salvía. | I85: https://drive.google.com/file/d/1A544lje2nijReN8m6qcUAXHEHx-gg4OG/view | J85: 353 | K85: 3.7 | L85: 0.5 | M85: 72 | N85: 10 | O85: 7.8 | P85: 7.3 | Q85: 1.3
A86: Tómatsúpugrunnur (Oscar) | B86: Tómatsúpugrunnur (Oscar) | C86: Oscar A/S | D86: 296353 | E86: Soðkraftar | F86: Pálmafita, tómatduft (20,5%), umbreytt sterkja, sykur, salt, bragðefni, sterkja, repjuolía, laukduft, þurrkað glúkósasíróp, þykkingarefni (xantangúmmí (E415)), sýra (eplasýra, mjólkursýra), hvítur pipar. | I86: https://drive.google.com/file/d/1gXQWfHh3V0e6_ld44rbjCAR_HfS4zUFM/view | J86: 478 | K86: 29.4 | L86: 12.7 | M86: 47 | N86: 19.4 | O86: 4.8 | P86: 9.4 | Q86: 3.3
A87: Beef Gravy Mix (Essential Cuisine) | B87: Beef Gravy Mix (Essential Cuisine) | C87: Essential Cuisine | D87: SW00663 | E87: Soðkraftar | F87: Nautakraftur (vatn, nautakraftur, nautafeiti), umbreytt tapiókasterkja, bragðefni, salt, glúkósasíróp, sykur, hrísgrjónamjöl, litarefni (karamellusykur (E150)), kartöflusterkja, maísmjöl, repjuolía, maltódextrín, gerextrakt, jurt. | G87: Engir skráðir | I87: https://drive.google.com/file/d/11jqRSzJh7leUS4PuKUIUhIotkXlwSjlL/view | J87: 361 | K87: 8.6 | L87: 3.6 | M87: 65.3 | N87: 4 | O87: 5.6 | P87: 11.3 | Q87: 0.3
A88: Kjúklingakraftur Vegan (Essential Cuisine) | B88: Kjúklingakraftur Vegan (Essential Cuisine) | C88: Essential Cuisine | D88: SW00323 | E88: Soðkraftar | F88: Grænmetiskraftur (vatn, laukur, gulrótarsafi, tómatur, jurtaextrakt), glúkósasíróp, bragðefni, salt, gerextrakt, maltódextrín, sykur, sólblómaolía. | I88: https://drive.google.com/file/d/1fi5GSkdjIw1gerlBnue5jhr5DM-TDQfk/view | J88: 278 | K88: 1.3 | L88: 0.1 | M88: 52.6 | N88: 36.5 | O88: 13.8 | P88: 27 | Q88: 0.4
A89: Borðsalt | B89: Borðsalt | C89: Katla matvælaiðja | D89: 10232 | E89: Krydd | F89: Salt (salt, kekkjavarnarefni E535, lyftiefni E500). | H89: Framleitt á svæði þar sem unnið er með mjólk, glúten, egg, sesam, sellerí, soja og sinnep. | I89: https://drive.google.com/file/d/18_svh90eLQ1eSbJF3qr3eWDjhyhpL95Y/view | J89: 0 | K89: 0 | L89: 0 | M89: 0 | N89: 0 | O89: 0 | P89: 100
A90: Hvítlauksblanda Ört & Vitlökskrydda | B90: Hvítlauksblanda Ört & Vitlökskrydda | C90: Nordic Spice | D90: 30104 | E90: Krydd | F90: Salt, svartur pipar, hvítlaukur, paprikubitar, laukur, steinselja, dextrósi, timían, estragon. | H90: Framleitt á svæði þar sem unnið er með glúten, fisk, krabbadýr, lindýr, mjólk, soja, sellerí, sinnep og sesam. | I90: https://drive.google.com/file/d/1zCXy9QE-qppLvTnBDs7hEMNUD/view | J90: 178 | K90: 1.1 | L90: 0.3 | M90: 31 | N90: 4.7 | O90: 6.3 | P90: 51
A91: Hvítlauksduft (Vitlökspulver) | B91: Hvítlauksduft (Vitlökspulver) | C91: Nordic Spice | D91: 35049 | E91: Krydd | F91: Hvítlauksduft 100% | H91: Framleitt á svæði þar sem unnið er með glúten, fisk, krabbadýr, lindýr, mjólk, soja, sellerí, sinnep og sesam. | I91: https://drive.google.com/file/d/1MSRdefMEGeUCyN8gS7xeRyI53AOLv84-/view | J91: 385 | K91: 0.8 | L91: 0.1 | M91: 73 | N91: 24 | O91: 17 | P91: 0.1
A92: Svartur pipar, malaður | B92: Svartur pipar, malaður | C92: Nordic Spice | D92: 32004 | E92: Krydd | F92: Svartur pipar 100%. | H92: Framleitt á svæði þar sem unnið er með glúten, fisk, krabbadýr, lindýr, mjólk, soja, sellerí, sinnep og sesam. | I92: https://drive.google.com/file/d/16pABGxDAo2BQ5ZBD9aqSATzh85vQmJ63/view | J92: 386 | K92: 3.3 | L92: 1 | M92: 65 | N92: 0.6 | O92: 11 | P92: 0.1
A93: Oregano | B93: Oregano | C93: Nordic Spice | D93: 35101 | E93: Krydd | F93: Oregano 100%. | H93: Framleitt á svæði þar sem unnið er með glúten, fisk, krabbadýr, lindýr, mjólk, soja, sellerí, sinnep og sesam. | I93: https://drive.google.com/file/d/1NxDuZHxld5CsvYcJgTiXxTjuMJG7kwri/view | J93: 480 | K93: 10 | L93: 2.7 | M93: 64 | N93: 4.1 | O93: 11 | P93: 0
A94: Kanill, malaður | B94: Kanill, malaður | C94: Nordic Spice | D94: 35061 | E94: Krydd | F94: Kanill 100%. | H94: Framleitt á svæði þar sem unnið er með glúten, fisk, krabbadýr, lindýr, mjólk, soja, sellerí, sinnep og sesam. | I94: https://drive.google.com/file/d/1c6qdOHZcV0sAzOAgRkfxi1RSC2sFmIpe/view | J94: 243 | K94: 1.2 | L94: 0.4 | M94: 81 | N94: 2.2 | O94: 4 | P94: 0
A95: Kókosmjólk Roland Coconut Milk | B95: Kókosmjólk Roland Coconut Milk | C95: Roland Foods | D95: 86026 | E95: Hráefni | F95: Kókosmjólk, vatn, gúargúmmí. | G95: kókos | I95: https://drive.google.com/file/d/1FvEYUVnd2_BK17DbZjzv5N3_8u3AZbzA/view | J95: 181 | K95: 18 | L95: 15.3 | M95: 2.8 | N95: 1 | O95: 2 | P95: 0 | Q95: 0
A96: Hrísgrjón Thai Hom Mali (Royal Umbrella) | B96: Hrísgrjón Thai Hom Mali (Royal Umbrella) | C96: Khao C.P. Co. | E96: Hráefni | F96: Hrísgrjón 100% | I96: https://drive.google.com/file/d/1DoKkdQMWFLTDnrAu21AaCM2FHpZ73bgS/view | J96: 365 | K96: 0.7 | L96: 0.2 | M96: 80 | N96: 0 | O96: 7 | P96: 0 | Q96: 1.3
A97: Maizenamjöl (majssterkja) | B97: Maizenamjöl (majssterkja) | C97: Maizena / Unilever | D97: 237528 | E97: Hráefni | F97: Maíssterkja. | I97: https://drive.google.com/file/d/1CmXprz2PFHVmxfaM0CalYclE2qYOhpF7/view | J97: 355 | K97: 0.5 | L97: 0 | M97: 86 | N97: 0 | O97: 0.5 | P97: 0 | Q97: 1
A98: Crystal Sugar (Sykur) | B98: Crystal Sugar (Sykur) | C98: Cosun Beet Company | E98: Hráefni | F98: Súkrósi | I98: https://drive.google.com/file/d/1xlkj9UFMzhBrHGJoVUjpSgwu6ml60B4l/view | J98: 400 | K98: 0 | L98: 0 | M98: 100 | N98: 100 | O98: 0 | P98: 0 | Q98: 0
A99: Tómatpuré Doppio Concentrato 800 g (Menu) | B99: Tómatpuré Doppio Concentrato 800 g (Menu) | C99: Menu SRL | D99: UU1 | E99: Hráefni | F99: Tómatar | I99: https://drive.google.com/file/d/1d9nwUjnSzxKmopD1MmL_f_PclKxewh/view | J99: 113 | K99: 0.4 | L99: 0 | M99: 19 | N99: 14 | O99: 6 | P99: 0.1
A100: Byggsalat | B100: Byggsalat | C100: Garri | D100: 42010002330 | E100: Hráefni | F100: Bygg, vatn, krydd (hvítur pipar, salt), sítrónusafi, olífu olía. | G100: Glúten (bygg) | I100: https://www.garri.is/vara/42010002330/ | J100: 121 | K100: 0.52 | L100: 0.093 | M100: 27.91 | N100: 0.14 | O100: 2.48 | P100: 0 | Q100: 3.8
...

Sheet Réttabanki
A1: RÉTTABANKI – UPPSKRIFTIR
A2: Heiti réttar | B2: Vara (leitarnafn) | C2: Magn (g/100kg) | D2: Innihaldslýsing (sjálfvirkt) | E2: Ofnæmisvaldar (sjálfvirkt) | F2: Fyrirvari (sjálfvirkt) | G2: Orka (kcal/100g) | H2: Fita (g/100g) | I2: Mettuð fita (g/100g) | J2: Kolvetni (g/100g) | K2: Sykur (g/100g) | L2: Prótein (g/100g) | M2: Salt (g/100g) | N2: Trefjar (g/100g) | O2: Foodcost (kr/100kg) | P2: Athugasemd | Q2: Eldunarleiðbeiningar | R2: Eldunarleiðbeiningar (template)
A3: Pasta með kjötbollum í mildri tómatsósu | D3: Kinda- og nautgripakjöt 50%, grænmeti 41% (kartöflur, brokkólí, laukur, gulrætur), kartöflusterkja, salt, krydd (pipar, oregano, basil, paprika). | Tómatar | Laukur | Gulrætur | Vatn | Súkrósi | Oregano 100%. | Svartur pipar 100%. | Salt (salt, kekkjavarnarefni E535, lyftiefni E500). | Maíssterkja. | E3: Engir skráðir | G3: 99.39 | H3: 5.4 | I3: 2.62 | J3: 14.95 | L3: 7.28 | M3: 2.13 | N3: 0.32 | O3: =IF(OR(B3="",C3=""),"",IFERROR(C3/1000*IFERROR(INDEX(Vöruskrá!R:R,MATCH(B3,Vöruskrá!B:B,0)),0)/1000,"")) | P3: Í-Mat / Matarstund | Pastahlutfall 40%, sósa og kjötbollur 60% | Q3: 1. Hitið sósu í potti við meðalhita í 15-20 mín, hrærið reglulega. 2. Hitið kjötbollur í ofni 180°C í 10-12 mín. 3. Eldið pasta skv. leiðbeiningum á pakka. 4. Berið fram með pasta og kjötbollum í sósu. | R3: Hitið sósu í potti við meðalhita í 15-20 mín. Hitið kjötbollur í ofni 180°C í 10-12 mín. Eldið pasta skv. leiðbeiningum. Berið fram saman.
B4: Skólabollur, Kjöt og grænmeti | C4: 25000 | D4: Kinda- og nautgripakjöt 50%, grænmeti 41% (kartöflur, brokkólí, laukur, gulrætur), kartöflusterkja, salt, krydd (pipar, oregano, basil, paprika). | G4: 110 | H4: 12 | I4: 6 | J4: 12 | K4: 0.6 | L4: 12 | M4: 1.6 | O4: =IF(OR(B4="",C4=""),"",IFERROR(C4/1000*IFERROR(INDEX(Vöruskrá!R:R,MATCH(B4,Vöruskrá!B:B,0)),0)/1000,"")) -> 0
B5: Tómatpuré Doppio Concentrato 800 g (Menu) | C5: 18000 | D5: Tómatar | G5: 113 | H5: 0.4 | I5: 0 | J5: 19 | K5: 14 | L5: 6 | M5: 0.1 | O5: =IF(OR(B5="",C5=""),"",IFERROR(C5/1000*IFERROR(INDEX(Vöruskrá!R:R,MATCH(B5,Vöruskrá!B:B,0)),0)/1000,"")) -> 0
B6: Laukur (ferskur) | C6: 5000 | D6: Laukur | E6: Engir skráðir | G6: 40 | H6: 0.1 | I6: 0 | J6: 9.3 | K6: 4.2 | L6: 1.1 | M6: 0.004 | N6: 1.7 | O6: =IF(OR(B6="",C6=""),"",IFERROR(C6/1000*IFERROR(INDEX(Vöruskrá!R:R,MATCH(B6,Vöruskrá!B:B,0)),0)/1000,"")) -> 0
B7: Gulrætur (ferskar) | C7: 3000 | D7: Gulrætur | E7: Engir skráðir | G7: 41 | H7: 0.2 | I7: 0 | J7: 9.6 | K7: 4.7 | L7: 0.9 | M7: 0.07 | N7: 2.8 | O7: =IF(OR(B7="",C7=""),"",IFERROR(C7/1000*IFERROR(INDEX(Vöruskrá!R:R,MATCH(B7,Vöruskrá!B:B,0)),0)/1000,"")) -> 0
B8: Vatn | C8: 4000 | D8: Vatn | E8: Engir skráðir | G8: 0 | H8: 0 | I8: 0 | J8: 0 | K8: 0 | L8: 0 | M8: 0 | N8: 0 | O8: =IF(OR(B8="",C8=""),"",IFERROR(C8/1000*IFERROR(INDEX(Vöruskrá!R:R,MATCH(B8,Vöruskrá!B:B,0)),0)/1000,"")) -> 0
B9: Crystal Sugar (Sykur) | C9: 300 | D9: Súkrósi | G9: 400 | H9: 0 | I9: 0 | J9: 100 | K9: 100 | L9: 0 | M9: 0 | N9: 0 | O9: =IF(OR(B9="",C9=""),"",IFERROR(C9/1000*IFERROR(INDEX(Vöruskrá!R:R,MATCH(B9,Vöruskrá!B:B,0)),0)/1000,"")) -> 0
B10: Oregano | C10: 80 | D10: Oregano 100%. | F10: Framleitt á svæði þar sem unnið er með glúten, fisk, krabbadýr, lindýr, mjólk, soja, sellerí, sinnep og sesam. | G10: 480 | H10: 10 | I10: 2.7 | J10: 64 | K10: 4.1 | L10: 11 | M10: 0 | O10: =IF(OR(B10="",C10=""),"",IFERROR(C10/1000*IFERROR(INDEX(Vöruskrá!R:R,MATCH(B10,Vöruskrá!B:B,0)),0)/1000,"")) -> 0
B11: Svartur pipar, malaður | C11: 40 | D11: Svartur pipar 100%. | F11: Framleitt á svæði þar sem unnið er með glúten, fisk, krabbadýr, lindýr, mjólk, soja, sellerí, sinnep og sesam. | G11: 386 | H11: 3.3 | I11: 1 | J11: 65 | K11: 0.6 | L11: 11 | M11: 0.1 | O11: =IF(OR(B11="",C11=""),"",IFERROR(C11/1000*IFERROR(INDEX(Vöruskrá!R:R,MATCH(B11,Vöruskrá!B:B,0)),0)/1000,"")) -> 0
B12: Borðsalt | C12: 800 | D12: Salt (salt, kekkjavarnarefni E535, lyftiefni E500). | F12: Framleitt á svæði þar sem unnið er með mjólk, glúten, egg, sesam, sellerí, soja og sinnep. | G12: 0 | H12: 0 | I12: 0 | J12: 0 | K12: 0 | L12: 0 | M12: 100 | O12: =IF(OR(B12="",C12=""),"",IFERROR(C12/1000*IFERROR(INDEX(Vöruskrá!R:R,MATCH(B12,Vöruskrá!B:B,0)),0)/1000,"")) -> 0
B13: Maizenamjöl (majssterkja) | C13: 1200 | D13: Maíssterkja. | O13: =IF(OR(B13="",C13=""),"",IFERROR(C13/1000*IFERROR(INDEX(Vöruskrá!R:R,MATCH(B13,Vöruskrá!B:B,0)),0)/1000,"")) -> 0
A14: Lambakjötspottréttur með kartöflum | D14: Kartöflur | Gulrætur | Laukur | Tómatar | Salt (salt, kekkjavarnarefni E535, lyftiefni E500). | Svartur pipar 100%. | Vatn | Maíssterkja. | E14: Engir skráðir | G14: 63.27 | H14: 0.13 | I14: 0 | J14: 14 | L14: 1.58 | M14: 1.02 | N14: 1.82 | O14: =IF(OR(B14="",C14=""),"",IFERROR(C14/1000*IFERROR(INDEX(Vöruskrá!R:R,MATCH(B14,Vöruskrá!B:B,0)),0)/1000,"")) | P14: Matarstund | LP-100KG-20260529 | Q14: 1. Hitið pottrétt í ofni 160°C í 45-60 mín. 2. Potturinn er tilbúinn þegar kjötið er mjúkt. 3. Berið fram heitt. | R14: Hitið pottrétt í ofni 160°C í 45-60 mín. Tilbúinn þegar kjötið er mjúkt. Berið fram heitt.
B15: Kartöflur (ferskar) | C15: 30000 | D15: Kartöflur | E15: Engir skráðir | G15: 77 | H15: 0.1 | I15: 0 | J15: 17 | K15: 0.8 | L15: 2 | M15: 0.006 | N15: 2.2 | O15: =IF(OR(B15="",C15=""),"",IFERROR(C15/1000*IFERROR(INDEX(Vöruskrá!R:R,MATCH(B15,Vöruskrá!B:B,0)),0)/1000,"")) -> 0
B16: Gulrætur (ferskar) | C16: 10000 | D16: Gulrætur | E16: Engir skráðir | G16: 41 | H16: 0.2 | I16: 0 | J16: 9.6 | K16: 4.7 | L16: 0.9 | M16: 0.07 | N16: 2.8 | O16: =IF(OR(B16="",C16=""),"",IFERROR(C16/1000*IFERROR(INDEX(Vöruskrá!R:R,MATCH(B16,Vöruskrá!B:B,0)),0)/1000,"")) -> 0
B17: Laukur (ferskur) | C17: 8000 | D17: Laukur | E17: Engir skráðir | G17: 40 | H17: 0.1 | I17: 0 | J17: 9.3 | K17: 4.2 | L17: 1.1 | M17: 0.004 | N17: 1.7 | O17: =IF(OR(B17="",C17=""),"",IFERROR(C17/1000*IFERROR(INDEX(Vöruskrá!R:R,MATCH(B17,Vöruskrá!B:B,0)),0)/1000,"")) -> 0
B18: Tómatpuré Doppio Concentrato 800 g (Menu) | C18: 2500 | D18: Tómatar | G18: 113 | H18: 0.4 | I18: 0 | J18: 19 | K18: 14 | L18: 6 | M18: 0.1 | O18: =IF(OR(B18="",C18=""),"",IFERROR(C18/1000*IFERROR(INDEX(Vöruskrá!R:R,MATCH(B18,Vöruskrá!B:B,0)),0)/1000,"")) -> 0
B19: Borðsalt | C19: 600 | D19: Salt (salt, kekkjavarnarefni E535, lyftiefni E500). | F19: Framleitt á svæði þar sem unnið er með mjólk, glúten, egg, sesam, sellerí, soja og sinnep. | G19: 0 | H19: 0 | I19: 0 | J19: 0 | K19: 0 | L19: 0 | M19: 100 | O19: =IF(OR(B19="",C19=""),"",IFERROR(C19/1000*IFERROR(INDEX(Vöruskrá!R:R,MATCH(B19,Vöruskrá!B:B,0)),0)/1000,"")) -> 0
B20: Svartur pipar, malaður | C20: 80 | D20: Svartur pipar 100%. | F20: Framleitt á svæði þar sem unnið er með glúten, fisk, krabbadýr, lindýr, mjólk, soja, sellerí, sinnep og sesam. | G20: 386 | H20: 3.3 | I20: 1 | J20: 65 | K20: 0.6 | L20: 11 | M20: 0.1 | O20: =IF(OR(B20="",C20=""),"",IFERROR(C20/1000*IFERROR(INDEX(Vöruskrá!R:R,MATCH(B20,Vöruskrá!B:B,0)),0)/1000,"")) -> 0
B21: Vatn | C21: 7350 | D21: Vatn | E21: Engir skráðir | G21: 0 | H21: 0 | I21: 0 | J21: 0 | K21: 0 | L21: 0 | M21: 0 | N21: 0 | O21: =IF(OR(B21="",C21=""),"",IFERROR(C21/1000*IFERROR(INDEX(Vöruskrá!R:R,MATCH(B21,Vöruskrá!B:B,0)),0)/1000,"")) -> 0
B22: Maizenamjöl (majssterkja) | C22: 1200 | D22: Maíssterkja. | O22: =IF(OR(B22="",C22=""),"",IFERROR(C22/1000*IFERROR(INDEX(Vöruskrá!R:R,MATCH(B22,Vöruskrá!B:B,0)),0)/1000,"")) -> 0
A23: Mildur kjúklingakarrýréttur | D23: Úrbeinað og skinnlaust kjúklingalæri 80%, vatn 19%, salt, sykur, þráavarnarefni (E331, E301), sýrustillir (E262). | Hrísgrjón 100% | Laukur (90%), repjuolía (10%). | Gulrætur | Kókosmjólk, vatn, gúargúmmí. | Hvítlauksduft 100% | Maíssterkja. | Salt (salt, kekkjavarnarefni E535, lyftiefni E500). | Svartur pipar 100%. | Vatn | E23: kókos | G23: 169.2 | H23: 6.78 | I23: 3.05 | J23: 19.1 | L23: 7.34 | M23: 0.98 | N23: 0.68 | O23: =IF(OR(B23="",C23=""),"",IFERROR(C23/1000*IFERROR(INDEX(Vöruskrá!R:R,MATCH(B23,Vöruskrá!B:B,0)),0)/1000,"")) | P23: Matarstund | MK-100KG-20260529 | Q23: 1. Hitið karrýsósu í potti við meðalhita í 20-25 mín, hrærið reglulega. 2. Eldið hrísgrjón skv. leiðbeiningum. 3. Berið fram karrý yfir hrísgrjónum. | R23: Hitið karrýsósu í potti við meðalhita í 20-25 mín, hrærið reglulega. Eldið hrísgrjón skv. leiðbeiningum. Berið fram.
B24: Kjúklingalæri úrbeinuð | C24: 35000 | D24: Úrbeinað og skinnlaust kjúklingalæri 80%, vatn 19%, salt, sykur, þráavarnarefni (E331, E301), sýrustillir (E262). | G24: 137 | H24: 9 | I24: 2.3 | L24: 14 | M24: 0.8 | O24: =IF(OR(B24="",C24=""),"",IFERROR(C24/1000*IFERROR(INDEX(Vöruskrá!R:R,MATCH(B24,Vöruskrá!B:B,0)),0)/1000,"")) -> 0
B25: Hrísgrjón Thai Hom Mali (Royal Umbrella) | C25: 18000 | D25: Hrísgrjón 100% | O25: =IF(OR(B25="",C25=""),"",IFERROR(C25/1000*IFERROR(INDEX(Vöruskrá!R:R,MATCH(B25,Vöruskrá!B:B,0)),0)/1000,"")) -> 0 | R25: GUFA 98°C, lok á, kjarnhiti 75°C. Hrá: 3,3 kg hrísgrjón + 5 kg sjóðandi vatn, 55 mín. Endurhituð: 25 mín.
B26: Forsteiktur laukur | C26: 8000 | D26: Laukur (90%), repjuolía (10%). | G26: 114 | H26: 8.6 | I26: 1.1 | J26: 6.9 | K26: 3.9 | L26: 1.2 | M26: 0 | N26: 1.9 | O26: =IF(OR(B26="",C26=""),"",IFERROR(C26/1000*IFERROR(INDEX(Vöruskrá!R:R,MATCH(B26,Vöruskrá!B:B,0)),0)/1000,"")) -> 0
B27: Gulrætur (ferskar) | C27: 8000 | D27: Gulrætur | E27: Engir skráðir | G27: 41 | H27: 0.2 | I27: 0 | J27: 9.6 | K27: 4.7 | L27: 0.9 | M27: 0.07 | N27: 2.8 | O27: =IF(OR(B27="",C27=""),"",IFERROR(C27/1000*IFERROR(INDEX(Vöruskrá!R:R,MATCH(B27,Vöruskrá!B:B,0)),0)/1000,"")) -> 0
B28: Kókosmjólk Roland Coconut Milk | C28: 12000 | D28: Kókosmjólk, vatn, gúargúmmí. | E28: kókos | G28: 181 | H28: 18 | I28: 15.3 | J28: 2.8 | K28: 1 | L28: 2 | M28: 0 | N28: 0 | O28: =IF(OR(B28="",C28=""),"",IFERROR(C28/1000*IFERROR(INDEX(Vöruskrá!R:R,MATCH(B28,Vöruskrá!B:B,0)),0)/1000,"")) -> 0
B29: Hvítlauksduft (Vitlökspulver) | C29: 500 | D29: Hvítlauksduft 100% | F29: Framleitt á svæði þar sem unnið er með glúten, fisk, krabbadýr, lindýr, mjólk, soja, sellerí, sinnep og sesam. | G29: 385 | H29: 0.8 | I29: 0.1 | J29: 73 | K29: 24 | L29: 17 | M29: 0.1 | O29: =IF(OR(B29="",C29=""),"",IFERROR(C29/1000*IFERROR(INDEX(Vöruskrá!R:R,MATCH(B29,Vöruskrá!B:B,0)),0)/1000,"")) -> 0
B30: Maizenamjöl (majssterkja) | C30: 1000 | D30: Maíssterkja. | O30: =IF(OR(B30="",C30=""),"",IFERROR(C30/1000*IFERROR(INDEX(Vöruskrá!R:R,MATCH(B30,Vöruskrá!B:B,0)),0)/1000,"")) -> 0
B31: Borðsalt | C31: 600 | D31: Salt (salt, kekkjavarnarefni E535, lyftiefni E500). | F31: Framleitt á svæði þar sem unnið er með mjólk, glúten, egg, sesam, sellerí, soja og sinnep. | G31: 0 | H31: 0 | I31: 0 | J31: 0 | K31: 0 | L31: 0 | M31: 100 | O31: =IF(OR(B31="",C31=""),"",IFERROR(C31/1000*IFERROR(INDEX(Vöruskrá!R:R,MATCH(B31,Vöruskrá!B:B,0)),0)/1000,"")) -> 0
B32: Svartur pipar, malaður | C32: 100 | D32: Svartur pipar 100%. | F32: Framleitt á svæði þar sem unnið er með glúten, fisk, krabbadýr, lindýr, mjólk, soja, sellerí, sinnep og sesam. | G32: 386 | H32: 3.3 | I32: 1 | J32: 65 | K32: 0.6 | L32: 11 | M32: 0.1 | O32: =IF(OR(B32="",C32=""),"",IFERROR(C32/1000*IFERROR(INDEX(Vöruskrá!R:R,MATCH(B32,Vöruskrá!B:B,0)),0)/1000,"")) -> 0
B33: Vatn | C33: 7600 | D33: Vatn | E33: Engir skráðir | G33: 0 | H33: 0 | I33: 0 | J33: 0 | K33: 0 | L33: 0 | M33: 0 | N33: 0 | O33: =IF(OR(B33="",C33=""),"",IFERROR(C33/1000*IFERROR(INDEX(Vöruskrá!R:R,MATCH(B33,Vöruskrá!B:B,0)),0)/1000,"")) -> 0
A34: Mild tikka masala með kjúklingi | D34: Úrbeinað og skinnlaust kjúklingalæri 80%, vatn 19%, salt, sykur, þráavarnarefni (E331, E301), sýrustillir (E262). | Vatn, sykur, laukur, tómatmauk, sólblómaolía, salt, kóríanderduft, engifer, hvítlaukur, **sinnep**duft, sýrustillir (sítrónusýra E330), chili, kúmenduft, fenugreeklauf, svartur piparduft, kóríander, þráavarnarefni (E306). | Kókosmjólk, vatn, gúargúmmí. | Sellerírót (33%), gulrætur (32%), blaðlaukur (15%), **sellerí** (10%), laukur (10%) | Tómatar | Hvítlauksduft 100% | Salt (salt, kekkjavarnarefni E535, lyftiefni E500). | Súkrósi | Vatn | E34: Sinnep, kókos, Sellerí | G34: 139.84 | H34: 8.55 | I34: 2.67 | J34: 5 | L34: 10.48 | M34: 1.57 | N34: 0.34 | O34: =IF(OR(B34="",C34=""),"",IFERROR(C34/1000*IFERROR(INDEX(Vöruskrá!R:R,MATCH(B34,Vöruskrá!B:B,0)),0)/1000,"")) | P34: Matarstund | TMK-100KG-20260529 | Q34: 1. Hitið tikka masala í potti við meðalhita í 20-25 mín. 2. Eldið hrísgrjón eða naan. 3. Berið fram heitt. | R34: Hitið tikka masala í potti við meðalhita í 20-25 mín. Eldið hrísgrjón. Berið fram heitt.
B35: Kjúklingalæri úrbeinuð | C35: 70000 | D35: Úrbeinað og skinnlaust kjúklingalæri 80%, vatn 19%, salt, sykur, þráavarnarefni (E331, E301), sýrustillir (E262). | G35: 137 | H35: 9 | I35: 2.3 | L35: 14 | M35: 0.8 | O35: =IF(OR(B35="",C35=""),"",IFERROR(C35/1000*IFERROR(INDEX(Vöruskrá!R:R,MATCH(B35,Vöruskrá!B:B,0)),0)/1000,"")) -> 0
B36: Sauce tikka masala GT-CHEF | C36: 18000 | D36: Vatn, sykur, laukur, tómatmauk, sólblómaolía, salt, kóríanderduft, engifer, hvítlaukur, **sinnep**duft, sýrustillir (sítrónusýra E330), chili, kúmenduft, fenugreeklauf, svartur piparduft, kóríander, þráavarnarefni (E306). | E36: Sinnep | G36: 150 | H36: 5.9 | I36: 0.6 | J36: 22 | K36: 18 | L36: 1.4 | M36: 4.4 | N36: 1.6 | O36: =IF(OR(B36="",C36=""),"",IFERROR(C36/1000*IFERROR(INDEX(Vöruskrá!R:R,MATCH(B36,Vöruskrá!B:B,0)),0)/1000,"")) -> 0
B37: Kókosmjólk Roland Coconut Milk | C37: 6000 | D37: Kókosmjólk, vatn, gúargúmmí. | E37: kókos | G37: 181 | H37: 18 | I37: 15.3 | J37: 2.8 | K37: 1 | L37: 2 | M37: 0 | N37: 0 | O37: =IF(OR(B37="",C37=""),"",IFERROR(C37/1000*IFERROR(INDEX(Vöruskrá!R:R,MATCH(B37,Vöruskrá!B:B,0)),0)/1000,"")) -> 0
B38: Brunoise grænmetisblanda | C38: 2000 | D38: Sellerírót (33%), gulrætur (32%), blaðlaukur (15%), **sellerí** (10%), laukur (10%) | E38: Sellerí | G38: 26 | H38: 0.4 | I38: 0.1 | J38: 3.4 | K38: 2.9 | L38: 1 | M38: 0.1 | N38: 2.5 | O38: =IF(OR(B38="",C38=""),"",IFERROR(C38/1000*IFERROR(INDEX(Vöruskrá!R:R,MATCH(B38,Vöruskrá!B:B,0)),0)/1000,"")) -> 0
B39: Tómatpuré Doppio Concentrato 800 g (Menu) | C39: 1500 | D39: Tómatar | G39: 113 | H39: 0.4 | I39: 0 | J39: 19 | K39: 14 | L39: 6 | M39: 0.1 | O39: =IF(OR(B39="",C39=""),"",IFERROR(C39/1000*IFERROR(INDEX(Vöruskrá!R:R,MATCH(B39,Vöruskrá!B:B,0)),0)/1000,"")) -> 0
B40: Hvítlauksduft (Vitlökspulver) | C40: 500 | D40: Hvítlauksduft 100% | F40: Framleitt á svæði þar sem unnið er með glúten, fisk, krabbadýr, lindýr, mjólk, soja, sellerí, sinnep og sesam. | G40: 385 | H40: 0.8 | I40: 0.1 | J40: 73 | K40: 24 | L40: 17 | M40: 0.1 | O40: =IF(OR(B40="",C40=""),"",IFERROR(C40/1000*IFERROR(INDEX(Vöruskrá!R:R,MATCH(B40,Vöruskrá!B:B,0)),0)/1000,"")) -> 0
B41: Borðsalt | C41: 200 | D41: Salt (salt, kekkjavarnarefni E535, lyftiefni E500). | F41: Framleitt á svæði þar sem unnið er með mjólk, glúten, egg, sesam, sellerí, soja og sinnep. | G41: 0 | H41: 0 | I41: 0 | J41: 0 | K41: 0 | L41: 0 | M41: 100 | O41: =IF(OR(B41="",C41=""),"",IFERROR(C41/1000*IFERROR(INDEX(Vöruskrá!R:R,MATCH(B41,Vöruskrá!B:B,0)),0)/1000,"")) -> 0
B42: Crystal Sugar (Sykur) | C42: 100 | D42: Súkrósi | G42: 400 | H42: 0 | I42: 0 | J42: 100 | K42: 100 | L42: 0 | M42: 0 | N42: 0 | O42: =IF(OR(B42="",C42=""),"",IFERROR(C42/1000*IFERROR(INDEX(Vöruskrá!R:R,MATCH(B42,Vöruskrá!B:B,0)),0)/1000,"")) -> 0
B43: Vatn | C43: 600 | D43: Vatn | E43: Engir skráðir | G43: 0 | H43: 0 | I43: 0 | J43: 0 | K43: 0 | L43: 0 | M43: 0 | N43: 0 | O43: =IF(OR(B43="",C43=""),"",IFERROR(C43/1000*IFERROR(INDEX(Vöruskrá!R:R,MATCH(B43,Vöruskrá!B:B,0)),0)/1000,"")) -> 0
A44: Kjúklingasúpa með núðlum og grænmeti | D44: Úrbeinað og skinnlaust kjúklingalæri 80%, vatn 19%, salt, sykur, þráavarnarefni (E331, E301), sýrustillir (E262). | Vatn | Grænmetiskraftur (vatn, laukur, gulrótarsafi, tómatur, jurtaextrakt), glúkósasíróp, bragðefni, salt, gerextrakt, maltódextrín, sykur, sólblómaolía. | Gulrætur | Laukur | Blaðlaukur | Sellerí | Hvítlauksduft 100% | Salt (salt, kekkjavarnarefni E535, lyftiefni E500). | Svartur pipar 100%. | E44: Sellerí | G44: 64.06 | H44: 2.69 | I44: 0.67 | J44: 4.89 | L44: 5.07 | M44: 2.24 | N44: 0.3 | O44: =IF(OR(B44="",C44=""),"",IFERROR(C44/1000*IFERROR(INDEX(Vöruskrá!R:R,MATCH(B44,Vöruskrá!B:B,0)),0)/1000,"")) | P44: Matarstund | KSN-100KG-20260529 | Q44: 1. Hitið súpu í potti við meðalhita í 20-25 mín. 2. Bætið núðlum við 5 mín áður en þið berið fram. 3. Berið fram heitt með brauði. | R44: Hitið súpu í potti í 20-25 mín. Bætið núðlum við 5 mín áður en berið fram. Berið fram heitt.
B45: Kjúklingalæri úrbeinuð | C45: 25000 | D45: Úrbeinað og skinnlaust kjúklingalæri 80%, vatn 19%, salt, sykur, þráavarnarefni (E331, E301), sýrustillir (E262). | G45: 137 | H45: 9 | I45: 2.3 | L45: 14 | M45: 0.8 | O45: =IF(OR(B45="",C45=""),"",IFERROR(C45/1000*IFERROR(INDEX(Vöruskrá!R:R,MATCH(B45,Vöruskrá!B:B,0)),0)/1000,"")) -> 0
B46: Vatn | C46: 45000 | D46: Vatn | E46: Engir skráðir | G46: 0 | H46: 0 | I46: 0 | J46: 0 | K46: 0 | L46: 0 | M46: 0 | N46: 0 | O46: =IF(OR(B46="",C46=""),"",IFERROR(C46/1000*IFERROR(INDEX(Vöruskrá!R:R,MATCH(B46,Vöruskrá!B:B,0)),0)/1000,"")) -> 0
B47: Kjúklingakraftur Vegan (Essential Cuisine) | C47: 5000 | D47: Grænmetiskraftur (vatn, laukur, gulrótarsafi, tómatur, jurtaextrakt), glúkósasíróp, bragðefni, salt, gerextrakt, maltódextrín, sykur, sólblómaolía. | G47: 278 | H47: 1.3 | I47: 0.1 | J47: 52.6 | K47: 36.5 | L47: 13.8 | M47: 27 | N47: 0.4 | O47: =IF(OR(B47="",C47=""),"",IFERROR(C47/1000*IFERROR(INDEX(Vöruskrá!R:R,MATCH(B47,Vöruskrá!B:B,0)),0)/1000,"")) -> 0
B48: Gulrætur (ferskar) | C48: 5000 | D48: Gulrætur | E48: Engir skráðir | G48: 41 | H48: 0.2 | I48: 0 | J48: 9.6 | K48: 4.7 | L48: 0.9 | M48: 0.07 | N48: 2.8 | O48: =IF(OR(B48="",C48=""),"",IFERROR(C48/1000*IFERROR(INDEX(Vöruskrá!R:R,MATCH(B48,Vöruskrá!B:B,0)),0)/1000,"")) -> 0
B49: Laukur (ferskur) | C49: 3000 | D49: Laukur | E49: Engir skráðir | G49: 40 | H49: 0.1 | I49: 0 | J49: 9.3 | K49: 4.2 | L49: 1.1 | M49: 0.004 | N49: 1.7 | O49: =IF(OR(B49="",C49=""),"",IFERROR(C49/1000*IFERROR(INDEX(Vöruskrá!R:R,MATCH(B49,Vöruskrá!B:B,0)),0)/1000,"")) -> 0
B50: Blaðlaukur (ferskur) | C50: 2000 | D50: Blaðlaukur | E50: Engir skráðir | G50: 61 | H50: 0.3 | I50: 0 | J50: 14.2 | K50: 3.9 | L50: 1.5 | M50: 0.02 | N50: 1.8 | O50: =IF(OR(B50="",C50=""),"",IFERROR(C50/1000*IFERROR(INDEX(Vöruskrá!R:R,MATCH(B50,Vöruskrá!B:B,0)),0)/1000,"")) -> 0
B51: Sellerí (ferskt) | C51: 1000 | D51: Sellerí | E51: Sellerí | G51: 16 | H51: 0.2 | I51: 0 | J51: 3 | K51: 1.3 | L51: 0.7 | M51: 0.08 | N51: 1.6 | O51: =IF(OR(B51="",C51=""),"",IFERROR(C51/1000*IFERROR(INDEX(Vöruskrá!R:R,MATCH(B51,Vöruskrá!B:B,0)),0)/1000,"")) -> 0
B52: Hvítlauksduft (Vitlökspulver) | C52: 500 | D52: Hvítlauksduft 100% | F52: Framleitt á svæði þar sem unnið er með glúten, fisk, krabbadýr, lindýr, mjólk, soja, sellerí, sinnep og sesam. | G52: 385 | H52: 0.8 | I52: 0.1 | J52: 73 | K52: 24 | L52: 17 | M52: 0.1 | O52: =IF(OR(B52="",C52=""),"",IFERROR(C52/1000*IFERROR(INDEX(Vöruskrá!R:R,MATCH(B52,Vöruskrá!B:B,0)),0)/1000,"")) -> 0
B53: Borðsalt | C53: 400 | D53: Salt (salt, kekkjavarnarefni E535, lyftiefni E500). | F53: Framleitt á svæði þar sem unnið er með mjólk, glúten, egg, sesam, sellerí, soja og sinnep. | G53: 0 | H53: 0 | I53: 0 | J53: 0 | K53: 0 | L53: 0 | M53: 100 | O53: =IF(OR(B53="",C53=""),"",IFERROR(C53/1000*IFERROR(INDEX(Vöruskrá!R:R,MATCH(B53,Vöruskrá!B:B,0)),0)/1000,"")) -> 0
B54: Svartur pipar, malaður | C54: 300 | D54: Svartur pipar 100%. | F54: Framleitt á svæði þar sem unnið er með glúten, fisk, krabbadýr, lindýr, mjólk, soja, sellerí, sinnep og sesam. | G54: 386 | H54: 3.3 | I54: 1 | J54: 65 | K54: 0.6 | L54: 11 | M54: 0.1 | O54: =IF(OR(B54="",C54=""),"",IFERROR(C54/1000*IFERROR(INDEX(Vöruskrá!R:R,MATCH(B54,Vöruskrá!B:B,0)),0)/1000,"")) -> 0
A55: Pastagratín með osti og grænmeti | D55: Gerilsneydd **mjólk**, pálmaolía, kekkjavarnarefni (kartöflumjöl), salt, **mjólkursýrugerlar**, ostahleypir. | **Mjólk**. Fitusprengd og gerilsneydd. | Gulrætur 100%. | Laukur | Maíssterkja. | Salt (salt, kekkjavarnarefni E535, lyftiefni E500). | Svartur pipar 100%. | E55: Mjólk | G55: 162.91 | H55: 10.02 | I55: 5.73 | J55: 6.64 | L55: 11.03 | M55: 1.48 | N55: 0.38 | O55: =IF(OR(B55="",C55=""),"",IFERROR(C55/1000*IFERROR(INDEX(Vöruskrá!R:R,MATCH(B55,Vöruskrá!B:B,0)),0)/1000,"")) | P55: Matarstund | POG-100KG-20260529 | Q55: 1. Hitið gratín í ofni 180°C í 25-30 mín. 2. Gratínið er tilbúið þegar osturinn er gullinn. 3. Látið standa í 5 mín áður en þið berið fram. | R55: Hitið gratín í ofni 180°C í 25-30 mín. Tilbúið þegar osturinn er gullinn. Látið standa í 5 mín.
B56: Rifinn ostur – Pizzatopping mozzarella (Ulkjær) | C56: 18000 | D56: Gerilsneydd **mjólk**, pálmaolía, kekkjavarnarefni (kartöflumjöl), salt, **mjólkursýrugerlar**, ostahleypir. | E56: Mjólk | G56: 301 | H56: 21 | I56: 12 | J56: 3.2 | K56: 1 | L56: 24 | M56: 1.4 | N56: 0 | O56: =IF(OR(B56="",C56=""),"",IFERROR(C56/1000*IFERROR(INDEX(Vöruskrá!R:R,MATCH(B56,Vöruskrá!B:B,0)),0)/1000,"")) -> 0
B57: Nýmjólk 1 L (MS) | C57: 20000 | D57: **Mjólk**. Fitusprengd og gerilsneydd. | E57: Mjólk | G57: 67 | H57: 3.9 | I57: 2.3 | J57: 4.7 | K57: 4.7 | L57: 3.3 | M57: 0.1 | N57: 0 | O57: =IF(OR(B57="",C57=""),"",IFERROR(C57/1000*IFERROR(INDEX(Vöruskrá!R:R,MATCH(B57,Vöruskrá!B:B,0)),0)/1000,"")) -> 0
B58: Gulrætur sneiðar | C58: 4000 | D58: Gulrætur 100%. | G58: 30 | H58: 0.4 | I58: 0.1 | J58: 4.4 | K58: 4.2 | L58: 0.6 | M58: 0.1 | N58: 3.2 | O58: =IF(OR(B58="",C58=""),"",IFERROR(C58/1000*IFERROR(INDEX(Vöruskrá!R:R,MATCH(B58,Vöruskrá!B:B,0)),0)/1000,"")) -> 0
B59: Laukur (ferskur) | C59: 2000 | D59: Laukur | E59: Engir skráðir | G59: 40 | H59: 0.1 | I59: 0 | J59: 9.3 | K59: 4.2 | L59: 1.1 | M59: 0.004 | N59: 1.7 | O59: =IF(OR(B59="",C59=""),"",IFERROR(C59/1000*IFERROR(INDEX(Vöruskrá!R:R,MATCH(B59,Vöruskrá!B:B,0)),0)/1000,"")) -> 0
B60: Maizenamjöl (majssterkja) | C60: 1200 | D60: Maíssterkja. | O60: =IF(OR(B60="",C60=""),"",IFERROR(C60/1000*IFERROR(INDEX(Vöruskrá!R:R,MATCH(B60,Vöruskrá!B:B,0)),0)/1000,"")) -> 0
B61: Borðsalt | C61: 400 | D61: Salt (salt, kekkjavarnarefni E535, lyftiefni E500). | F61: Framleitt á svæði þar sem unnið er með mjólk, glúten, egg, sesam, sellerí, soja og sinnep. | G61: 0 | H61: 0 | I61: 0 | J61: 0 | K61: 0 | L61: 0 | M61: 100 | O61: =IF(OR(B61="",C61=""),"",IFERROR(C61/1000*IFERROR(INDEX(Vöruskrá!R:R,MATCH(B61,Vöruskrá!B:B,0)),0)/1000,"")) -> 0
B62: Svartur pipar, malaður | C62: 200 | D62: Svartur pipar 100%. | F62: Framleitt á svæði þar sem unnið er með glúten, fisk, krabbadýr, lindýr, mjólk, soja, sellerí, sinnep og sesam. | G62: 386 | H62: 3.3 | I62: 1 | J62: 65 | K62: 0.6 | L62: 11 | M62: 0.1 | O62: =IF(OR(B62="",C62=""),"",IFERROR(C62/1000*IFERROR(INDEX(Vöruskrá!R:R,MATCH(B62,Vöruskrá!B:B,0)),0)/1000,"")) -> 0
A63: Vegan mexicosúpa | D63: Pálmafita, tómatduft (20,5%), umbreytt sterkja, sykur, salt, bragðefni, sterkja, repjuolía, laukduft, þurrkað glúkósasíróp, þykkingarefni (xantangúmmí (E415)), sýra (eplasýra, mjólkursýra), hvítur pipar. | Rauð paprika 33%, græn paprika 33%, gul paprika 34%. | Laukur (90%), repjuolía (10%). | Fennika | Grænmetiskraftur (vatn, laukur, gulrótarsafi, tómatur, jurtaextrakt), glúkósasíróp, bragðefni, salt, gerextrakt, maltódextrín, sykur, sólblómaolía. | Hvítlaukur | Salt (salt, kekkjavarnarefni E535, lyftiefni E500). | Grilluð grænmeti: brokkólí 25%, kúrbítur 25%, eggaldin 20%, gul paprika 10%, rauð paprika 10%, laukur 10%, sólblómaolía. | Vatn | E63: Engir skráðir | G63: 54.16 | H63: 2.3 | I63: 0.85 | J63: 6.71 | L63: 1.34 | M63: 2.64 | N63: 0.66 | O63: =IF(OR(B63="",C63=""),"",IFERROR(C63/1000*IFERROR(INDEX(Vöruskrá!R:R,MATCH(B63,Vöruskrá!B:B,0)),0)/1000,"")) | P63: Matarstund | FH-MEX-100KG-01 | Q63: 1. Hitið súpu í potti við meðalhita í 20-25 mín, hrærið reglulega. 2. Berið fram með brauði eða maístortillu. | R63: Hitið súpu í potti við meðalhita í 20-25 mín, hrærið reglulega. Berið fram með brauði.
B64: Tómatsúpugrunnur (Oscar) | C64: 5500 | D64: Pálmafita, tómatduft (20,5%), umbreytt sterkja, sykur, salt, bragðefni, sterkja, repjuolía, laukduft, þurrkað glúkósasíróp, þykkingarefni (xantangúmmí (E415)), sýra (eplasýra, mjólkursýra), hvítur pipar. | G64: 478 | H64: 29.4 | I64: 12.7 | J64: 47 | K64: 19.4 | L64: 4.8 | M64: 9.4 | N64: 3.3 | O64: =IF(OR(B64="",C64=""),"",IFERROR(C64/1000*IFERROR(INDEX(Vöruskrá!R:R,MATCH(B64,Vöruskrá!B:B,0)),0)/1000,"")) -> 0
B65: Paprikuteningar litblandir | C65: 2500 | D65: Rauð paprika 33%, græn paprika 33%, gul paprika 34%. | G65: 28 | H65: 0.4 | I65: 0.1 | J65: 4.5 | K65: 4.3 | L65: 0.9 | M65: 0 | N65: 1.6 | O65: =IF(OR(B65="",C65=""),"",IFERROR(C65/1000*IFERROR(INDEX(Vöruskrá!R:R,MATCH(B65,Vöruskrá!B:B,0)),0)/1000,"")) -> 0
B66: Forsteiktur laukur | C66: 2000 | D66: Laukur (90%), repjuolía (10%). | G66: 114 | H66: 8.6 | I66: 1.1 | J66: 6.9 | K66: 3.9 | L66: 1.2 | M66: 0 | N66: 1.9 | O66: =IF(OR(B66="",C66=""),"",IFERROR(C66/1000*IFERROR(INDEX(Vöruskrá!R:R,MATCH(B66,Vöruskrá!B:B,0)),0)/1000,"")) -> 0
B67: Fennel frosinn | C67: 1250 | D67: Fennika | G67: 17 | H67: 0.2 | J67: 1.8 | K67: 1.7 | L67: 0.9 | M67: 0.5 | N67: 2.3 | O67: =IF(OR(B67="",C67=""),"",IFERROR(C67/1000*IFERROR(INDEX(Vöruskrá!R:R,MATCH(B67,Vöruskrá!B:B,0)),0)/1000,"")) -> 0
B68: Kjúklingakraftur Vegan (Essential Cuisine) | C68: 5000 | D68: Grænmetiskraftur (vatn, laukur, gulrótarsafi, tómatur, jurtaextrakt), glúkósasíróp, bragðefni, salt, gerextrakt, maltódextrín, sykur, sólblómaolía. | G68: 278 | H68: 1.3 | I68: 0.1 | J68: 52.6 | K68: 36.5 | L68: 13.8 | M68: 27 | N68: 0.4 | O68: =IF(OR(B68="",C68=""),"",IFERROR(C68/1000*IFERROR(INDEX(Vöruskrá!R:R,MATCH(B68,Vöruskrá!B:B,0)),0)/1000,"")) -> 0
B69: Hvítlaukur (ferskur) | C69: 400 | D69: Hvítlaukur | E69: Engir skráðir | G69: 149 | H69: 0.5 | I69: 0.1 | J69: 33.1 | K69: 1 | L69: 6.4 | M69: 0.02 | N69: 2.1 | O69: =IF(OR(B69="",C69=""),"",IFERROR(C69/1000*IFERROR(INDEX(Vöruskrá!R:R,MATCH(B69,Vöruskrá!B:B,0)),0)/1000,"")) -> 0
B70: Borðsalt | C70: 500 | D70: Salt (salt, kekkjavarnarefni E535, lyftiefni E500). | F70: Framleitt á svæði þar sem unnið er með mjólk, glúten, egg, sesam, sellerí, soja og sinnep. | G70: 0 | H70: 0 | I70: 0 | J70: 0 | K70: 0 | L70: 0 | M70: 100 | O70: =IF(OR(B70="",C70=""),"",IFERROR(C70/1000*IFERROR(INDEX(Vöruskrá!R:R,MATCH(B70,Vöruskrá!B:B,0)),0)/1000,"")) -> 0
B71: Country Grill grænmetisblanda | C71: 9000 | D71: Grilluð grænmeti: brokkólí 25%, kúrbítur 25%, eggaldin 20%, gul paprika 10%, rauð paprika 10%, laukur 10%, sólblómaolía. | G71: 57 | H71: 2.4 | I71: 0.5 | J71: 5.2 | K71: 3.8 | L71: 2 | M71: 0.2 | N71: 3.1 | O71: =IF(OR(B71="",C71=""),"",IFERROR(C71/1000*IFERROR(INDEX(Vöruskrá!R:R,MATCH(B71,Vöruskrá!B:B,0)),0)/1000,"")) -> 0
B72: Vatn | C72: 64526 | D72: Vatn | E72: Engir skráðir | G72: 0 | H72: 0 | I72: 0 | J72: 0 | K72: 0 | L72: 0 | M72: 0 | N72: 0 | O72: =IF(OR(B72="",C72=""),"",IFERROR(C72/1000*IFERROR(INDEX(Vöruskrá!R:R,MATCH(B72,Vöruskrá!B:B,0)),0)/1000,"")) -> 0
A73: Plokkfiskur - vegan | D73: Ýsa, salt. | Kartöflur | Laukur | Vatn (64%), jurtaolía (29%) (pálmakjarni, pálmi), þurrkað glúkósasíróp (5%), umbreytt sterkja, salt, bindiefni (E339, gellangúmmí), ýruefni (lesitín, E435, E472b), litarefni (karótín), náttúruleg bragðefni. | Vatn | Maíssterkja. | Salt (salt, kekkjavarnarefni E535, lyftiefni E500). | Svartur pipar 100%. | E73: Fiskur | G73: 92.03 | H73: 3.53 | I73: 2.56 | J73: 8.94 | L73: 6.53 | M73: 1.7 | N73: 0.91 | O73: =IF(OR(B73="",C73=""),"",IFERROR(C73/1000*IFERROR(INDEX(Vöruskrá!R:R,MATCH(B73,Vöruskrá!B:B,0)),0)/1000,"")) | P73: Matarstund | PLK-100KG-20260529 | Q73: 1. Hitið í potti við lágan hita í 15-20 mín, hrærið reglulega. 2. Gætið þess að brenna ekki við botn. 3. Berið fram með rúgbrauði. | R73: Hitið í potti við lágan hita í 15-20 mín, hrærið reglulega. Gætið botnbruna. Berið fram með rúgbrauði.
B74: Ýsa nætursöltuð | C74: 40000 | D74: Ýsa, salt. | E74: Fiskur | G74: 61 | H74: 1 | I74: 0 | J74: 0 | K74: 0 | L74: 14 | M74: 3 | O74: =IF(OR(B74="",C74=""),"",IFERROR(C74/1000*IFERROR(INDEX(Vöruskrá!R:R,MATCH(B74,Vöruskrá!B:B,0)),0)/1000,"")) -> 0
B75: Kartöflur (ferskar) | C75: 36000 | D75: Kartöflur | E75: Engir skráðir | G75: 77 | H75: 0.1 | I75: 0 | J75: 17 | K75: 0.8 | L75: 2 | M75: 0.006 | N75: 2.2 | O75: =IF(OR(B75="",C75=""),"",IFERROR(C75/1000*IFERROR(INDEX(Vöruskrá!R:R,MATCH(B75,Vöruskrá!B:B,0)),0)/1000,"")) -> 0
B76: Laukur (ferskur) | C76: 4500 | D76: Laukur | E76: Engir skráðir | G76: 40 | H76: 0.1 | I76: 0 | J76: 9.3 | K76: 4.2 | L76: 1.1 | M76: 0.004 | N76: 1.7 | O76: =IF(OR(B76="",C76=""),"",IFERROR(C76/1000*IFERROR(INDEX(Vöruskrá!R:R,MATCH(B76,Vöruskrá!B:B,0)),0)/1000,"")) -> 0
B77: Debic Vegan Top | C77: 10000 | D77: Vatn (64%), jurtaolía (29%) (pálmakjarni, pálmi), þurrkað glúkósasíróp (5%), umbreytt sterkja, salt, bindiefni (E339, gellangúmmí), ýruefni (lesitín, E435, E472b), litarefni (karótín), náttúruleg bragðefni. | E77: Engir skráðir | G77: 295 | H77: 30 | I77: 25 | J77: 6.2 | L77: 0 | M77: 0.1 | N77: 0 | O77: =IF(OR(B77="",C77=""),"",IFERROR(C77/1000*IFERROR(INDEX(Vöruskrá!R:R,MATCH(B77,Vöruskrá!B:B,0)),0)/1000,""))
B78: Vatn | C78: 5000 | D78: Vatn | E78: Engir skráðir | G78: 0 | H78: 0 | I78: 0 | J78: 0 | K78: 0 | L78: 0 | M78: 0 | N78: 0 | O78: =IF(OR(B78="",C78=""),"",IFERROR(C78/1000*IFERROR(INDEX(Vöruskrá!R:R,MATCH(B78,Vöruskrá!B:B,0)),0)/1000,"")) -> 0
B79: Maizenamjöl (majssterkja) | C79: 1800 | D79: Maíssterkja. | O79: =IF(OR(B79="",C79=""),"",IFERROR(C79/1000*IFERROR(INDEX(Vöruskrá!R:R,MATCH(B79,Vöruskrá!B:B,0)),0)/1000,"")) -> 0
B80: Borðsalt | C80: 450 | D80: Salt (salt, kekkjavarnarefni E535, lyftiefni E500). | F80: Framleitt á svæði þar sem unnið er með mjólk, glúten, egg, sesam, sellerí, soja og sinnep. | G80: 0 | H80: 0 | I80: 0 | J80: 0 | K80: 0 | L80: 0 | M80: 100 | O80: =IF(OR(B80="",C80=""),"",IFERROR(C80/1000*IFERROR(INDEX(Vöruskrá!R:R,MATCH(B80,Vöruskrá!B:B,0)),0)/1000,"")) -> 0
B81: Svartur pipar, malaður | C81: 50 | D81: Svartur pipar 100%. | F81: Framleitt á svæði þar sem unnið er með glúten, fisk, krabbadýr, lindýr, mjólk, soja, sellerí, sinnep og sesam. | G81: 386 | H81: 3.3 | I81: 1 | J81: 65 | K81: 0.6 | L81: 11 | M81: 0.1 | O81: =IF(OR(B81="",C81=""),"",IFERROR(C81/1000*IFERROR(INDEX(Vöruskrá!R:R,MATCH(B81,Vöruskrá!B:B,0)),0)/1000,"")) -> 0
A82: Nautagrýta | D82: Natugripakjöt 100%. | Sellerírót (33%), gulrætur (32%), blaðlaukur (15%), **sellerí** (10%), laukur (10%) | Tómatar (81%), laukur (8%), grænt chili, salt, maíssterkja, krydd og kryddjurtir (chilipipar, hvítlaukur, kúmen, cayennepipar, kóríander, oregano), jalapeño (0,6%), paprika, vínedik, límónusafi. | Tómatar | Hvítlaukur | Maíssterkja. | Salt (salt, kekkjavarnarefni E535, lyftiefni E500). | Svartur pipar 100%. | Vatn | E82: Sellerí | G82: 76.67 | H82: 3.91 | I82: 1.1 | J82: 2.61 | L82: 7.46 | M82: 0.76 | N82: 0.42 | O82: =IF(OR(B82="",C82=""),"",IFERROR(C82/1000*IFERROR(INDEX(Vöruskrá!R:R,MATCH(B82,Vöruskrá!B:B,0)),0)/1000,"")) | P82: Í-Mat / Matarstund | KH-20260605-1 | Q82: 1. Hitið grýtu í ofni 160°C í 45-60 mín eða í potti við lágan hita. 2. Berið fram með kartöflum eða brauði. | R82: Hitið grýtu í ofni 160°C í 45-60 mín eða potti við lágan hita. Berið fram með kartöflum eða brauði.
B83: Nautgripahakk 2 kg frosið | C83: 35000 | D83: Natugripakjöt 100%. | G83: 179 | H83: 11 | I83: 3.1 | J83: 0 | K83: 0 | L83: 20 | M83: 0.2 | N83: 0 | O83: =IF(OR(B83="",C83=""),"",IFERROR(C83/1000*IFERROR(INDEX(Vöruskrá!R:R,MATCH(B83,Vöruskrá!B:B,0)),0)/1000,"")) -> 0
B84: Brunoise grænmetisblanda | C84: 10000 | D84: Sellerírót (33%), gulrætur (32%), blaðlaukur (15%), **sellerí** (10%), laukur (10%) | E84: Sellerí | G84: 26 | H84: 0.4 | I84: 0.1 | J84: 3.4 | K84: 2.9 | L84: 1 | M84: 0.1 | N84: 2.5 | O84: =IF(OR(B84="",C84=""),"",IFERROR(C84/1000*IFERROR(INDEX(Vöruskrá!R:R,MATCH(B84,Vöruskrá!B:B,0)),0)/1000,"")) -> 0
B85: Chunky Salsa Medium | C85: 8000 | D85: Tómatar (81%), laukur (8%), grænt chili, salt, maíssterkja, krydd og kryddjurtir (chilipipar, hvítlaukur, kúmen, cayennepipar, kóríander, oregano), jalapeño (0,6%), paprika, vínedik, límónusafi. | G85: 33 | H85: 0 | I85: 0 | J85: 5.5 | K85: 4.8 | L85: 1.6 | M85: 1 | N85: 1.9 | O85: =IF(OR(B85="",C85=""),"",IFERROR(C85/1000*IFERROR(INDEX(Vöruskrá!R:R,MATCH(B85,Vöruskrá!B:B,0)),0)/1000,"")) -> 0
B86: Tómatpuré Doppio Concentrato 800 g (Menu) | C86: 3000 | D86: Tómatar | G86: 113 | H86: 0.4 | I86: 0 | J86: 19 | K86: 14 | L86: 6 | M86: 0.1 | O86: =IF(OR(B86="",C86=""),"",IFERROR(C86/1000*IFERROR(INDEX(Vöruskrá!R:R,MATCH(B86,Vöruskrá!B:B,0)),0)/1000,"")) -> 0
B87: Hvítlaukur (ferskur) | C87: 500 | D87: Hvítlaukur | E87: Engir skráðir | G87: 149 | H87: 0.5 | I87: 0.1 | J87: 33.1 | K87: 1 | L87: 6.4 | M87: 0.02 | N87: 2.1 | O87: =IF(OR(B87="",C87=""),"",IFERROR(C87/1000*IFERROR(INDEX(Vöruskrá!R:R,MATCH(B87,Vöruskrá!B:B,0)),0)/1000,"")) -> 0
B88: Maizenamjöl (majssterkja) | C88: 1200 | D88: Maíssterkja. | O88: =IF(OR(B88="",C88=""),"",IFERROR(C88/1000*IFERROR(INDEX(Vöruskrá!R:R,MATCH(B88,Vöruskrá!B:B,0)),0)/1000,"")) -> 0
B89: Borðsalt | C89: 600 | D89: Salt (salt, kekkjavarnarefni E535, lyftiefni E500). | F89: Framleitt á svæði þar sem unnið er með mjólk, glúten, egg, sesam, sellerí, soja og sinnep. | G89: 0 | H89: 0 | I89: 0 | J89: 0 | K89: 0 | L89: 0 | M89: 100 | O89: =IF(OR(B89="",C89=""),"",IFERROR(C89/1000*IFERROR(INDEX(Vöruskrá!R:R,MATCH(B89,Vöruskrá!B:B,0)),0)/1000,"")) -> 0
B90: Svartur pipar, malaður | C90: 100 | D90: Svartur pipar 100%. | F90: Framleitt á svæði þar sem unnið er með glúten, fisk, krabbadýr, lindýr, mjólk, soja, sellerí, sinnep og sesam. | G90: 386 | H90: 3.3 | I90: 1 | J90: 65 | K90: 0.6 | L90: 11 | M90: 0.1 | O90: =IF(OR(B90="",C90=""),"",IFERROR(C90/1000*IFERROR(INDEX(Vöruskrá!R:R,MATCH(B90,Vöruskrá!B:B,0)),0)/1000,"")) -> 0
B91: Vatn | C91: 41600 | D91: Vatn | E91: Engir skráðir | G91: 0 | H91: 0 | I91: 0 | J91: 0 | K91: 0 | L91: 0 | M91: 0 | N91: 0 | O91: =IF(OR(B91="",C91=""),"",IFERROR(C91/1000*IFERROR(INDEX(Vöruskrá!R:R,MATCH(B91,Vöruskrá!B:B,0)),0)/1000,"")) -> 0
A92: Gúllassúpa | D92: Natugripakjöt 100%. | Kartöflur | Gulrætur | Laukur | Rauð paprika 33%, græn paprika 33%, gul paprika 34%. | Tómatar | Salt (salt, kekkjavarnarefni E535, lyftiefni E500). | Svartur pipar 100%. | Vatn | E92: Engir skráðir | G92: 85.43 | H92: 3.39 | I92: 0.94 | J92: 6.81 | L92: 6.91 | M92: 0.67 | N92: 1.05 | O92: =IF(OR(B92="",C92=""),"",IFERROR(C92/1000*IFERROR(INDEX(Vöruskrá!R:R,MATCH(B92,Vöruskrá!B:B,0)),0)/1000,"")) | P92: Matarstund | GS-100KG-20260529 | Q92: 1. Hitið súpu í potti við meðalhita í 20-25 mín. 2. Berið fram með brauði. | R92: Hitið súpu í potti við meðalhita í 20-25 mín. Berið fram heitt með brauði.
B93: Nautgripahakk 2 kg frosið | C93: 30000 | D93: Natugripakjöt 100%. | G93: 179 | H93: 11 | I93: 3.1 | J93: 0 | K93: 0 | L93: 20 | M93: 0.2 | N93: 0 | O93: =IF(OR(B93="",C93=""),"",IFERROR(C93/1000*IFERROR(INDEX(Vöruskrá!R:R,MATCH(B93,Vöruskrá!B:B,0)),0)/1000,"")) -> 0
B94: Kartöflur (ferskar) | C94: 25000 | D94: Kartöflur | E94: Engir skráðir | G94: 77 | H94: 0.1 | I94: 0 | J94: 17 | K94: 0.8 | L94: 2 | M94: 0.006 | N94: 2.2 | O94: =IF(OR(B94="",C94=""),"",IFERROR(C94/1000*IFERROR(INDEX(Vöruskrá!R:R,MATCH(B94,Vöruskrá!B:B,0)),0)/1000,"")) -> 0
B95: Gulrætur (ferskar) | C95: 10000 | D95: Gulrætur | E95: Engir skráðir | G95: 41 | H95: 0.2 | I95: 0 | J95: 9.6 | K95: 4.7 | L95: 0.9 | M95: 0.07 | N95: 2.8 | O95: =IF(OR(B95="",C95=""),"",IFERROR(C95/1000*IFERROR(INDEX(Vöruskrá!R:R,MATCH(B95,Vöruskrá!B:B,0)),0)/1000,"")) -> 0
B96: Laukur (ferskur) | C96: 8000 | D96: Laukur | E96: Engir skráðir | G96: 40 | H96: 0.1 | I96: 0 | J96: 9.3 | K96: 4.2 | L96: 1.1 | M96: 0.004 | N96: 1.7 | O96: =IF(OR(B96="",C96=""),"",IFERROR(C96/1000*IFERROR(INDEX(Vöruskrá!R:R,MATCH(B96,Vöruskrá!B:B,0)),0)/1000,"")) -> 0
B97: Paprikuteningar litblandir | C97: 5000 | D97: Rauð paprika 33%, græn paprika 33%, gul paprika 34%. | G97: 28 | H97: 0.4 | I97: 0.1 | J97: 4.5 | K97: 4.3 | L97: 0.9 | M97: 0 | N97: 1.6 | O97: =IF(OR(B97="",C97=""),"",IFERROR(C97/1000*IFERROR(INDEX(Vöruskrá!R:R,MATCH(B97,Vöruskrá!B:B,0)),0)/1000,"")) -> 0
B98: Tómatpuré Doppio Concentrato 800 g (Menu) | C98: 3000 | D98: Tómatar | G98: 113 | H98: 0.4 | I98: 0 | J98: 19 | K98: 14 | L98: 6 | M98: 0.1 | O98: =IF(OR(B98="",C98=""),"",IFERROR(C98/1000*IFERROR(INDEX(Vöruskrá!R:R,MATCH(B98,Vöruskrá!B:B,0)),0)/1000,"")) -> 0
B99: Borðsalt | C99: 600 | D99: Salt (salt, kekkjavarnarefni E535, lyftiefni E500). | F99: Framleitt á svæði þar sem unnið er með mjólk, glúten, egg, sesam, sellerí, soja og sinnep. | G99: 0 | H99: 0 | I99: 0 | J99: 0 | K99: 0 | L99: 0 | M99: 100 | O99: =IF(OR(B99="",C99=""),"",IFERROR(C99/1000*IFERROR(INDEX(Vöruskrá!R:R,MATCH(B99,Vöruskrá!B:B,0)),0)/1000,"")) -> 0
B100: Svartur pipar, malaður | C100: 100 | D100: Svartur pipar 100%. | F100: Framleitt á svæði þar sem unnið er með glúten, fisk, krabbadýr, lindýr, mjólk, soja, sellerí, sinnep og sesam. | G100: 386 | H100: 3.3 | I100: 1 | J100: 65 | K100: 0.6 | L100: 11 | M100: 0.1 | O100: =IF(OR(B100="",C100=""),"",IFERROR(C100/1000*IFERROR(INDEX(Vöruskrá!R:R,MATCH(B100,Vöruskrá!B:B,0)),0)/1000,"")) -> 0
...

Sheet Grunnmatseðill
A1: GRUNNMATSEÐILL | T1: Eldunarleiðbeiningar | AB1: Gildir-listi (sjálfvirkt) ↓ | AC1: Bæði
A2: Dagsetning | B2: Dagur (sjálfvirkt) | C2: Vika (sjálfvirkt) | D2: Gildir fyrir | E2: Máltíðartegund | F2: Vara / Réttur (leitarnafn) | G2: Birtingarnafn (vefur) | H2: Skammtur Leikskóli (g) | I2: Skammtur Grunnskóli (g) | J2: Foodcost (kr/skammt) | K2: Innihaldslýsing (sjálfvirkt) | L2: Ofnæmisvaldar (sjálfvirkt) | M2: Fyrirvari (sjálfvirkt) | N2: Orka (kcal) | O2: Fita (g) | P2: Mettuð fita (g) | Q2: Kolvetni (g) | R2: Prótein (g) | S2: Salt (g) | T2: Eldunarpöntun (1, 2, 3...) | U2: Upphafsástand | V2: Eldunaraðferð | W2: Ofnhiti (°C) | X2: Eldunartími (mín) | Y2: Kjarnhiti (°C) | Z2: Hræra / snúa | AA2: Hvíld eftir eldun (mín) | AC2: Leikskóli
A3: 46195 | B3: Mánudagur | C3: 26 | D3: Leikskóli | E3: Aðalréttur | G3: Mildur kjúklinga-karríréttur, hrísgrjón | K3: Hrísgrjón 100% | Úrbeinað og skinnlaust kjúklingalæri 80%, vatn 19%, salt, sykur, þráavarnarefni (E331, E301), sýrustillir (E262). | Hrísgrjón 100% | Laukur (90%), repjuolía (10%). | Gulrætur | Kókosmjólk, vatn, gúargúmmí. | Hvítlauksduft 100% | Maíssterkja. | Salt (salt, kekkjavarnarefni E535, lyftiefni E500). | Svartur pipar 100%. | Vatn | L3: kókos | AC3: Grunnskóli
B4: Mánudagur | C4: 26 | D4: Leikskóli | E4: Aðalréttur | F4: Hrísgrjón Thai Hom Mali (Royal Umbrella) | G4: Hrísgrjón | H4: 80 | K4: Hrísgrjón 100% | N4: 292 | O4: 0.6 | P4: 0.2 | Q4: 64 | R4: 5.6 | S4: 0 | T4: 1 | U4: Kælt | V4: Ofn | W4: 150 | X4: 15 | Y4: 75 | Z4: Hylja, hræra einu sinni | AC4: Engidalsskóli
B5: Mánudagur | C5: 26 | D5: Leikskóli | E5: Aðalréttur | F5: Mildur kjúklingakarrýréttur | G5: Kjúklingakarrý | H5: 250 | K5: Úrbeinað og skinnlaust kjúklingalæri 80%, vatn 19%, salt, sykur, þráavarnarefni (E331, E301), sýrustillir (E262). | Hrísgrjón 100% | Laukur (90%), repjuolía (10%). | Gulrætur | Kókosmjólk, vatn, gúargúmmí. | Hvítlauksduft 100% | Maíssterkja. | Salt (salt, kekkjavarnarefni E535, lyftiefni E500). | Svartur pipar 100%. | Vatn | L5: kókos | N5: 423 | O5: 17 | P5: 7.6 | Q5: 47.8 | R5: 18.4 | S5: 2.5 | T5: 2 | U5: Kælt | V5: Pottur | X5: 20 | Y5: 75 | Z5: Hræra á 5 mín fresti | AC5: Hraunvallaskóli
B6: Mánudagur | C6: 26 | D6: Leikskóli | E6: Sérfæði | G6: Marrakesh pottréttur (mjólkur-/kjötlaus) | K6: Tómatar, kjúklingabaunir, laukur, gulrætur, sætar kartöflur, eplasafi, blómkál, repjuolía, döðlur, limesafi (inniheldur **SÚLFÍÐ**), paprikamauk, hvítlaukur, salt, kóríander, chilimauk, grænmetiskraftur, kúmen, engifer, túrmerik, svartur pipar, kanill. | L6: Súlfít, sellerí. | AC6: Hvaleyrarskóli
B7: Mánudagur | C7: 26 | D7: Leikskóli | E7: Sérfæði | F7: Marrakesh pottréttur | G7: Marrakesh pottréttur | H7: 250 | K7: Tómatar, kjúklingabaunir, laukur, gulrætur, sætar kartöflur, eplasafi, blómkál, repjuolía, döðlur, limesafi (inniheldur **SÚLFÍÐ**), paprikamauk, hvítlaukur, salt, kóríander, chilimauk, grænmetiskraftur, kúmen, engifer, túrmerik, svartur pipar, kanill. | L7: Súlfít, sellerí. | M7: Framleitt á svæði þar sem unnið er með hnetur | N7: 295 | O7: 11.3 | P7: 1 | Q7: 33.8 | R7: 9.5 | S7: 2.3 | T7: 1 | U7: Frosið | V7: Ofn | W7: 180 | X7: 22 | Y7: 75 | Z7: Hræra einu sinni | AA7: 2 | AC7: Lækjarskóli
B8: Mánudagur | C8: 26 | D8: Leikskóli | E8: Hliðarréttur | G8: Mildur grænmetis-karríréttur, hrísgrjón | K8: Hrísgrjón 100% | BYGG, kartöflur, kjúklingabaunir, grænar baunir, chilimauk, tómatpúrra, kartöflumjöl, salt, engifer, kóríander, hvítlaukur. | Hrísgrjón 100% | Laukur (90%), repjuolía (10%). | Gulrætur | Kókosmjólk, vatn, gúargúmmí. | Hvítlauksduft 100% | Maíssterkja. | Salt (salt, kekkjavarnarefni E535, lyftiefni E500). | Vatn | L8: Glúten (bygg), kókos | AC8: Öldutúnsskóli
B9: Mánudagur | C9: 26 | D9: Leikskóli | E9: Hliðarréttur | F9: Hrísgrjón Thai Hom Mali (Royal Umbrella) | G9: Hrísgrjón | H9: 80 | K9: Hrísgrjón 100% | N9: 292 | O9: 0.6 | P9: 0.2 | Q9: 64 | R9: 5.6 | S9: 0 | T9: 1 | U9: Kælt | V9: Ofn | W9: 150 | X9: 15 | Y9: 75 | Z9: Hylja, hræra einu sinni | AC9: Setbergsskóli
B10: Mánudagur | C10: 26 | D10: Leikskóli | E10: Hliðarréttur | F10: Mildur grænmetiskarrýréttur | G10: Grænmetiskarrý | H10: 250 | K10: BYGG, kartöflur, kjúklingabaunir, grænar baunir, chilimauk, tómatpúrra, kartöflumjöl, salt, engifer, kóríander, hvítlaukur. | Hrísgrjón 100% | Laukur (90%), repjuolía (10%). | Gulrætur | Kókosmjólk, vatn, gúargúmmí. | Hvítlauksduft 100% | Maíssterkja. | Salt (salt, kekkjavarnarefni E535, lyftiefni E500). | Vatn | L10: Glúten (bygg), kókos | N10: 492.7 | O10: 10.9 | P10: 6.3 | Q10: 82.1 | R10: 12 | S10: 2.6 | T10: 2 | U10: Kælt | V10: Pottur | X10: 20 | Y10: 75 | Z10: Hræra á 5 mín fresti | AC10: Skarðshlíðarskóli
B11: Mánudagur | C11: 26 | D11: Leikskóli | E11: Meðlætisbar | G11: Gúrka, ávextir | L11: Engir skráðir | V11: Engin (kalt) | AC11: Víðistaðaskóli
B12: Mánudagur | C12: 26 | D12: Leikskóli | E12: Síðdegishressing | G12: Skólabollur með osti og gúrku | K12: Vatn, heilkorna **rúg**mjöl 20%, heilkorna **hveiti**mjöl 17%, **hveiti**mjöl, **hveiti**glúten, **rúg**mjöl, þurrkað súrdeig (**rúg**, súrdeigsgerlar), **hveiti**kurl, ger, maltextrakt (**bygg**), repjuolía, joðbætt salt, þykkingarefni (E415), sýrustillir (E262), ýruefni (E471, E472e), mjölmeðhöndlunarefni (E300), maltað **hveiti**. | Mjólk, undanrenna, salt, ostahleypir. | L12: Glúten (rúgur, hveiti, bygg), Mjólk | AC12: Álfaberg
B13: Mánudagur | C13: 26 | D13: Leikskóli | E13: Síðdegishressing | F13: Skólabollur | G13: Skólabollur | H13: 45 | K13: Vatn, heilkorna **rúg**mjöl 20%, heilkorna **hveiti**mjöl 17%, **hveiti**mjöl, **hveiti**glúten, **rúg**mjöl, þurrkað súrdeig (**rúg**, súrdeigsgerlar), **hveiti**kurl, ger, maltextrakt (**bygg**), repjuolía, joðbætt salt, þykkingarefni (E415), sýrustillir (E262), ýruefni (E471, E472e), mjölmeðhöndlunarefni (E300), maltað **hveiti**. | L13: Glúten (rúgur, hveiti, bygg) | M13: Framleitt á svæði þar sem unnið er með sesamfræ, egg, mjólk og lúpínu | N13: 99.5 | O13: 1.3 | P13: 0.2 | Q13: 15.3 | R13: 5 | S13: 0.5 | T13: 1 | U13: Frosið | V13: Ofn | W13: 180 | X13: 7 | Z13: Snúa einu sinni | AA13: 2 | AC13: Arnarberg
B14: Mánudagur | C14: 26 | D14: Leikskóli | E14: Síðdegishressing | F14: Góðostur 26% sneiðar | G14: Ostur | H14: 15 | K14: Mjólk, undanrenna, salt, ostahleypir. | L14: Mjólk | N14: 49.5 | O14: 3.9 | P14: 2.1 | Q14: 0 | R14: 3.8 | S14: 0.2 | T14: 2 | U14: Kælt | V14: Engin (kalt) | AC14: Bjarkalundur
A15: 46196 | B15: Þriðjudagur | C15: 26 | D15: Leikskóli | E15: Aðalréttur | G15: Ofnbökuð ýsa, smælki, brætt smjör | K15: Kartöflur | Ýsa, raspur (**hveiti**, vatn, ger, salt, litarefni (E100, E160b)), hjúpur (**hveiti**, **glúten**, salt, umbreytt **hveiti**sterkja). | L15: Fiskur, hveiti, glúten | AC15: Hlíðarberg
B16: Þriðjudagur | C16: 26 | D16: Leikskóli | E16: Aðalréttur | F16: Forsoðnar kartöflur | G16: Kartöflusmælki | H16: 100 | K16: Kartöflur | L16: Engir skráðir | N16: 77 | O16: 0.1 | P16: 0 | Q16: 16.3 | R16: 1.8 | S16: 0 | T16: 1 | U16: Kælt | V16: Ofn | W16: 200 | X16: 15 | Y16: 75 | Z16: Hræra einu sinni | AC16: Hörðuvellir
B17: Þriðjudagur | C17: 26 | D17: Leikskóli | E17: Aðalréttur | F17: Ýsa í raspi | G17: Ýsa í raspi | H17: 130 | K17: Ýsa, raspur (**hveiti**, vatn, ger, salt, litarefni (E100, E160b)), hjúpur (**hveiti**, **glúten**, salt, umbreytt **hveiti**sterkja). | L17: Fiskur, hveiti, glúten | N17: 162.5 | O17: 1.3 | P17: 0.4 | Q17: 14.3 | R17: 23.4 | S17: 0.9 | T17: 2 | U17: Frosið | V17: Ofn | W17: 200 | X17: 18 | Y17: 75 | Z17: Snúa einu sinni | AA17: 3 | AC17: Leikskólinn við Hraunvallaskóla
B18: Þriðjudagur | C18: 26 | D18: Leikskóli | E18: Sérfæði | G18: Kjúklingabollur (fisklaust) | K18: Kjúklingaleggjakjöt, kartöflusterkja, vatn, **soja**prótein, salt, þurrkað grænmeti (laukur, hvítlaukur, paprika), bragðefni (**soja**), krydd (**sinnep**), þrúgusykur, **hveiti**prótein, gerextrakt, litarefni (E160c), krydd, ger, repjuolía, fosfat (E450) | Rjómi, salt. | L18: Hveiti, soja, sinnep, Mjólk | AC18: Leikskólinn við Skarðshlíðarskóla
B19: Þriðjudagur | C19: 26 | D19: Leikskóli | E19: Sérfæði | F19: Kjúklingabollur 5 kg | G19: Kjúklingabollur | H19: 130 | K19: Kjúklingaleggjakjöt, kartöflusterkja, vatn, **soja**prótein, salt, þurrkað grænmeti (laukur, hvítlaukur, paprika), bragðefni (**soja**), krydd (**sinnep**), þrúgusykur, **hveiti**prótein, gerextrakt, litarefni (E160c), krydd, ger, repjuolía, fosfat (E450) | L19: Hveiti, soja, sinnep | N19: 230.1 | O19: 11.7 | P19: 2.3 | Q19: 9.1 | R19: 22.1 | S19: 2.3 | T19: 1 | U19: Frosið | V19: Ofn | W19: 200 | X19: 14 | Y19: 75 | Z19: Snúa einu sinni | AA19: 2 | AC19: Smáralundur
B20: Þriðjudagur | C20: 26 | D20: Leikskóli | E20: Meðlæti | F20: Smjör 500 g | G20: Brætt smjör | H20: 10 | K20: Rjómi, salt. | L20: Mjólk | N20: 73.8 | O20: 8.2 | P20: 4.9 | Q20: 0 | R20: 0.1 | S20: 0.1 | T20: 3 | U20: Kælt | V20: Pottur | X20: 3 | Z20: Bræða við vægan hita | AC20: Stekkjarás
B21: Þriðjudagur | C21: 26 | D21: Leikskóli | E21: Hliðarréttur | G21: Grænmetisbuff, smælki, hvítlauksmæjó | K21: Kartöflur | Grænkál 17%, raspur 15% (**spelt**mjöl, poppað kínóa, sólblómaolía, salt, ger), forsoðið kínóa 13%, vatn, jurtaolía, kartöflur, gulrætur, ristaður laukur, **sojabaunir**, kartöfluflögur, **hveiti**mjöl, kryddblanda, sojasósa (vatn, salt, **sojabaunir**, **hveiti**), joðbætt salt, karríduft, hvítlauksduft, malað engifer, svartur pipar. | Repjuolía, vatn, hvítlaukur, **sinnep**, kryddblanda, sykur, umbreytt kartöflusterkja, salt, edik, rotvarnarefni (E260, E211, E202), **sinnep**sduft, sýra (E330), bindiefni (E415) | L21: Glúten (spelt, hveiti), soja., Sinnep | AC21: Tjarnarás
B22: Þriðjudagur | C22: 26 | D22: Leikskóli | E22: Hliðarréttur | F22: Forsoðnar kartöflur | G22: Kartöflusmælki | H22: 100 | K22: Kartöflur | L22: Engir skráðir | N22: 77 | O22: 0.1 | P22: 0 | Q22: 16.3 | R22: 1.8 | S22: 0 | T22: 1 | U22: Kælt | V22: Ofn | W22: 200 | X22: 15 | Y22: 75 | AC22: Vesturkot
B23: Þriðjudagur | C23: 26 | D23: Leikskóli | E23: Hliðarréttur | F23: Quinoa Grænkálsbuff | G23: Grænmetisbuff | H23: 140 | K23: Grænkál 17%, raspur 15% (**spelt**mjöl, poppað kínóa, sólblómaolía, salt, ger), forsoðið kínóa 13%, vatn, jurtaolía, kartöflur, gulrætur, ristaður laukur, **sojabaunir**, kartöfluflögur, **hveiti**mjöl, kryddblanda, sojasósa (vatn, salt, **sojabaunir**, **hveiti**), joðbætt salt, karríduft, hvítlauksduft, malað engifer, svartur pipar. | L23: Glúten (spelt, hveiti), soja. | N23: 296.8 | O23: 16 | P23: 1.8 | Q23: 30.4 | R23: 6.3 | S23: 1.4 | T23: 2 | U23: Frosið | V23: Ofn | W23: 200 | X23: 14 | Y23: 75 | Z23: Snúa einu sinni | AA23: 2 | AC23: Víðivellir
B24: Þriðjudagur | C24: 26 | D24: Leikskóli | E24: Meðlæti | F24: Hvítlauks aioli GARRI vegan 725 ml | G24: Hvítlauksmæjó | H24: 20 | K24: Repjuolía, vatn, hvítlaukur, **sinnep**, kryddblanda, sykur, umbreytt kartöflusterkja, salt, edik, rotvarnarefni (E260, E211, E202), **sinnep**sduft, sýra (E330), bindiefni (E415) | L24: Sinnep | N24: 103.8 | O24: 11.2 | P24: 0.7 | Q24: 1.2 | S24: 0.2 | T24: 3 | U24: Kælt | V24: Engin (kalt) | AC24: Álfakot
B25: Þriðjudagur | C25: 26 | D25: Leikskóli | E25: Meðlætisbar | G25: Byggsalat, ávextir | K25: Bygg, vatn, krydd (hvítur pipar, salt), sítrónusafi, olífu olía. | L25: Glúten (bygg) | V25: Engin (kalt) | AC25: Hraunsel
B26: Þriðjudagur | C26: 26 | D26: Leikskóli | E26: Meðlætisbar | F26: Byggsalat | G26: Byggsalat | H26: 20 | K26: Bygg, vatn, krydd (hvítur pipar, salt), sítrónusafi, olífu olía. | L26: Glúten (bygg) | N26: 24.2 | O26: 0.1 | P26: 0 | Q26: 5.6 | R26: 0.5 | S26: 0 | U26: Kælt | V26: Engin (kalt) | AC26: Holtasel
B27: Þriðjudagur | C27: 26 | D27: Leikskóli | E27: Síðdegishressing | G27: Maltað kornbrauð með kjúklingaáleggi | K27: Vatn, heil**hveiti**, **hveitimjöl**, brotin **rúgur**, súrdeig úr **hveiti**, **hveitiglúten**, **heilhveiti**, **durumhveiti**, ger, sólblómafræ, epli, kaldpressuð repjuolía, hörfræ, **bygg**malt, sykur, sýrustillir (sítrónusýra), salt. | Úrbeinuð skinnlaus kjúklingalæri (83%), vatn, salt, jurtaolía, sykur, mango chutney, ávaxtaþykkni, sýrustillir (E500), krydd reykbragðefni, rotvarnarefni (E262), þráavarnarefni (E320) | L27: Glúten (hveiti, rúgur) | AC27: Lækjarsel
B28: Þriðjudagur | C28: 26 | D28: Leikskóli | E28: Síðdegishressing | F28: Heilkornastykki | G28: Kornbrauð | H28: 60 | K28: Vatn, heil**hveiti**, **hveitimjöl**, brotin **rúgur**, súrdeig úr **hveiti**, **hveitiglúten**, **heilhveiti**, **durumhveiti**, ger, sólblómafræ, epli, kaldpressuð repjuolía, hörfræ, **bygg**malt, sykur, sýrustillir (sítrónusýra), salt. | L28: Glúten (hveiti, rúgur) | N28: 162 | O28: 3.1 | P28: 0.4 | Q28: 24 | R28: 7.2 | S28: 0.6 | T28: 1 | U28: Ferskt | V28: Engin (kalt) | AC28: Selið
B29: Þriðjudagur | C29: 26 | D29: Leikskóli | E29: Síðdegishressing | F29: kjúklinga Lærakjöt Rodizio | G29: Kjúklingaálegg | H29: 20 | K29: Úrbeinuð skinnlaus kjúklingalæri (83%), vatn, salt, jurtaolía, sykur, mango chutney, ávaxtaþykkni, sýrustillir (E500), krydd reykbragðefni, rotvarnarefni (E262), þráavarnarefni (E320) | N29: 41.2 | O29: 2 | P29: 0.4 | Q29: 0.8 | R29: 5 | S29: 0.6 | T29: 2 | U29: Kælt | V29: Engin (kalt) | AC29: Krakkaberg
A30: 46197 | B30: Miðvikudagur | C30: 26 | D30: Leikskóli | E30: Aðalréttur | G30: Grjónagrautur, lifrarpylsa | K30: **Mjólk**, hrísgrjón(12%), sykur, salt. | Lambalifur 32%, lambamör, **RÚGMJÖL**, **HAFRAMJÖL**, vatn, salt. | L30: Mjólk, Glúten (RÚGMJÖL, HAFRAMJÖL) | AC30: Skarðssel
B31: Miðvikudagur | C31: 26 | D31: Leikskóli | E31: Aðalréttur | F31: Heimilis grjónagrautur | G31: Grjónagrautur | H31: 250 | K31: **Mjólk**, hrísgrjón(12%), sykur, salt. | L31: Mjólk | N31: 227.5 | O31: 7.5 | P31: 4 | Q31: 35 | R31: 7.5 | S31: 1.3 | T31: 1 | U31: Kælt | V31: Pottur | X31: 15 | Y31: 75 | Z31: Hræra á 5 mín fresti svo hann brenni ekki við | AC31: Hraunkot
B32: Miðvikudagur | C32: 26 | D32: Leikskóli | E32: Aðalréttur | F32: Lifrarpylsa án mjólkur, soðin | G32: Lifrarpylsa | H32: 25 | K32: Lambalifur 32%, lambamör, **RÚGMJÖL**, **HAFRAMJÖL**, vatn, salt. | L32: Glúten (RÚGMJÖL, HAFRAMJÖL) | N32: 100.3 | O32: 8.2 | P32: 4.2 | Q32: 3.9 | R32: 2.6 | S32: 0.3 | T32: 2 | U32: Kælt | V32: Vatnsbað | X32: 20 | Y32: 75
B33: Miðvikudagur | C33: 26 | D33: Leikskóli | E33: Sérfæði | G33: Vegan grjónagrautur (mjólkurlaus) | K33: Vegan rjómi (vatn, kókoskjarnaolía, pálmaolía, þurrkað glúkósasíróp, umbreytt sterkja, salt, stöðugleikaefni fosfat E339, gellangúmmí, ýruefni lesitín, E435, E472b, litarefni karótín, náttúrulegt bragðefni), vatn, hrísgrjón, sykur, salt. | L33: Engir skráðir
B34: Miðvikudagur | C34: 26 | D34: Leikskóli | E34: Sérfæði | F34: Vegan grjónagrautur | G34: Vegan grjónagrautur | H34: 250 | K34: Vegan rjómi (vatn, kókoskjarnaolía, pálmaolía, þurrkað glúkósasíróp, umbreytt sterkja, salt, stöðugleikaefni fosfat E339, gellangúmmí, ýruefni lesitín, E435, E472b, litarefni karótín, náttúrulegt bragðefni), vatn, hrísgrjón, sykur, salt. | L34: Engir skráðir | N34: 185 | O34: 4 | P34: 0.8 | Q34: 32.5 | R34: 4.5 | S34: 1 | T34: 1 | U34: Kælt | V34: Pottur | X34: 15 | Y34: 75 | Z34: Hræra á 5 mín fresti
B35: Miðvikudagur | C35: 26 | D35: Leikskóli | E35: Hliðarréttur | G35: Vegan grjónagrautur, kanill | K35: Vegan rjómi (vatn, kókoskjarnaolía, pálmaolía, þurrkað glúkósasíróp, umbreytt sterkja, salt, stöðugleikaefni fosfat E339, gellangúmmí, ýruefni lesitín, E435, E472b, litarefni karótín, náttúrulegt bragðefni), vatn, hrísgrjón, sykur, salt. | L35: Engir skráðir
B36: Miðvikudagur | C36: 26 | D36: Leikskóli | E36: Hliðarréttur | F36: Vegan grjónagrautur | G36: Vegan grjónagrautur | H36: 250 | K36: Vegan rjómi (vatn, kókoskjarnaolía, pálmaolía, þurrkað glúkósasíróp, umbreytt sterkja, salt, stöðugleikaefni fosfat E339, gellangúmmí, ýruefni lesitín, E435, E472b, litarefni karótín, náttúrulegt bragðefni), vatn, hrísgrjón, sykur, salt. | L36: Engir skráðir | N36: 185 | O36: 4 | P36: 0.8 | Q36: 32.5 | R36: 4.5 | S36: 1 | T36: 1 | U36: Kælt | V36: Pottur | X36: 15 | Y36: 75 | Z36: Hræra á 5 mín fresti
B37: Miðvikudagur | C37: 26 | D37: Leikskóli | E37: Meðlætisbar | G37: Sólkjarnabrauð, smjör, ostur | K37: **Hveiti**, vatn, 12,3% - sólkjarnafræ, **rúgmjöl**, hörfræ, maltað **hveiti**, salt, maltað **bygg**, mjölmeðhöndlunarefni (E300), ger, malt extrakt (úr **byggi**), súrdeigsduft úr **hveiti** (**hveiti**, gerlar), dextrósi, **hveitiglúten**, bindiefni (E472e, E491), ensím, kekkjarvarnarefni (E535) | Rjómi, repjuolía, salt, A-vítamín og D-vítamín. | Mjólk, undanrenna, salt, ostahleypir. | L37: Glúten, Mjólk | V37: Engin (kalt)
B38: Miðvikudagur | C38: 26 | D38: Leikskóli | E38: Meðlætisbar | F38: Sólkjarnabrauð plötubrauð | G38: Sólkjarnabrauð | H38: 30 | K38: **Hveiti**, vatn, 12,3% - sólkjarnafræ, **rúgmjöl**, hörfræ, maltað **hveiti**, salt, maltað **bygg**, mjölmeðhöndlunarefni (E300), ger, malt extrakt (úr **byggi**), súrdeigsduft úr **hveiti** (**hveiti**, gerlar), dextrósi, **hveitiglúten**, bindiefni (E472e, E491), ensím, kekkjarvarnarefni (E535) | L38: Glúten | M38: Gæti innihaldið snefil af sesamfræjum | N38: 93.3 | O38: 3.2 | P38: 0.4 | Q38: 12.1 | R38: 3.2 | S38: 0.3 | U38: Ferskt | V38: Engin (kalt)
B39: Miðvikudagur | C39: 26 | D39: Leikskóli | E39: Meðlætisbar | F39: Smjörvi 400 g | G39: Smjörvi | H39: 5 | K39: Rjómi, repjuolía, salt, A-vítamín og D-vítamín. | L39: Mjólk | N39: 35.1 | O39: 3.9 | P39: 1.9 | Q39: 0 | R39: 0 | S39: 0.1 | U39: Kælt | V39: Engin (kalt)
B40: Miðvikudagur | C40: 26 | D40: Leikskóli | E40: Meðlætisbar | F40: Góðostur 26% sneiðar | G40: Ostur | H40: 15 | K40: Mjólk, undanrenna, salt, ostahleypir. | L40: Mjólk | N40: 49.5 | O40: 3.9 | P40: 2.1 | Q40: 0 | R40: 3.8 | S40: 0.2 | U40: Kælt | V40: Engin (kalt)
B41: Miðvikudagur | C41: 26 | D41: Leikskóli | E41: Síðdegishressing | G41: Tekex með osti og tómat, ávextir | L41: Engir skráðir | V41: Engin (kalt)
A42: 46198 | B42: Fimmtudagur | C42: 26 | D42: Leikskóli | E42: Aðalréttur | G42: Fiskibollur, smælki, karrísósa | K42: Kartöflur | **Þorskur**, laukur, kartöflumjöl, umbreytt sterkja, jurtatrefjar, **soja**prótein, laukduft, salt, bindiefni (E451), hvítur pipar repjuolía. | Repjuolía, vatn, kryddblanda (**sinnep**sduft, krydd, sýra E330), karrí, hunangslíki, umbreytt kartöflusterkja, sykur, grænmetiskraftur, salt, rotvarnarefni (E202), bindiefni (E412) | L42: Fiskur, soja, Sinnep
B43: Fimmtudagur | C43: 26 | D43: Leikskóli | E43: Aðalréttur | F43: Forsoðnar kartöflur | G43: Kartöflusmælki | H43: 100 | K43: Kartöflur | L43: Engir skráðir | N43: 77 | O43: 0.1 | P43: 0 | Q43: 16.3 | R43: 1.8 | S43: 0 | T43: 1 | U43: Kælt | V43: Ofn | W43: 200 | X43: 15 | Y43: 75
B44: Fimmtudagur | C44: 26 | D44: Leikskóli | E44: Aðalréttur | F44: Fiskibollur án glúten | G44: Fiskibollur | H44: 140 | K44: **Þorskur**, laukur, kartöflumjöl, umbreytt sterkja, jurtatrefjar, **soja**prótein, laukduft, salt, bindiefni (E451), hvítur pipar repjuolía. | L44: Fiskur, soja | N44: 175 | O44: 1.8 | P44: 0.1 | Q44: 19.9 | R44: 19.7 | S44: 2 | T44: 2 | U44: Frosið | V44: Ofn | W44: 200 | X44: 15 | Y44: 75 | Z44: Snúa einu sinni | AA44: 2
B45: Fimmtudagur | C45: 26 | D45: Leikskóli | E45: Aðalréttur | F45: Í MAT Karrísósa vegan 10 ltr | G45: Karrísósa | H45: 30 | K45: Repjuolía, vatn, kryddblanda (**sinnep**sduft, krydd, sýra E330), karrí, hunangslíki, umbreytt kartöflusterkja, sykur, grænmetiskraftur, salt, rotvarnarefni (E202), bindiefni (E412) | L45: Sinnep | N45: 159.6 | O45: 17.1 | P45: 1.1 | Q45: 1.8 | S45: 0.4 | T45: 3 | U45: Kælt | V45: Pottur | X45: 10 | Y45: 75 | Z45: Hræra reglulega
B46: Fimmtudagur | C46: 26 | D46: Leikskóli | E46: Sérfæði | G46: Kjúklingabollur (fisklaust) | K46: Kjúklingaleggjakjöt, kartöflusterkja, vatn, **soja**prótein, salt, þurrkað grænmeti (laukur, hvítlaukur, paprika), bragðefni (**soja**), krydd (**sinnep**), þrúgusykur, **hveiti**prótein, gerextrakt, litarefni (E160c), krydd, ger, repjuolía, fosfat (E450) | L46: Hveiti, soja, sinnep
B47: Fimmtudagur | C47: 26 | D47: Leikskóli | E47: Sérfæði | F47: Kjúklingabollur 5 kg | G47: Kjúklingabollur | H47: 140 | K47: Kjúklingaleggjakjöt, kartöflusterkja, vatn, **soja**prótein, salt, þurrkað grænmeti (laukur, hvítlaukur, paprika), bragðefni (**soja**), krydd (**sinnep**), þrúgusykur, **hveiti**prótein, gerextrakt, litarefni (E160c), krydd, ger, repjuolía, fosfat (E450) | L47: Hveiti, soja, sinnep | N47: 247.8 | O47: 12.6 | P47: 2.5 | Q47: 9.8 | R47: 23.8 | S47: 2.5 | T47: 1 | U47: Frosið | V47: Ofn | W47: 200 | X47: 14 | Y47: 75 | Z47: Snúa einu sinni | AA47: 2
B48: Fimmtudagur | C48: 26 | D48: Leikskóli | E48: Hliðarréttur | G48: Grænmetisbollur, smælki, karrísósa | K48: Kartöflur | Vatn, **BYGG**, kjúklingabaunir, sætar kartöflur, svartar baunir, laukur, kartöflur, baunaprótein, repjuolía, hvítlaukur, bindiefni, tómatpúrra, salt, basil, papríkukrydd, hvítur pipar, rósmarín. | Repjuolía, vatn, kryddblanda (**sinnep**sduft, krydd, sýra E330), karrí, hunangslíki, umbreytt kartöflusterkja, sykur, grænmetiskraftur, salt, rotvarnarefni (E202), bindiefni (E412) | L48: Glúten (bygg), Sinnep
B49: Fimmtudagur | C49: 26 | D49: Leikskóli | E49: Hliðarréttur | F49: Forsoðnar kartöflur | G49: Kartöflusmælki | H49: 100 | K49: Kartöflur | L49: Engir skráðir | N49: 77 | O49: 0.1 | P49: 0 | Q49: 16.3 | R49: 1.8 | S49: 0 | T49: 1 | U49: Kælt | V49: Ofn | W49: 200 | X49: 15 | Y49: 75
B50: Fimmtudagur | C50: 26 | D50: Leikskóli | E50: Hliðarréttur | F50: Grænmetisbollur | G50: Grænmetisbollur | H50: 140 | K50: Vatn, **BYGG**, kjúklingabaunir, sætar kartöflur, svartar baunir, laukur, kartöflur, baunaprótein, repjuolía, hvítlaukur, bindiefni, tómatpúrra, salt, basil, papríkukrydd, hvítur pipar, rósmarín. | L50: Glúten (bygg) | M50: Gæti innihaldið snefil af hnetum og sesam. | N50: 369.6 | O50: 10.9 | P50: 1 | Q50: 41.9 | R50: 18.6 | S50: 2.4 | T50: 2 | U50: Frosið | V50: Ofn | W50: 200 | X50: 14 | Y50: 75 | Z50: Snúa einu sinni | AA50: 2
B51: Fimmtudagur | C51: 26 | D51: Leikskóli | E51: Hliðarréttur | F51: Í MAT Karrísósa vegan 10 ltr | G51: Karrísósa | H51: 30 | K51: Repjuolía, vatn, kryddblanda (**sinnep**sduft, krydd, sýra E330), karrí, hunangslíki, umbreytt kartöflusterkja, sykur, grænmetiskraftur, salt, rotvarnarefni (E202), bindiefni (E412) | L51: Sinnep | N51: 159.6 | O51: 17.1 | P51: 1.1 | Q51: 1.8 | S51: 0.4 | T51: 3 | U51: Kælt | V51: Pottur | X51: 10 | Y51: 75 | Z51: Hræra reglulega
B52: Fimmtudagur | C52: 26 | D52: Leikskóli | E52: Meðlætisbar | G52: Hrásalat, ávextir | K52: Hvítkál (64%), gulrætur (13%), ananas, gúrka (8%), appelsínusósa (sykur, vatn, sítrónusýra E330, bragðefni, bindiefni E440, rotvarnarefni E202, E211) | L52: Engir skráðir | V52: Engin (kalt)
B53: Fimmtudagur | C53: 26 | D53: Leikskóli | E53: Meðlætisbar | F53: Hrásalat, ferskt | G53: Hrásalat | H53: 25 | K53: Hvítkál (64%), gulrætur (13%), ananas, gúrka (8%), appelsínusósa (sykur, vatn, sítrónusýra E330, bragðefni, bindiefni E440, rotvarnarefni E202, E211) | N53: 12.5 | O53: 0.1 | P53: 0 | Q53: 2.5 | R53: 0.3 | S53: 0 | U53: Ferskt | V53: Engin (kalt)
B54: Fimmtudagur | C54: 26 | D54: Leikskóli | E54: Síðdegishressing | G54: Heimilisbrauð með kjúklingaáleggi | K54: **Hveiti**, vatn, **HVEITIKURL**, repjuolía, ger, salt, **HVEITITREFJAR**, mjölmeðhöndlunarefni (E300), ýruefni (E481) | Úrbeinuð skinnlaus kjúklingalæri (83%), vatn, salt, jurtaolía, sykur, mango chutney, ávaxtaþykkni, sýrustillir (E500), krydd reykbragðefni, rotvarnarefni (E262), þráavarnarefni (E320) | L54: Glúten (hveiti)
B55: Fimmtudagur | C55: 26 | D55: Leikskóli | E55: Síðdegishressing | F55: Heimilisbrauð 1/1 | G55: Heimilisbrauð | H55: 30 | K55: **Hveiti**, vatn, **HVEITIKURL**, repjuolía, ger, salt, **HVEITITREFJAR**, mjölmeðhöndlunarefni (E300), ýruefni (E481) | L55: Glúten (hveiti) | M55: Framleitt á svæði þar sem unnið er með sesamfræ, mjólk, egg og lúpínu | N55: 75 | O55: 0.8 | P55: 0.1 | Q55: 13.5 | R55: 2.7 | S55: 0.4 | T55: 1 | U55: Ferskt | V55: Engin (kalt)
B56: Fimmtudagur | C56: 26 | D56: Leikskóli | E56: Síðdegishressing | F56: kjúklinga Lærakjöt Rodizio | G56: Kjúklingaálegg | H56: 20 | K56: Úrbeinuð skinnlaus kjúklingalæri (83%), vatn, salt, jurtaolía, sykur, mango chutney, ávaxtaþykkni, sýrustillir (E500), krydd reykbragðefni, rotvarnarefni (E262), þráavarnarefni (E320) | N56: 41.2 | O56: 2 | P56: 0.4 | Q56: 0.8 | R56: 5 | S56: 0.6 | T56: 2 | U56: Kælt | V56: Engin (kalt)
A57: 46199 | B57: Föstudagur | C57: 26 | D57: Leikskóli | E57: Aðalréttur | G57: Spaghetti með kjúkling og rjómasósu | K57: Úrbeinað og skinnlaust kjúklingalæri 80%, vatn 19%, salt, sykur, þráavarnarefni (E331, E301), sýrustillir (E262). | **Mjólk**. Fitusprengd og gerilsneydd. | Gerilsneydd **mjólk**, pálmaolía, kekkjavarnarefni (kartöflumjöl), salt, **mjólkursýrugerlar**, ostahleypir. | Gulrætur | Laukur | Maíssterkja. | Salt (salt, kekkjavarnarefni E535, lyftiefni E500). | Svartur pipar 100%. | Vatn | L57: Mjólk
B58: Föstudagur | C58: 26 | D58: Leikskóli | E58: Aðalréttur | F58: Spaghetti með kjúkling í mildri rjómasósu | G58: Spaghetti með kjúkling | H58: 250 | K58: Úrbeinað og skinnlaust kjúklingalæri 80%, vatn 19%, salt, sykur, þráavarnarefni (E331, E301), sýrustillir (E262). | **Mjólk**. Fitusprengd og gerilsneydd. | Gerilsneydd **mjólk**, pálmaolía, kekkjavarnarefni (kartöflumjöl), salt, **mjólkursýrugerlar**, ostahleypir. | Gulrætur | Laukur | Maíssterkja. | Salt (salt, kekkjavarnarefni E535, lyftiefni E500). | Svartur pipar 100%. | Vatn | L58: Mjólk | N58: 270 | O58: 15.6 | P58: 5.3 | Q58: 10.1 | R58: 22.3 | S58: 2 | T58: 1 | U58: Kælt | V58: Pottur | X58: 20 | Y58: 75 | Z58: Hræra á 5 mín fresti
B59: Föstudagur | C59: 26 | D59: Leikskóli | E59: Sérfæði | G59: Vegan mexicosúpa (mjólkur-/kjötlaus) | K59: Pálmafita, tómatduft (20,5%), umbreytt sterkja, sykur, salt, bragðefni, sterkja, repjuolía, laukduft, þurrkað glúkósasíróp, þykkingarefni (xantangúmmí (E415)), sýra (eplasýra, mjólkursýra), hvítur pipar. | Rauð paprika 33%, græn paprika 33%, gul paprika 34%. | Laukur (90%), repjuolía (10%). | Fennika | Grænmetiskraftur (vatn, laukur, gulrótarsafi, tómatur, jurtaextrakt), glúkósasíróp, bragðefni, salt, gerextrakt, maltódextrín, sykur, sólblómaolía. | Hvítlaukur | Salt (salt, kekkjavarnarefni E535, lyftiefni E500). | Grilluð grænmeti: brokkólí 25%, kúrbítur 25%, eggaldin 20%, gul paprika 10%, rauð paprika 10%, laukur 10%, sólblómaolía. | Vatn | L59: Engir skráðir
B60: Föstudagur | C60: 26 | D60: Leikskóli | E60: Sérfæði | F60: Vegan mexicosúpa | G60: Vegan mexicosúpa | H60: 250 | K60: Pálmafita, tómatduft (20,5%), umbreytt sterkja, sykur, salt, bragðefni, sterkja, repjuolía, laukduft, þurrkað glúkósasíróp, þykkingarefni (xantangúmmí (E415)), sýra (eplasýra, mjólkursýra), hvítur pipar. | Rauð paprika 33%, græn paprika 33%, gul paprika 34%. | Laukur (90%), repjuolía (10%). | Fennika | Grænmetiskraftur (vatn, laukur, gulrótarsafi, tómatur, jurtaextrakt), glúkósasíróp, bragðefni, salt, gerextrakt, maltódextrín, sykur, sólblómaolía. | Hvítlaukur | Salt (salt, kekkjavarnarefni E535, lyftiefni E500). | Grilluð grænmeti: brokkólí 25%, kúrbítur 25%, eggaldin 20%, gul paprika 10%, rauð paprika 10%, laukur 10%, sólblómaolía. | Vatn | L60: Engir skráðir | N60: 135.4 | O60: 5.8 | P60: 2.1 | Q60: 16.8 | R60: 3.4 | S60: 6.6 | T60: 1 | U60: Kælt | V60: Pottur | X60: 20 | Y60: 75 | Z60: Hræra á 5 mín fresti
B61: Föstudagur | C61: 26 | D61: Leikskóli | E61: Hliðarréttur | G61: Spaghetti með grænmeti og osti | K61: Gerilsneydd **mjólk**, pálmaolía, kekkjavarnarefni (kartöflumjöl), salt, **mjólkursýrugerlar**, ostahleypir. | **Mjólk**. Fitusprengd og gerilsneydd. | Gulrætur 100%. | Laukur | Maíssterkja. | Salt (salt, kekkjavarnarefni E535, lyftiefni E500). | Svartur pipar 100%. | L61: Mjólk
B62: Föstudagur | C62: 26 | D62: Leikskóli | E62: Hliðarréttur | F62: Pastagratín með osti og grænmeti | G62: Pasta með grænmeti | H62: 200 | K62: Gerilsneydd **mjólk**, pálmaolía, kekkjavarnarefni (kartöflumjöl), salt, **mjólkursýrugerlar**, ostahleypir. | **Mjólk**. Fitusprengd og gerilsneydd. | Gulrætur 100%. | Laukur | Maíssterkja. | Salt (salt, kekkjavarnarefni E535, lyftiefni E500). | Svartur pipar 100%. | L62: Mjólk | N62: 325.8 | O62: 20 | P62: 11.5 | Q62: 13.3 | R62: 22.1 | S62: 3 | T62: 1 | U62: Kælt | V62: Ofn | W62: 180 | X62: 28 | Y62: 75 | AA62: 5
B63: Föstudagur | C63: 26 | D63: Leikskóli | E63: Meðlætisbar | G63: Paprika, ávextir | L63: Engir skráðir | V63: Engin (kalt)
B64: Föstudagur | C64: 26 | D64: Leikskóli | E64: Síðdegishressing | G64: Rúsínubrauð með osti og papriku | L64: Engir skráðir | V64: Engin (kalt)
K65: =IF(F65="","",IFERROR(IFERROR(INDEX(Réttabanki!D:D,MATCH(F65,Réttabanki!A:A,0)),""),IFERROR(IFERROR(INDEX(Vöruskrá!F:F,MATCH(F65,Vöruskrá!B:B,0)),""),""))) | L65: =IF(F65="","",IFERROR(IFERROR(INDEX(Réttabanki!E:E,MATCH(F65,Réttabanki!A:A,0)),""),IFERROR(IFERROR(INDEX(Vöruskrá!G:G,MATCH(F65,Vöruskrá!B:B,0)),""),""))) | M65: =IF(F65="","",IFERROR(IFERROR(INDEX(Réttabanki!F:F,MATCH(F65,Réttabanki!A:A,0)),""),IFERROR(IFERROR(INDEX(Vöruskrá!H:H,MATCH(F65,Vöruskrá!B:B,0)),""),""))) | N65: =IF(OR(F65="",H65=""),"",IFERROR(IFERROR(INDEX(Réttabanki!G:G,MATCH(F65,Réttabanki!A:A,0)),"")*H65/100,IFERROR(IFERROR(INDEX(Vöruskrá!J:J,MATCH(F65,Vöruskrá!B:B,0)),"")*H65/100,""))) | O65: =IF(OR(F65="",H65=""),"",IFERROR(IFERROR(INDEX(Réttabanki!H:H,MATCH(F65,Réttabanki!A:A,0)),"")*H65/100,IFERROR(IFERROR(INDEX(Vöruskrá!K:K,MATCH(F65,Vöruskrá!B:B,0)),"")*H65/100,""))) | P65: =IF(OR(F65="",H65=""),"",IFERROR(IFERROR(INDEX(Réttabanki!I:I,MATCH(F65,Réttabanki!A:A,0)),"")*H65/100,IFERROR(IFERROR(INDEX(Vöruskrá!L:L,MATCH(F65,Vöruskrá!B:B,0)),"")*H65/100,""))) | Q65: =IF(OR(F65="",H65=""),"",IFERROR(IFERROR(INDEX(Réttabanki!J:J,MATCH(F65,Réttabanki!A:A,0)),"")*H65/100,IFERROR(IFERROR(INDEX(Vöruskrá!M:M,MATCH(F65,Vöruskrá!B:B,0)),"")*H65/100,""))) | R65: =IF(OR(F65="",H65=""),"",IFERROR(IFERROR(INDEX(Réttabanki!K:K,MATCH(F65,Réttabanki!A:A,0)),"")*H65/100,IFERROR(IFERROR(INDEX(Vöruskrá!O:O,MATCH(F65,Vöruskrá!B:B,0)),"")*H65/100,""))) | S65: =IF(OR(F65="",H65=""),"",IFERROR(IFERROR(INDEX(Réttabanki!L:L,MATCH(F65,Réttabanki!A:A,0)),"")*H65/100,IFERROR(IFERROR(INDEX(Vöruskrá!P:P,MATCH(F65,Vöruskrá!B:B,0)),"")*H65/100,""))) | T65: =IF(F65="","",IFERROR(INDEX(Réttabanki!Q:Q,MATCH(F65,Réttabanki!A:A,0)),IFERROR(INDEX(Réttabanki!Q:Q,MATCH(F65,Réttabanki!B:B,0)),"")))
K66: =IF(F66="","",IFERROR(IFERROR(INDEX(Réttabanki!D:D,MATCH(F66,Réttabanki!A:A,0)),""),IFERROR(IFERROR(INDEX(Vöruskrá!F:F,MATCH(F66,Vöruskrá!B:B,0)),""),""))) | L66: =IF(F66="","",IFERROR(IFERROR(INDEX(Réttabanki!E:E,MATCH(F66,Réttabanki!A:A,0)),""),IFERROR(IFERROR(INDEX(Vöruskrá!G:G,MATCH(F66,Vöruskrá!B:B,0)),""),""))) | M66: =IF(F66="","",IFERROR(IFERROR(INDEX(Réttabanki!F:F,MATCH(F66,Réttabanki!A:A,0)),""),IFERROR(IFERROR(INDEX(Vöruskrá!H:H,MATCH(F66,Vöruskrá!B:B,0)),""),""))) | N66: =IF(OR(F66="",H66=""),"",IFERROR(IFERROR(INDEX(Réttabanki!G:G,MATCH(F66,Réttabanki!A:A,0)),"")*H66/100,IFERROR(IFERROR(INDEX(Vöruskrá!J:J,MATCH(F66,Vöruskrá!B:B,0)),"")*H66/100,""))) | O66: =IF(OR(F66="",H66=""),"",IFERROR(IFERROR(INDEX(Réttabanki!H:H,MATCH(F66,Réttabanki!A:A,0)),"")*H66/100,IFERROR(IFERROR(INDEX(Vöruskrá!K:K,MATCH(F66,Vöruskrá!B:B,0)),"")*H66/100,""))) | P66: =IF(OR(F66="",H66=""),"",IFERROR(IFERROR(INDEX(Réttabanki!I:I,MATCH(F66,Réttabanki!A:A,0)),"")*H66/100,IFERROR(IFERROR(INDEX(Vöruskrá!L:L,MATCH(F66,Vöruskrá!B:B,0)),"")*H66/100,""))) | Q66: =IF(OR(F66="",H66=""),"",IFERROR(IFERROR(INDEX(Réttabanki!J:J,MATCH(F66,Réttabanki!A:A,0)),"")*H66/100,IFERROR(IFERROR(INDEX(Vöruskrá!M:M,MATCH(F66,Vöruskrá!B:B,0)),"")*H66/100,""))) | R66: =IF(OR(F66="",H66=""),"",IFERROR(IFERROR(INDEX(Réttabanki!K:K,MATCH(F66,Réttabanki!A:A,0)),"")*H66/100,IFERROR(IFERROR(INDEX(Vöruskrá!O:O,MATCH(F66,Vöruskrá!B:B,0)),"")*H66/100,""))) | S66: =IF(OR(F66="",H66=""),"",IFERROR(IFERROR(INDEX(Réttabanki!L:L,MATCH(F66,Réttabanki!A:A,0)),"")*H66/100,IFERROR(IFERROR(INDEX(Vöruskrá!P:P,MATCH(F66,Vöruskrá!B:B,0)),"")*H66/100,""))) | T66: =IF(F66="","",IFERROR(INDEX(Réttabanki!Q:Q,MATCH(F66,Réttabanki!A:A,0)),IFERROR(INDEX(Réttabanki!Q:Q,MATCH(F66,Réttabanki!B:B,0)),"")))
K67: =IF(F67="","",IFERROR(IFERROR(INDEX(Réttabanki!D:D,MATCH(F67,Réttabanki!A:A,0)),""),IFERROR(IFERROR(INDEX(Vöruskrá!F:F,MATCH(F67,Vöruskrá!B:B,0)),""),""))) | L67: =IF(F67="","",IFERROR(IFERROR(INDEX(Réttabanki!E:E,MATCH(F67,Réttabanki!A:A,0)),""),IFERROR(IFERROR(INDEX(Vöruskrá!G:G,MATCH(F67,Vöruskrá!B:B,0)),""),""))) | M67: =IF(F67="","",IFERROR(IFERROR(INDEX(Réttabanki!F:F,MATCH(F67,Réttabanki!A:A,0)),""),IFERROR(IFERROR(INDEX(Vöruskrá!H:H,MATCH(F67,Vöruskrá!B:B,0)),""),""))) | N67: =IF(OR(F67="",H67=""),"",IFERROR(IFERROR(INDEX(Réttabanki!G:G,MATCH(F67,Réttabanki!A:A,0)),"")*H67/100,IFERROR(IFERROR(INDEX(Vöruskrá!J:J,MATCH(F67,Vöruskrá!B:B,0)),"")*H67/100,""))) | O67: =IF(OR(F67="",H67=""),"",IFERROR(IFERROR(INDEX(Réttabanki!H:H,MATCH(F67,Réttabanki!A:A,0)),"")*H67/100,IFERROR(IFERROR(INDEX(Vöruskrá!K:K,MATCH(F67,Vöruskrá!B:B,0)),"")*H67/100,""))) | P67: =IF(OR(F67="",H67=""),"",IFERROR(IFERROR(INDEX(Réttabanki!I:I,MATCH(F67,Réttabanki!A:A,0)),"")*H67/100,IFERROR(IFERROR(INDEX(Vöruskrá!L:L,MATCH(F67,Vöruskrá!B:B,0)),"")*H67/100,""))) | Q67: =IF(OR(F67="",H67=""),"",IFERROR(IFERROR(INDEX(Réttabanki!J:J,MATCH(F67,Réttabanki!A:A,0)),"")*H67/100,IFERROR(IFERROR(INDEX(Vöruskrá!M:M,MATCH(F67,Vöruskrá!B:B,0)),"")*H67/100,""))) | R67: =IF(OR(F67="",H67=""),"",IFERROR(IFERROR(INDEX(Réttabanki!K:K,MATCH(F67,Réttabanki!A:A,0)),"")*H67/100,IFERROR(IFERROR(INDEX(Vöruskrá!O:O,MATCH(F67,Vöruskrá!B:B,0)),"")*H67/100,""))) | S67: =IF(OR(F67="",H67=""),"",IFERROR(IFERROR(INDEX(Réttabanki!L:L,MATCH(F67,Réttabanki!A:A,0)),"")*H67/100,IFERROR(IFERROR(INDEX(Vöruskrá!P:P,MATCH(F67,Vöruskrá!B:B,0)),"")*H67/100,""))) | T67: =IF(F67="","",IFERROR(INDEX(Réttabanki!Q:Q,MATCH(F67,Réttabanki!A:A,0)),IFERROR(INDEX(Réttabanki!Q:Q,MATCH(F67,Réttabanki!B:B,0)),"")))
K68: =IF(F68="","",IFERROR(IFERROR(INDEX(Réttabanki!D:D,MATCH(F68,Réttabanki!A:A,0)),""),IFERROR(IFERROR(INDEX(Vöruskrá!F:F,MATCH(F68,Vöruskrá!B:B,0)),""),""))) | L68: =IF(F68="","",IFERROR(IFERROR(INDEX(Réttabanki!E:E,MATCH(F68,Réttabanki!A:A,0)),""),IFERROR(IFERROR(INDEX(Vöruskrá!G:G,MATCH(F68,Vöruskrá!B:B,0)),""),""))) | M68: =IF(F68="","",IFERROR(IFERROR(INDEX(Réttabanki!F:F,MATCH(F68,Réttabanki!A:A,0)),""),IFERROR(IFERROR(INDEX(Vöruskrá!H:H,MATCH(F68,Vöruskrá!B:B,0)),""),""))) | N68: =IF(OR(F68="",H68=""),"",IFERROR(IFERROR(INDEX(Réttabanki!G:G,MATCH(F68,Réttabanki!A:A,0)),"")*H68/100,IFERROR(IFERROR(INDEX(Vöruskrá!J:J,MATCH(F68,Vöruskrá!B:B,0)),"")*H68/100,""))) | O68: =IF(OR(F68="",H68=""),"",IFERROR(IFERROR(INDEX(Réttabanki!H:H,MATCH(F68,Réttabanki!A:A,0)),"")*H68/100,IFERROR(IFERROR(INDEX(Vöruskrá!K:K,MATCH(F68,Vöruskrá!B:B,0)),"")*H68/100,""))) | P68: =IF(OR(F68="",H68=""),"",IFERROR(IFERROR(INDEX(Réttabanki!I:I,MATCH(F68,Réttabanki!A:A,0)),"")*H68/100,IFERROR(IFERROR(INDEX(Vöruskrá!L:L,MATCH(F68,Vöruskrá!B:B,0)),"")*H68/100,""))) | Q68: =IF(OR(F68="",H68=""),"",IFERROR(IFERROR(INDEX(Réttabanki!J:J,MATCH(F68,Réttabanki!A:A,0)),"")*H68/100,IFERROR(IFERROR(INDEX(Vöruskrá!M:M,MATCH(F68,Vöruskrá!B:B,0)),"")*H68/100,""))) | R68: =IF(OR(F68="",H68=""),"",IFERROR(IFERROR(INDEX(Réttabanki!K:K,MATCH(F68,Réttabanki!A:A,0)),"")*H68/100,IFERROR(IFERROR(INDEX(Vöruskrá!O:O,MATCH(F68,Vöruskrá!B:B,0)),"")*H68/100,""))) | S68: =IF(OR(F68="",H68=""),"",IFERROR(IFERROR(INDEX(Réttabanki!L:L,MATCH(F68,Réttabanki!A:A,0)),"")*H68/100,IFERROR(IFERROR(INDEX(Vöruskrá!P:P,MATCH(F68,Vöruskrá!B:B,0)),"")*H68/100,""))) | T68: =IF(F68="","",IFERROR(INDEX(Réttabanki!Q:Q,MATCH(F68,Réttabanki!A:A,0)),IFERROR(INDEX(Réttabanki!Q:Q,MATCH(F68,Réttabanki!B:B,0)),"")))
K69: =IF(F69="","",IFERROR(IFERROR(INDEX(Réttabanki!D:D,MATCH(F69,Réttabanki!A:A,0)),""),IFERROR(IFERROR(INDEX(Vöruskrá!F:F,MATCH(F69,Vöruskrá!B:B,0)),""),""))) | L69: =IF(F69="","",IFERROR(IFERROR(INDEX(Réttabanki!E:E,MATCH(F69,Réttabanki!A:A,0)),""),IFERROR(IFERROR(INDEX(Vöruskrá!G:G,MATCH(F69,Vöruskrá!B:B,0)),""),""))) | M69: =IF(F69="","",IFERROR(IFERROR(INDEX(Réttabanki!F:F,MATCH(F69,Réttabanki!A:A,0)),""),IFERROR(IFERROR(INDEX(Vöruskrá!H:H,MATCH(F69,Vöruskrá!B:B,0)),""),""))) | N69: =IF(OR(F69="",H69=""),"",IFERROR(IFERROR(INDEX(Réttabanki!G:G,MATCH(F69,Réttabanki!A:A,0)),"")*H69/100,IFERROR(IFERROR(INDEX(Vöruskrá!J:J,MATCH(F69,Vöruskrá!B:B,0)),"")*H69/100,""))) | O69: =IF(OR(F69="",H69=""),"",IFERROR(IFERROR(INDEX(Réttabanki!H:H,MATCH(F69,Réttabanki!A:A,0)),"")*H69/100,IFERROR(IFERROR(INDEX(Vöruskrá!K:K,MATCH(F69,Vöruskrá!B:B,0)),"")*H69/100,""))) | P69: =IF(OR(F69="",H69=""),"",IFERROR(IFERROR(INDEX(Réttabanki!I:I,MATCH(F69,Réttabanki!A:A,0)),"")*H69/100,IFERROR(IFERROR(INDEX(Vöruskrá!L:L,MATCH(F69,Vöruskrá!B:B,0)),"")*H69/100,""))) | Q69: =IF(OR(F69="",H69=""),"",IFERROR(IFERROR(INDEX(Réttabanki!J:J,MATCH(F69,Réttabanki!A:A,0)),"")*H69/100,IFERROR(IFERROR(INDEX(Vöruskrá!M:M,MATCH(F69,Vöruskrá!B:B,0)),"")*H69/100,""))) | R69: =IF(OR(F69="",H69=""),"",IFERROR(IFERROR(INDEX(Réttabanki!K:K,MATCH(F69,Réttabanki!A:A,0)),"")*H69/100,IFERROR(IFERROR(INDEX(Vöruskrá!O:O,MATCH(F69,Vöruskrá!B:B,0)),"")*H69/100,""))) | S69: =IF(OR(F69="",H69=""),"",IFERROR(IFERROR(INDEX(Réttabanki!L:L,MATCH(F69,Réttabanki!A:A,0)),"")*H69/100,IFERROR(IFERROR(INDEX(Vöruskrá!P:P,MATCH(F69,Vöruskrá!B:B,0)),"")*H69/100,""))) | T69: =IF(F69="","",IFERROR(INDEX(Réttabanki!Q:Q,MATCH(F69,Réttabanki!A:A,0)),IFERROR(INDEX(Réttabanki!Q:Q,MATCH(F69,Réttabanki!B:B,0)),"")))
K70: =IF(F70="","",IFERROR(IFERROR(INDEX(Réttabanki!D:D,MATCH(F70,Réttabanki!A:A,0)),""),IFERROR(IFERROR(INDEX(Vöruskrá!F:F,MATCH(F70,Vöruskrá!B:B,0)),""),""))) | L70: =IF(F70="","",IFERROR(IFERROR(INDEX(Réttabanki!E:E,MATCH(F70,Réttabanki!A:A,0)),""),IFERROR(IFERROR(INDEX(Vöruskrá!G:G,MATCH(F70,Vöruskrá!B:B,0)),""),""))) | M70: =IF(F70="","",IFERROR(IFERROR(INDEX(Réttabanki!F:F,MATCH(F70,Réttabanki!A:A,0)),""),IFERROR(IFERROR(INDEX(Vöruskrá!H:H,MATCH(F70,Vöruskrá!B:B,0)),""),""))) | N70: =IF(OR(F70="",H70=""),"",IFERROR(IFERROR(INDEX(Réttabanki!G:G,MATCH(F70,Réttabanki!A:A,0)),"")*H70/100,IFERROR(IFERROR(INDEX(Vöruskrá!J:J,MATCH(F70,Vöruskrá!B:B,0)),"")*H70/100,""))) | O70: =IF(OR(F70="",H70=""),"",IFERROR(IFERROR(INDEX(Réttabanki!H:H,MATCH(F70,Réttabanki!A:A,0)),"")*H70/100,IFERROR(IFERROR(INDEX(Vöruskrá!K:K,MATCH(F70,Vöruskrá!B:B,0)),"")*H70/100,""))) | P70: =IF(OR(F70="",H70=""),"",IFERROR(IFERROR(INDEX(Réttabanki!I:I,MATCH(F70,Réttabanki!A:A,0)),"")*H70/100,IFERROR(IFERROR(INDEX(Vöruskrá!L:L,MATCH(F70,Vöruskrá!B:B,0)),"")*H70/100,""))) | Q70: =IF(OR(F70="",H70=""),"",IFERROR(IFERROR(INDEX(Réttabanki!J:J,MATCH(F70,Réttabanki!A:A,0)),"")*H70/100,IFERROR(IFERROR(INDEX(Vöruskrá!M:M,MATCH(F70,Vöruskrá!B:B,0)),"")*H70/100,""))) | R70: =IF(OR(F70="",H70=""),"",IFERROR(IFERROR(INDEX(Réttabanki!K:K,MATCH(F70,Réttabanki!A:A,0)),"")*H70/100,IFERROR(IFERROR(INDEX(Vöruskrá!O:O,MATCH(F70,Vöruskrá!B:B,0)),"")*H70/100,""))) | S70: =IF(OR(F70="",H70=""),"",IFERROR(IFERROR(INDEX(Réttabanki!L:L,MATCH(F70,Réttabanki!A:A,0)),"")*H70/100,IFERROR(IFERROR(INDEX(Vöruskrá!P:P,MATCH(F70,Vöruskrá!B:B,0)),"")*H70/100,""))) | T70: =IF(F70="","",IFERROR(INDEX(Réttabanki!Q:Q,MATCH(F70,Réttabanki!A:A,0)),IFERROR(INDEX(Réttabanki!Q:Q,MATCH(F70,Réttabanki!B:B,0)),"")))
K71: =IF(F71="","",IFERROR(IFERROR(INDEX(Réttabanki!D:D,MATCH(F71,Réttabanki!A:A,0)),""),IFERROR(IFERROR(INDEX(Vöruskrá!F:F,MATCH(F71,Vöruskrá!B:B,0)),""),""))) | L71: =IF(F71="","",IFERROR(IFERROR(INDEX(Réttabanki!E:E,MATCH(F71,Réttabanki!A:A,0)),""),IFERROR(IFERROR(INDEX(Vöruskrá!G:G,MATCH(F71,Vöruskrá!B:B,0)),""),""))) | M71: =IF(F71="","",IFERROR(IFERROR(INDEX(Réttabanki!F:F,MATCH(F71,Réttabanki!A:A,0)),""),IFERROR(IFERROR(INDEX(Vöruskrá!H:H,MATCH(F71,Vöruskrá!B:B,0)),""),""))) | N71: =IF(OR(F71="",H71=""),"",IFERROR(IFERROR(INDEX(Réttabanki!G:G,MATCH(F71,Réttabanki!A:A,0)),"")*H71/100,IFERROR(IFERROR(INDEX(Vöruskrá!J:J,MATCH(F71,Vöruskrá!B:B,0)),"")*H71/100,""))) | O71: =IF(OR(F71="",H71=""),"",IFERROR(IFERROR(INDEX(Réttabanki!H:H,MATCH(F71,Réttabanki!A:A,0)),"")*H71/100,IFERROR(IFERROR(INDEX(Vöruskrá!K:K,MATCH(F71,Vöruskrá!B:B,0)),"")*H71/100,""))) | P71: =IF(OR(F71="",H71=""),"",IFERROR(IFERROR(INDEX(Réttabanki!I:I,MATCH(F71,Réttabanki!A:A,0)),"")*H71/100,IFERROR(IFERROR(INDEX(Vöruskrá!L:L,MATCH(F71,Vöruskrá!B:B,0)),"")*H71/100,""))) | Q71: =IF(OR(F71="",H71=""),"",IFERROR(IFERROR(INDEX(Réttabanki!J:J,MATCH(F71,Réttabanki!A:A,0)),"")*H71/100,IFERROR(IFERROR(INDEX(Vöruskrá!M:M,MATCH(F71,Vöruskrá!B:B,0)),"")*H71/100,""))) | R71: =IF(OR(F71="",H71=""),"",IFERROR(IFERROR(INDEX(Réttabanki!K:K,MATCH(F71,Réttabanki!A:A,0)),"")*H71/100,IFERROR(IFERROR(INDEX(Vöruskrá!O:O,MATCH(F71,Vöruskrá!B:B,0)),"")*H71/100,""))) | S71: =IF(OR(F71="",H71=""),"",IFERROR(IFERROR(INDEX(Réttabanki!L:L,MATCH(F71,Réttabanki!A:A,0)),"")*H71/100,IFERROR(IFERROR(INDEX(Vöruskrá!P:P,MATCH(F71,Vöruskrá!B:B,0)),"")*H71/100,""))) | T71: =IF(F71="","",IFERROR(INDEX(Réttabanki!Q:Q,MATCH(F71,Réttabanki!A:A,0)),IFERROR(INDEX(Réttabanki!Q:Q,MATCH(F71,Réttabanki!B:B,0)),"")))
K72: =IF(F72="","",IFERROR(IFERROR(INDEX(Réttabanki!D:D,MATCH(F72,Réttabanki!A:A,0)),""),IFERROR(IFERROR(INDEX(Vöruskrá!F:F,MATCH(F72,Vöruskrá!B:B,0)),""),""))) | L72: =IF(F72="","",IFERROR(IFERROR(INDEX(Réttabanki!E:E,MATCH(F72,Réttabanki!A:A,0)),""),IFERROR(IFERROR(INDEX(Vöruskrá!G:G,MATCH(F72,Vöruskrá!B:B,0)),""),""))) | M72: =IF(F72="","",IFERROR(IFERROR(INDEX(Réttabanki!F:F,MATCH(F72,Réttabanki!A:A,0)),""),IFERROR(IFERROR(INDEX(Vöruskrá!H:H,MATCH(F72,Vöruskrá!B:B,0)),""),""))) | N72: =IF(OR(F72="",H72=""),"",IFERROR(IFERROR(INDEX(Réttabanki!G:G,MATCH(F72,Réttabanki!A:A,0)),"")*H72/100,IFERROR(IFERROR(INDEX(Vöruskrá!J:J,MATCH(F72,Vöruskrá!B:B,0)),"")*H72/100,""))) | O72: =IF(OR(F72="",H72=""),"",IFERROR(IFERROR(INDEX(Réttabanki!H:H,MATCH(F72,Réttabanki!A:A,0)),"")*H72/100,IFERROR(IFERROR(INDEX(Vöruskrá!K:K,MATCH(F72,Vöruskrá!B:B,0)),"")*H72/100,""))) | P72: =IF(OR(F72="",H72=""),"",IFERROR(IFERROR(INDEX(Réttabanki!I:I,MATCH(F72,Réttabanki!A:A,0)),"")*H72/100,IFERROR(IFERROR(INDEX(Vöruskrá!L:L,MATCH(F72,Vöruskrá!B:B,0)),"")*H72/100,""))) | Q72: =IF(OR(F72="",H72=""),"",IFERROR(IFERROR(INDEX(Réttabanki!J:J,MATCH(F72,Réttabanki!A:A,0)),"")*H72/100,IFERROR(IFERROR(INDEX(Vöruskrá!M:M,MATCH(F72,Vöruskrá!B:B,0)),"")*H72/100,""))) | R72: =IF(OR(F72="",H72=""),"",IFERROR(IFERROR(INDEX(Réttabanki!K:K,MATCH(F72,Réttabanki!A:A,0)),"")*H72/100,IFERROR(IFERROR(INDEX(Vöruskrá!O:O,MATCH(F72,Vöruskrá!B:B,0)),"")*H72/100,""))) | S72: =IF(OR(F72="",H72=""),"",IFERROR(IFERROR(INDEX(Réttabanki!L:L,MATCH(F72,Réttabanki!A:A,0)),"")*H72/100,IFERROR(IFERROR(INDEX(Vöruskrá!P:P,MATCH(F72,Vöruskrá!B:B,0)),"")*H72/100,""))) | T72: =IF(F72="","",IFERROR(INDEX(Réttabanki!Q:Q,MATCH(F72,Réttabanki!A:A,0)),IFERROR(INDEX(Réttabanki!Q:Q,MATCH(F72,Réttabanki!B:B,0)),"")))
K73: =IF(F73="","",IFERROR(IFERROR(INDEX(Réttabanki!D:D,MATCH(F73,Réttabanki!A:A,0)),""),IFERROR(IFERROR(INDEX(Vöruskrá!F:F,MATCH(F73,Vöruskrá!B:B,0)),""),""))) | L73: =IF(F73="","",IFERROR(IFERROR(INDEX(Réttabanki!E:E,MATCH(F73,Réttabanki!A:A,0)),""),IFERROR(IFERROR(INDEX(Vöruskrá!G:G,MATCH(F73,Vöruskrá!B:B,0)),""),""))) | M73: =IF(F73="","",IFERROR(IFERROR(INDEX(Réttabanki!F:F,MATCH(F73,Réttabanki!A:A,0)),""),IFERROR(IFERROR(INDEX(Vöruskrá!H:H,MATCH(F73,Vöruskrá!B:B,0)),""),""))) | N73: =IF(OR(F73="",H73=""),"",IFERROR(IFERROR(INDEX(Réttabanki!G:G,MATCH(F73,Réttabanki!A:A,0)),"")*H73/100,IFERROR(IFERROR(INDEX(Vöruskrá!J:J,MATCH(F73,Vöruskrá!B:B,0)),"")*H73/100,""))) | O73: =IF(OR(F73="",H73=""),"",IFERROR(IFERROR(INDEX(Réttabanki!H:H,MATCH(F73,Réttabanki!A:A,0)),"")*H73/100,IFERROR(IFERROR(INDEX(Vöruskrá!K:K,MATCH(F73,Vöruskrá!B:B,0)),"")*H73/100,""))) | P73: =IF(OR(F73="",H73=""),"",IFERROR(IFERROR(INDEX(Réttabanki!I:I,MATCH(F73,Réttabanki!A:A,0)),"")*H73/100,IFERROR(IFERROR(INDEX(Vöruskrá!L:L,MATCH(F73,Vöruskrá!B:B,0)),"")*H73/100,""))) | Q73: =IF(OR(F73="",H73=""),"",IFERROR(IFERROR(INDEX(Réttabanki!J:J,MATCH(F73,Réttabanki!A:A,0)),"")*H73/100,IFERROR(IFERROR(INDEX(Vöruskrá!M:M,MATCH(F73,Vöruskrá!B:B,0)),"")*H73/100,""))) | R73: =IF(OR(F73="",H73=""),"",IFERROR(IFERROR(INDEX(Réttabanki!K:K,MATCH(F73,Réttabanki!A:A,0)),"")*H73/100,IFERROR(IFERROR(INDEX(Vöruskrá!O:O,MATCH(F73,Vöruskrá!B:B,0)),"")*H73/100,""))) | S73: =IF(OR(F73="",H73=""),"",IFERROR(IFERROR(INDEX(Réttabanki!L:L,MATCH(F73,Réttabanki!A:A,0)),"")*H73/100,IFERROR(IFERROR(INDEX(Vöruskrá!P:P,MATCH(F73,Vöruskrá!B:B,0)),"")*H73/100,""))) | T73: =IF(F73="","",IFERROR(INDEX(Réttabanki!Q:Q,MATCH(F73,Réttabanki!A:A,0)),IFERROR(INDEX(Réttabanki!Q:Q,MATCH(F73,Réttabanki!B:B,0)),"")))
K74: =IF(F74="","",IFERROR(IFERROR(INDEX(Réttabanki!D:D,MATCH(F74,Réttabanki!A:A,0)),""),IFERROR(IFERROR(INDEX(Vöruskrá!F:F,MATCH(F74,Vöruskrá!B:B,0)),""),""))) | L74: =IF(F74="","",IFERROR(IFERROR(INDEX(Réttabanki!E:E,MATCH(F74,Réttabanki!A:A,0)),""),IFERROR(IFERROR(INDEX(Vöruskrá!G:G,MATCH(F74,Vöruskrá!B:B,0)),""),""))) | M74: =IF(F74="","",IFERROR(IFERROR(INDEX(Réttabanki!F:F,MATCH(F74,Réttabanki!A:A,0)),""),IFERROR(IFERROR(INDEX(Vöruskrá!H:H,MATCH(F74,Vöruskrá!B:B,0)),""),""))) | N74: =IF(OR(F74="",H74=""),"",IFERROR(IFERROR(INDEX(Réttabanki!G:G,MATCH(F74,Réttabanki!A:A,0)),"")*H74/100,IFERROR(IFERROR(INDEX(Vöruskrá!J:J,MATCH(F74,Vöruskrá!B:B,0)),"")*H74/100,""))) | O74: =IF(OR(F74="",H74=""),"",IFERROR(IFERROR(INDEX(Réttabanki!H:H,MATCH(F74,Réttabanki!A:A,0)),"")*H74/100,IFERROR(IFERROR(INDEX(Vöruskrá!K:K,MATCH(F74,Vöruskrá!B:B,0)),"")*H74/100,""))) | P74: =IF(OR(F74="",H74=""),"",IFERROR(IFERROR(INDEX(Réttabanki!I:I,MATCH(F74,Réttabanki!A:A,0)),"")*H74/100,IFERROR(IFERROR(INDEX(Vöruskrá!L:L,MATCH(F74,Vöruskrá!B:B,0)),"")*H74/100,""))) | Q74: =IF(OR(F74="",H74=""),"",IFERROR(IFERROR(INDEX(Réttabanki!J:J,MATCH(F74,Réttabanki!A:A,0)),"")*H74/100,IFERROR(IFERROR(INDEX(Vöruskrá!M:M,MATCH(F74,Vöruskrá!B:B,0)),"")*H74/100,""))) | R74: =IF(OR(F74="",H74=""),"",IFERROR(IFERROR(INDEX(Réttabanki!K:K,MATCH(F74,Réttabanki!A:A,0)),"")*H74/100,IFERROR(IFERROR(INDEX(Vöruskrá!O:O,MATCH(F74,Vöruskrá!B:B,0)),"")*H74/100,""))) | S74: =IF(OR(F74="",H74=""),"",IFERROR(IFERROR(INDEX(Réttabanki!L:L,MATCH(F74,Réttabanki!A:A,0)),"")*H74/100,IFERROR(IFERROR(INDEX(Vöruskrá!P:P,MATCH(F74,Vöruskrá!B:B,0)),"")*H74/100,""))) | T74: =IF(F74="","",IFERROR(INDEX(Réttabanki!Q:Q,MATCH(F74,Réttabanki!A:A,0)),IFERROR(INDEX(Réttabanki!Q:Q,MATCH(F74,Réttabanki!B:B,0)),"")))
K75: =IF(F75="","",IFERROR(IFERROR(INDEX(Réttabanki!D:D,MATCH(F75,Réttabanki!A:A,0)),""),IFERROR(IFERROR(INDEX(Vöruskrá!F:F,MATCH(F75,Vöruskrá!B:B,0)),""),""))) | L75: =IF(F75="","",IFERROR(IFERROR(INDEX(Réttabanki!E:E,MATCH(F75,Réttabanki!A:A,0)),""),IFERROR(IFERROR(INDEX(Vöruskrá!G:G,MATCH(F75,Vöruskrá!B:B,0)),""),""))) | M75: =IF(F75="","",IFERROR(IFERROR(INDEX(Réttabanki!F:F,MATCH(F75,Réttabanki!A:A,0)),""),IFERROR(IFERROR(INDEX(Vöruskrá!H:H,MATCH(F75,Vöruskrá!B:B,0)),""),""))) | N75: =IF(OR(F75="",H75=""),"",IFERROR(IFERROR(INDEX(Réttabanki!G:G,MATCH(F75,Réttabanki!A:A,0)),"")*H75/100,IFERROR(IFERROR(INDEX(Vöruskrá!J:J,MATCH(F75,Vöruskrá!B:B,0)),"")*H75/100,""))) | O75: =IF(OR(F75="",H75=""),"",IFERROR(IFERROR(INDEX(Réttabanki!H:H,MATCH(F75,Réttabanki!A:A,0)),"")*H75/100,IFERROR(IFERROR(INDEX(Vöruskrá!K:K,MATCH(F75,Vöruskrá!B:B,0)),"")*H75/100,""))) | P75: =IF(OR(F75="",H75=""),"",IFERROR(IFERROR(INDEX(Réttabanki!I:I,MATCH(F75,Réttabanki!A:A,0)),"")*H75/100,IFERROR(IFERROR(INDEX(Vöruskrá!L:L,MATCH(F75,Vöruskrá!B:B,0)),"")*H75/100,""))) | Q75: =IF(OR(F75="",H75=""),"",IFERROR(IFERROR(INDEX(Réttabanki!J:J,MATCH(F75,Réttabanki!A:A,0)),"")*H75/100,IFERROR(IFERROR(INDEX(Vöruskrá!M:M,MATCH(F75,Vöruskrá!B:B,0)),"")*H75/100,""))) | R75: =IF(OR(F75="",H75=""),"",IFERROR(IFERROR(INDEX(Réttabanki!K:K,MATCH(F75,Réttabanki!A:A,0)),"")*H75/100,IFERROR(IFERROR(INDEX(Vöruskrá!O:O,MATCH(F75,Vöruskrá!B:B,0)),"")*H75/100,""))) | S75: =IF(OR(F75="",H75=""),"",IFERROR(IFERROR(INDEX(Réttabanki!L:L,MATCH(F75,Réttabanki!A:A,0)),"")*H75/100,IFERROR(IFERROR(INDEX(Vöruskrá!P:P,MATCH(F75,Vöruskrá!B:B,0)),"")*H75/100,""))) | T75: =IF(F75="","",IFERROR(INDEX(Réttabanki!Q:Q,MATCH(F75,Réttabanki!A:A,0)),IFERROR(INDEX(Réttabanki!Q:Q,MATCH(F75,Réttabanki!B:B,0)),"")))
K76: =IF(F76="","",IFERROR(IFERROR(INDEX(Réttabanki!D:D,MATCH(F76,Réttabanki!A:A,0)),""),IFERROR(IFERROR(INDEX(Vöruskrá!F:F,MATCH(F76,Vöruskrá!B:B,0)),""),""))) | L76: =IF(F76="","",IFERROR(IFERROR(INDEX(Réttabanki!E:E,MATCH(F76,Réttabanki!A:A,0)),""),IFERROR(IFERROR(INDEX(Vöruskrá!G:G,MATCH(F76,Vöruskrá!B:B,0)),""),""))) | M76: =IF(F76="","",IFERROR(IFERROR(INDEX(Réttabanki!F:F,MATCH(F76,Réttabanki!A:A,0)),""),IFERROR(IFERROR(INDEX(Vöruskrá!H:H,MATCH(F76,Vöruskrá!B:B,0)),""),""))) | N76: =IF(OR(F76="",H76=""),"",IFERROR(IFERROR(INDEX(Réttabanki!G:G,MATCH(F76,Réttabanki!A:A,0)),"")*H76/100,IFERROR(IFERROR(INDEX(Vöruskrá!J:J,MATCH(F76,Vöruskrá!B:B,0)),"")*H76/100,""))) | O76: =IF(OR(F76="",H76=""),"",IFERROR(IFERROR(INDEX(Réttabanki!H:H,MATCH(F76,Réttabanki!A:A,0)),"")*H76/100,IFERROR(IFERROR(INDEX(Vöruskrá!K:K,MATCH(F76,Vöruskrá!B:B,0)),"")*H76/100,""))) | P76: =IF(OR(F76="",H76=""),"",IFERROR(IFERROR(INDEX(Réttabanki!I:I,MATCH(F76,Réttabanki!A:A,0)),"")*H76/100,IFERROR(IFERROR(INDEX(Vöruskrá!L:L,MATCH(F76,Vöruskrá!B:B,0)),"")*H76/100,""))) | Q76: =IF(OR(F76="",H76=""),"",IFERROR(IFERROR(INDEX(Réttabanki!J:J,MATCH(F76,Réttabanki!A:A,0)),"")*H76/100,IFERROR(IFERROR(INDEX(Vöruskrá!M:M,MATCH(F76,Vöruskrá!B:B,0)),"")*H76/100,""))) | R76: =IF(OR(F76="",H76=""),"",IFERROR(IFERROR(INDEX(Réttabanki!K:K,MATCH(F76,Réttabanki!A:A,0)),"")*H76/100,IFERROR(IFERROR(INDEX(Vöruskrá!O:O,MATCH(F76,Vöruskrá!B:B,0)),"")*H76/100,""))) | S76: =IF(OR(F76="",H76=""),"",IFERROR(IFERROR(INDEX(Réttabanki!L:L,MATCH(F76,Réttabanki!A:A,0)),"")*H76/100,IFERROR(IFERROR(INDEX(Vöruskrá!P:P,MATCH(F76,Vöruskrá!B:B,0)),"")*H76/100,""))) | T76: =IF(F76="","",IFERROR(INDEX(Réttabanki!Q:Q,MATCH(F76,Réttabanki!A:A,0)),IFERROR(INDEX(Réttabanki!Q:Q,MATCH(F76,Réttabanki!B:B,0)),"")))
... K930: =IF(F930="","",IFERROR(IFERROR(INDEX(Réttabanki!D:D,MATCH(F930,Réttabanki!A:A,0)),""),IFERROR(IFERROR(INDEX(Vöruskrá!F:F,MATCH(F930,Vöruskrá!B:B,0)),""),""))) | L930: =IF(F930="","",IFERROR(IFERROR(INDEX(Réttabanki!E:E,MATCH(F930,Réttabanki!A:A,0)),""),IFERROR(IFERROR(INDEX(Vöruskrá!G:G,MATCH(F930,Vöruskrá!B:B,0)),""),""))) | M930: =IF(F930="","",IFERROR(IFERROR(INDEX(Réttabanki!F:F,MATCH(F930,Réttabanki!A:A,0)),""),IFERROR(IFERROR(INDEX(Vöruskrá!H:H,MATCH(F930,Vöruskrá!B:B,0)),""),""))) | N930: =IF(OR(F930="",H930=""),"",IFERROR(IFERROR(INDEX(Réttabanki!G:G,MATCH(F930,Réttabanki!A:A,0)),"")*H930/100,IFERROR(IFERROR(INDEX(Vöruskrá!J:J,MATCH(F930,Vöruskrá!B:B,0)),"")*H930/100,""))) | O930: =IF(OR(F930="",H930=""),"",IFERROR(IFERROR(INDEX(Réttabanki!H:H,MATCH(F930,Réttabanki!A:A,0)),"")*H930/100,IFERROR(IFERROR(INDEX(Vöruskrá!K:K,MATCH(F930,Vöruskrá!B:B,0)),"")*H930/100,""))) | P930: =IF(OR(F930="",H930=""),"",IFERROR(IFERROR(INDEX(Réttabanki!I:I,MATCH(F930,Réttabanki!A:A,0)),"")*H930/100,IFERROR(IFERROR(INDEX(Vöruskrá!L:L,MATCH(F930,Vöruskrá!B:B,0)),"")*H930/100,""))) | Q930: =IF(OR(F930="",H930=""),"",IFERROR(IFERROR(INDEX(Réttabanki!J:J,MATCH(F930,Réttabanki!A:A,0)),"")*H930/100,IFERROR(IFERROR(INDEX(Vöruskrá!M:M,MATCH(F930,Vöruskrá!B:B,0)),"")*H930/100,""))) | R930: =IF(OR(F930="",H930=""),"",IFERROR(IFERROR(INDEX(Réttabanki!K:K,MATCH(F930,Réttabanki!A:A,0)),"")*H930/100,IFERROR(IFERROR(INDEX(Vöruskrá!O:O,MATCH(F930,Vöruskrá!B:B,0)),"")*H930/100,""))) | S930: =IF(OR(F930="",H930=""),"",IFERROR(IFERROR(INDEX(Réttabanki!L:L,MATCH(F930,Réttabanki!A:A,0)),"")*H930/100,IFERROR(IFERROR(INDEX(Vöruskrá!P:P,MATCH(F930,Vöruskrá!B:B,0)),"")*H930/100,""))) | T930: =IF(F930="","",IFERROR(INDEX(Réttabanki!Q:Q,MATCH(F930,Réttabanki!A:A,0)),IFERROR(INDEX(Réttabanki!Q:Q,MATCH(F930,Réttabanki!B:B,0)),"")))
T931: =IF(F931="","",IFERROR(INDEX(Réttabanki!Q:Q,MATCH(F931,Réttabanki!A:A,0)),IFERROR(INDEX(Réttabanki!Q:Q,MATCH(F931,Réttabanki!B:B,0)),"")))
T932: =IF(F932="","",IFERROR(INDEX(Réttabanki!Q:Q,MATCH(F932,Réttabanki!A:A,0)),IFERROR(INDEX(Réttabanki!Q:Q,MATCH(F932,Réttabanki!B:B,0)),"")))
T933: =IF(F933="","",IFERROR(INDEX(Réttabanki!Q:Q,MATCH(F933,Réttabanki!A:A,0)),IFERROR(INDEX(Réttabanki!Q:Q,MATCH(F933,Réttabanki!B:B,0)),"")))
T934: =IF(F934="","",IFERROR(INDEX(Réttabanki!Q:Q,MATCH(F934,Réttabanki!A:A,0)),IFERROR(INDEX(Réttabanki!Q:Q,MATCH(F934,Réttabanki!B:B,0)),"")))
T935: =IF(F935="","",IFERROR(INDEX(Réttabanki!Q:Q,MATCH(F935,Réttabanki!A:A,0)),IFERROR(INDEX(Réttabanki!Q:Q,MATCH(F935,Réttabanki!B:B,0)),"")))
T936: =IF(F936="","",IFERROR(INDEX(Réttabanki!Q:Q,MATCH(F936,Réttabanki!A:A,0)),IFERROR(INDEX(Réttabanki!Q:Q,MATCH(F936,Réttabanki!B:B,0)),"")))
T937: =IF(F937="","",IFERROR(INDEX(Réttabanki!Q:Q,MATCH(F937,Réttabanki!A:A,0)),IFERROR(INDEX(Réttabanki!Q:Q,MATCH(F937,Réttabanki!B:B,0)),"")))
T938: =IF(F938="","",IFERROR(INDEX(Réttabanki!Q:Q,MATCH(F938,Réttabanki!A:A,0)),IFERROR(INDEX(Réttabanki!Q:Q,MATCH(F938,Réttabanki!B:B,0)),"")))
T939: =IF(F939="","",IFERROR(INDEX(Réttabanki!Q:Q,MATCH(F939,Réttabanki!A:A,0)),IFERROR(INDEX(Réttabanki!Q:Q,MATCH(F939,Réttabanki!B:B,0)),"")))
T940: =IF(F940="","",IFERROR(INDEX(Réttabanki!Q:Q,MATCH(F940,Réttabanki!A:A,0)),IFERROR(INDEX(Réttabanki!Q:Q,MATCH(F940,Réttabanki!B:B,0)),"")))
T941: =IF(F941="","",IFERROR(INDEX(Réttabanki!Q:Q,MATCH(F941,Réttabanki!A:A,0)),IFERROR(INDEX(Réttabanki!Q:Q,MATCH(F941,Réttabanki!B:B,0)),"")))
T942: =IF(F942="","",IFERROR(INDEX(Réttabanki!Q:Q,MATCH(F942,Réttabanki!A:A,0)),IFERROR(INDEX(Réttabanki!Q:Q,MATCH(F942,Réttabanki!B:B,0)),"")))
... T4930: =IF(F4930="","",IFERROR(INDEX(Réttabanki!Q:Q,MATCH(F4930,Réttabanki!A:A,0)),IFERROR(INDEX(Réttabanki!Q:Q,MATCH(F4930,Réttabanki!B:B,0)),"")))

Sheet Ofnæmismatseðill
A1: OFNÆMISMATSEÐILL — SJÁLFVIRK TENGING NEMENDA VIÐ RÉTTI
A2: 💡 Þessi listi sýnir alla sem fá EKKI aðalréttinn þennan dag. 🔴 RAUTT = enginn réttur hentar, krefst sérréttar. 🟡 Gult = fær hliðarrétt eða ofnæmisrétt.
A3: Dagsetning | B3: Skóli | C3: Nafn | D3: Deild | E3: Ofnæmi / Óþol | F3: Athugasemd | G3: Fær rétt | H3: Ástæða | I3: Flokkun
A4: 46195 | B4: 📍 Álfaberg
A5: 46195 | B5: Álfaberg | C5: Flosi | D5: Keili | E5: Pescaterian | F5: Má fá fisk og mjólkurvörur | G5: Aðalréttur → Marrakesh pottréttur (mjólkur-/kjötlaus) | H5: Pescaterian (kjöt) | I5: en-2
A6: 46195 | B6: Álfaberg | C6: Freyr Sindrason | D6: Helgafell | E6: Pescaterian | G6: Aðalréttur → Marrakesh pottréttur (mjólkur-/kjötlaus) | H6: Pescaterian (kjöt) | I6: en-2
A7: 46195 | B7: Álfaberg | C7: Saga Sindrason | D7: Helgafell | E7: Pescaterian | G7: Aðalréttur → Marrakesh pottréttur (mjólkur-/kjötlaus) | H7: Pescaterian (kjöt) | I7: en-2
A8: 46195 | B8: Álfaberg | C8: Sif | D8: Öskju | E8: Pescaterian | G8: Aðalréttur → Marrakesh pottréttur (mjólkur-/kjötlaus) | H8: Pescaterian (kjöt) | I8: en-2
A9: 46195 | B9: 📍 Arnarberg
A10: 46195 | B10: Arnarberg | C10: Ewa | E10: vegan | F10: Má fá mjólkurvörur | G10: Aðalréttur → Marrakesh pottréttur (mjólkur-/kjötlaus) | H10: vegan (kjöt) | I10: ar-2
A11: 46195 | B11: 📍 Hörðuvellir
A12: 46195 | B12: Hörðuvellir | C12: Hrói Svöluson Nökkvason | D12: Hamar | E12: vegan, Jarðhnetur | G12: Aðalréttur → Marrakesh pottréttur (mjólkur-/kjötlaus) | H12: vegan (kjöt) | I12: ho-2
A13: 46195 | B13: Hörðuvellir | C13: Kai Zawada | D13: Hamar | E13: vegan | G13: Aðalréttur → Marrakesh pottréttur (mjólkur-/kjötlaus) | H13: vegan (kjöt) | I13: ho-2
A14: 46195 | B14: Hörðuvellir | C14: Tanya Saori Vanegas Avila | D14: Hamar | E14: vegan | G14: Aðalréttur → Marrakesh pottréttur (mjólkur-/kjötlaus) | H14: vegan (kjöt) | I14: ho-2
A15: 46195 | B15: Hörðuvellir | C15: Antoni Malysa | D15: Hraun | E15: vegan | G15: Aðalréttur → Marrakesh pottréttur (mjólkur-/kjötlaus) | H15: vegan (kjöt) | I15: ho-2
A16: 46195 | B16: Hörðuvellir | C16: Agnes Ósk Viðarsdóttir | E16: vegan | G16: Aðalréttur → Marrakesh pottréttur (mjólkur-/kjötlaus) | H16: vegan (kjöt) | I16: ho-2
A17: 46195 | B17: Hörðuvellir | C17: Anna Katrín Kristmundsdóttir | E17: vegan | G17: Aðalréttur → Marrakesh pottréttur (mjólkur-/kjötlaus) | H17: vegan (kjöt) | I17: ho-2
A18: 46195 | B18: Hörðuvellir | C18: Anna Jaskulke | E18: vegan | G18: Aðalréttur → Marrakesh pottréttur (mjólkur-/kjötlaus) | H18: vegan (kjöt) | I18: ho-2
A19: 46195 | B19: 📍 Hraunvallaleikskóli
A20: 46195 | B20: Hraunvallaleikskóli | C20: Rósa Jóna Magnúsdóttir | E20: Mjólk, Kókos | G20: Aðalréttur → Marrakesh pottréttur (mjólkur-/kjötlaus) | H20: Kókos | I20: hr-2
A21: 46195 | B21: Hraunvallaleikskóli | C21: Galyna Oliinyk | E21: vegan | G21: Aðalréttur → Marrakesh pottréttur (mjólkur-/kjötlaus) | H21: vegan (kjöt) | I21: hr-2
A22: 46195 | B22: Hraunvallaleikskóli | C22: Nina Stoyanova Atanasova | E22: vegan | G22: Aðalréttur → Marrakesh pottréttur (mjólkur-/kjötlaus) | H22: vegan (kjöt) | I22: hr-2
A23: 46195 | B23: 📍 Skarðshlíðarleikskóli
A24: 46195 | B24: Skarðshlíðarleikskóli | C24: Brynhildur Ásgeirsdóttir | E24: vegan | G24: Aðalréttur → Marrakesh pottréttur (mjólkur-/kjötlaus) | H24: vegan (kjöt) | I24: sk-2
A25: 46195 | B25: 📍 Stekkjarás
A26: 46195 | B26: Stekkjarás | C26: Kristrún Birna Birkisdóttir | D26: Álfheimar | E26: Pescaterian | F26: borðar ekki kjöt | G26: Aðalréttur → Marrakesh pottréttur (mjólkur-/kjötlaus) | H26: Pescaterian (kjöt) | I26: st-2
A27: 46195 | B27: Stekkjarás | C27: Sindri Björn Linnet | D27: Fífa | E27: Pescaterian | F27: Má ekki borða kjöt eða kjúkling, en hann má borða egg, mjólk og fisk | G27: Aðalréttur → Marrakesh pottréttur (mjólkur-/kjötlaus) | H27: Pescaterian (kjöt) | I27: st-2
A28: 46195 | B28: Stekkjarás | C28: Heena | E28: vegan | G28: Aðalréttur → Marrakesh pottréttur (mjólkur-/kjötlaus) | H28: vegan (kjöt) | I28: st-2
A29: 46195 | B29: 📍 Tjarnarás
A30: 46195 | B30: Tjarnarás | C30: Perla | E30: Pescaterian | F30: Hliðarréttur á fiskidögum | G30: Aðalréttur → Marrakesh pottréttur (mjólkur-/kjötlaus) | H30: Pescaterian (kjöt) | I30: tj-2
A31: 46195 | B31: Tjarnarás | C31: Eva Kaldal | D31: Vantar deild | E31: Vegetarian | G31: Aðalréttur → Marrakesh pottréttur (mjólkur-/kjötlaus) | H31: Vegetarian (kjöt) | I31: tj-2
A32: 46195 | B32: 📍 Víðivellir
A33: 46195 | B33: Víðivellir | C33: Saga Jónsdóttir | E33: Pescaterian | F33: Borðar ekki kjöt, borðar kjúkling, fisk, egg og mjólkurvörur | G33: Aðalréttur → Marrakesh pottréttur (mjólkur-/kjötlaus) | H33: Pescaterian (kjöt) | I33: vv-2
A34: 46195 | B34: Víðivellir | C34: Harlow Esjar Mallinson | D34: Kanínudeild | E34: Pescaterian | F34: borðar fisk, egg og mjólkurvörur | G34: Aðalréttur → Marrakesh pottréttur (mjólkur-/kjötlaus) | H34: Pescaterian (kjöt) | I34: vv-2
A35: 46195 | B35: Víðivellir | C35: Rakel Halldórs | E35: vegan | G35: Aðalréttur → Marrakesh pottréttur (mjólkur-/kjötlaus) | H35: vegan (kjöt) | I35: vv-2
A36: 46195 | B36: 📍 Norðuberg
A37: 46195 | B37: Norðuberg | C37: Anna Bielinska | E37: vegan | F37: 22 juni til 2. juli | G37: Aðalréttur → Marrakesh pottréttur (mjólkur-/kjötlaus) | H37: vegan (kjöt)
A38: 46196 | B38: 📍 Álfaberg
A39: 46196 | B39: Álfaberg | C39: Andri Antonsson | D39: Esja | E39: Fiskur, Mjólk | F39: Hvorki hvítan né bleikan | G39: Aðalréttur → ENGINN RÉTTUR HENTAR | H39: Fiskur | I39: en-2
A40: 46196 | B40: Álfaberg | C40: Marta | E40: Glúten | G40: Aðalréttur → Kjúklingabollur (fisklaust) | H40: Glúten | I40: en-2
A41: 46196 | B41: Álfaberg | C41: Sulei | E41: Glúten, Mjólk | G41: Aðalréttur → ENGINN RÉTTUR HENTAR | H41: Glúten | I41: en-2
A42: 46196 | B42: 📍 Arnarberg
A43: 46196 | B43: Arnarberg | C43: Ewa | E43: vegan | F43: Má fá mjólkurvörur | G43: Aðalréttur → Grænmetisbuff, smælki, hvítlauksmæjó | H43: vegan (fiskur) | I43: ar-2
A44: 46196 | B44: 📍 Hlíðarberg
A45: 46196 | B45: Hlíðarberg | C45: Sólrún | E45: Fiskur | F45: Borðar ekki fisk | G45: Aðalréttur → Kjúklingabollur (fisklaust) | H45: Fiskur | I45: hl-2
A46: 46196 | B46: Hlíðarberg | C46: Marinó | D46: Tröllahlíð | E46: Fiskur | F46: var með ofnæmi og á erfitt með að borða fisk núna, reynir samt | G46: Aðalréttur → Kjúklingabollur (fisklaust) | H46: Fiskur | I46: hl-2
A47: 46196 | B47: Hlíðarberg | C47: Auður Elísabet Teitsdóttir | D47: Tröllahlíð | E47: Mjólk, Soya, Fiskur | F47: með ofnæmi fyrir mjólkurvörum og soja í öllum formum, ekki bara sojapróteini heldur líka sojabaunaolíu og sojalesitíni, ofnæmi fyrir hvitum fisk | G47: Aðalréttur → ENGINN RÉTTUR HENTAR | H47: Fiskur | I47: hl-2
A48: 46196 | B48: 📍 Hörðuvellir
A49: 46196 | B49: Hörðuvellir | C49: Hrói Svöluson Nökkvason | D49: Hamar | E49: vegan, Jarðhnetur | G49: Aðalréttur → Grænmetisbuff, smælki, hvítlauksmæjó | H49: vegan (fiskur) | I49: ho-2
A50: 46196 | B50: Hörðuvellir | C50: Kai Zawada | D50: Hamar | E50: vegan | G50: Aðalréttur → Grænmetisbuff, smælki, hvítlauksmæjó | H50: vegan (fiskur) | I50: ho-2
A51: 46196 | B51: Hörðuvellir | C51: Tanya Saori Vanegas Avila | D51: Hamar | E51: vegan | G51: Aðalréttur → Grænmetisbuff, smælki, hvítlauksmæjó | H51: vegan (fiskur) | I51: ho-2
A52: 46196 | B52: Hörðuvellir | C52: Antoni Malysa | D52: Hraun | E52: vegan | G52: Aðalréttur → Grænmetisbuff, smælki, hvítlauksmæjó | H52: vegan (fiskur) | I52: ho-2
A53: 46196 | B53: Hörðuvellir | C53: Agnes Ósk Viðarsdóttir | E53: vegan | G53: Aðalréttur → Grænmetisbuff, smælki, hvítlauksmæjó | H53: vegan (fiskur) | I53: ho-2
A54: 46196 | B54: Hörðuvellir | C54: Anna Katrín Kristmundsdóttir | E54: vegan | G54: Aðalréttur → Grænmetisbuff, smælki, hvítlauksmæjó | H54: vegan (fiskur) | I54: ho-2
A55: 46196 | B55: Hörðuvellir | C55: Anna Jaskulke | E55: vegan | G55: Aðalréttur → Grænmetisbuff, smælki, hvítlauksmæjó | H55: vegan (fiskur) | I55: ho-2
A56: 46196 | B56: 📍 Hraunvallaleikskóli
A57: 46196 | B57: Hraunvallaleikskóli | C57: Galyna Oliinyk | E57: vegan | G57: Aðalréttur → Grænmetisbuff, smælki, hvítlauksmæjó | H57: vegan (fiskur) | I57: hr-2
A58: 46196 | B58: Hraunvallaleikskóli | C58: Nina Stoyanova Atanasova | E58: vegan | G58: Aðalréttur → Grænmetisbuff, smælki, hvítlauksmæjó | H58: vegan (fiskur) | I58: hr-2
A59: 46196 | B59: Hraunvallaleikskóli | C59: Guðbjörg María Ágústsdóttir | E59: Fiskur | F59: hliðarréttur í staðinn fyrir fisk | G59: Aðalréttur → Kjúklingabollur (fisklaust) | H59: Fiskur | I59: hr-2
A60: 46196 | B60: 📍 Skarðshlíðarleikskóli
A61: 46196 | B61: Skarðshlíðarleikskóli | C61: Marta Sonja Maríusdótti | E61: laktósóþol, Fiskur | G61: Aðalréttur → Kjúklingabollur (fisklaust) | H61: Fiskur | I61: sk-2
A62: 46196 | B62: Skarðshlíðarleikskóli | C62: Brynhildur Ásgeirsdóttir | E62: vegan | G62: Aðalréttur → Grænmetisbuff, smælki, hvítlauksmæjó | H62: vegan (fiskur) | I62: sk-2
A63: 46196 | B63: 📍 Stekkjarás
A64: 46196 | B64: Stekkjarás | C64: Sara Bjartey Birgisdóttir | D64: Þúfa | E64: Fiskur | F64: fiskióþol | G64: Aðalréttur → Kjúklingabollur (fisklaust) | H64: Fiskur | I64: st-2
A65: 46196 | B65: Stekkjarás | C65: Ástþór Breki Hilmarsson | D65: Glaðheimar | E65: Egg, Fiskur, Baunir, Sesam, Hnetur, Möndlur | F65: Ástþór Breki er með ofnæmi fyrir hnetum, egg, fisk, baunum ( allar baunir NEMA gular baunir), sesam og möndlur | G65: Aðalréttur → Kjúklingabollur (fisklaust) | H65: Fiskur | I65: st-2
A66: 46196 | B66: Stekkjarás | C66: Heena | E66: vegan | G66: Aðalréttur → Grænmetisbuff, smælki, hvítlauksmæjó | H66: vegan (fiskur) | I66: st-2
A67: 46196 | B67: 📍 Tjarnarás
A68: 46196 | B68: Tjarnarás | C68: Bríet Elka | D68: Kærleiksheimar | E68: Fiskur | G68: Aðalréttur → Kjúklingabollur (fisklaust) | H68: Fiskur | I68: tj-2
A69: 46196 | B69: Tjarnarás | C69: Rúrik Hilmir | D69: Glaðheimar | E69: Mjólk, Egg, Glúten, Hveiti, Hafrar, Rúgur, Spelt, Kiwi, Sesam, Hveitisterkja, Bygg | F69: Mjólk Egg Kiwi Bygg Sesem Hveiti (Ekkert tengt glúteni) og hveititengdar vörur: Bulgur, durumhveiti, kúskús (couscous), heilhveiti, grahamsmjöl, hveitikjarnar, hveitikím, hveitiklíð, hveitimjöl, hveitiprótein, hveitisterkja, malt, mjöl, umbreytt sterkja, núðlur, pasta, rasp, semolina, spaghettí, speldi (spelt), sterkja og jurtaprótein (vegetablisk protein). | G69: Aðalréttur → ENGINN RÉTTUR HENTAR | H69: Glúten, Hveiti | I69: tj-2
A70: 46196 | B70: Tjarnarás | C70: Erna Rósa | E70: Fiskur | F70: Hliðarréttur á fiskidögum | G70: Aðalréttur → Kjúklingabollur (fisklaust) | H70: Fiskur | I70: tj-2
A71: 46196 | B71: Tjarnarás | C71: Eva Kaldal | D71: Vantar deild | E71: Vegetarian | G71: Aðalréttur → Kjúklingabollur (fisklaust) | H71: Vegetarian (fiskur) | I71: tj-2
A72: 46196 | B72: 📍 Vesturkot
A73: 46196 | B73: Vesturkot | C73: Jesica Rojas | E73: Fiskur | G73: Aðalréttur → Kjúklingabollur (fisklaust) | H73: Fiskur | I73: ve-2
A74: 46196 | B74: Vesturkot | C74: Hrefna Kristín Bridde | D74: Grænakot | E74: Mjólk, Egg, Hveiti, Hafrar, Hnetur, Sesam, Glúten, Bygg | F74: Bráofnæmi fyrir hveiti, má ekki fá gluteinlausa sterkju, durum hveiti, spelt, graham hveiti, kúskús/couscous, búlgur, hveitiprótein eða hveitibragðefni | G74: Aðalréttur → ENGINN RÉTTUR HENTAR | H74: Hveiti, Glúten | I74: ve-2
A75: 46196 | B75: 📍 Víðivellir
A76: 46196 | B76: Víðivellir | C76: Muna Abdirraxman Mawliid | D76: Kanínudeild | E76: Svínakjöt, Egg, Mjólk, Fiskur | F76: borðar ekki svinakjöt, ofnæmi fyrir fisk, egg og mjolk | G76: Aðalréttur → ENGINN RÉTTUR HENTAR | H76: Fiskur | I76: vv-2
A77: 46196 | B77: Víðivellir | C77: Rakel Halldórs | E77: vegan | G77: Aðalréttur → Grænmetisbuff, smælki, hvítlauksmæjó | H77: vegan (fiskur) | I77: vv-2
A78: 46196 | B78: 📍 Norðuberg
A79: 46196 | B79: Norðuberg | C79: Anna Bielinska | E79: vegan | F79: 22 juni til 2. juli | G79: Aðalréttur → Grænmetisbuff, smælki, hvítlauksmæjó | H79: vegan (fiskur)
A80: 46196 | B80: Norðuberg | C80: Baldur Bragi | D80: Klettaborg | E80: Fiskur | F80: Ofnæmi fyrir ýsu - 22 juni til 3. juli | G80: Aðalréttur → Kjúklingabollur (fisklaust) | H80: Fiskur
A81: 46196 | B81: Norðuberg | C81: Baldur Elí | D81: Lundur | E81: Kartöflur, kartöflusterkja | F81: 22 juni til 3. juli | G81: Aðalréttur → ENGINN RÉTTUR HENTAR | H81: Kartöflur
A82: 46197 | B82: 📍 Álfaberg
A83: 46197 | B83: Álfaberg | C83: Flosi | D83: Keili | E83: Pescaterian | F83: Má fá fisk og mjólkurvörur | G83: Aðalréttur → Vegan grjónagrautur (mjólkurlaus) | H83: Pescaterian (kjöt) | I83: en-2
A84: 46197 | B84: Álfaberg | C84: Andri Antonsson | D84: Esja | E84: Fiskur, Mjólk | F84: Hvorki hvítan né bleikan | G84: Aðalréttur → Vegan grjónagrautur (mjólkurlaus) | H84: Mjólk | I84: en-2
A85: 46197 | B85: Álfaberg | C85: Marta | E85: Glúten | G85: Aðalréttur → Vegan grjónagrautur (mjólkurlaus) | H85: Glúten | I85: en-2
A86: 46197 | B86: Álfaberg | C86: Sulei | E86: Glúten, Mjólk | G86: Aðalréttur → Vegan grjónagrautur (mjólkurlaus) | H86: Mjólk, Glúten | I86: en-2
A87: 46197 | B87: Álfaberg | C87: Aþena | D87: Keili | E87: Mjólk | G87: Aðalréttur → Vegan grjónagrautur (mjólkurlaus) | H87: Mjólk | I87: en-2
A88: 46197 | B88: Álfaberg | C88: Þröstur Xavier Ólafsson | D88: Öskju | E88: Mjólk | F88: laktósafrítt fæði | G88: Aðalréttur → Vegan grjónagrautur (mjólkurlaus) | H88: Mjólk | I88: en-2
A89: 46197 | B89: Álfaberg | C89: Sigríður | E89: Mjólk | G89: Aðalréttur → Vegan grjónagrautur (mjólkurlaus) | H89: Mjólk | I89: en-2
A90: 46197 | B90: Álfaberg | C90: Freyr Sindrason | D90: Helgafell | E90: Pescaterian | G90: Aðalréttur → Vegan grjónagrautur (mjólkurlaus) | H90: Pescaterian (kjöt) | I90: en-2
A91: 46197 | B91: Álfaberg | C91: Saga Sindrason | D91: Helgafell | E91: Pescaterian | G91: Aðalréttur → Vegan grjónagrautur (mjólkurlaus) | H91: Pescaterian (kjöt) | I91: en-2
A92: 46197 | B92: Álfaberg | C92: Sif | D92: Öskju | E92: Pescaterian | G92: Aðalréttur → Vegan grjónagrautur (mjólkurlaus) | H92: Pescaterian (kjöt) | I92: en-2
A93: 46197 | B93: 📍 Arnarberg
A94: 46197 | B94: Arnarberg | C94: Sunna Ýr | D94: Hamar | E94: Mjólk | G94: Aðalréttur → Vegan grjónagrautur (mjólkurlaus) | H94: Mjólk | I94: ar-2
A95: 46197 | B95: Arnarberg | C95: Karítas Helga | D95: Reit | E95: Mjólk | G95: Aðalréttur → Vegan grjónagrautur (mjólkurlaus) | H95: Mjólk | I95: ar-2
A96: 46197 | B96: Arnarberg | C96: Ewa | E96: vegan | F96: Má fá mjólkurvörur | G96: Aðalréttur → ENGINN RÉTTUR HENTAR | H96: vegan (dýraafurð), vegan (kjöt) | I96: ar-2
A97: 46197 | B97: Arnarberg | C97: Gréta Maria Guðjónsdóttir | D97: Krókur | E97: Mjólk | F97: Má alls ekki fá kúamjólkurvörur | G97: Aðalréttur → Vegan grjónagrautur (mjólkurlaus) | H97: Mjólk | I97: ar-2
A98: 46197 | B98: 📍 Bjarkarlundur
A99: 46197 | B99: Bjarkarlundur | C99: Móey Arna | D99: Matsalur | E99: Mjólk | G99: Aðalréttur → Vegan grjónagrautur (mjólkurlaus) | H99: Mjólk | I99: bj-2
A100: 46197 | B100: Bjarkarlundur | C100: Karítas María | D100: Matsalur | E100: Mjólk, Hafrar, Soya, Ananas | G100: Aðalréttur → Vegan grjónagrautur (mjólkurlaus) | H100: Mjólk, Hafrar | I100: bj-2
...

Sheet Skóladeildarlisti
A1: Skóli | B1: Deildir (aðskildar með kommu)
A2: Engidalsskóli | B2: 1. bekkur | C2: 2. bekkur | D2: 3. bekkur | E2: 4. bekkur | F2: 5. bekkur | G2: 6. bekkur | H2: 7. bekkur | I2: 8. bekkur | J2: 9. bekkur | K2: 10. bekkur | L2: Einhverfurdeild | M2: Sérdeild | N2: Frístundaheimili | O2: Starfsmaður | P2: Vantar bekk
A3: Hraunvallaskóli | B3: 1. bekkur | C3: 2. bekkur | D3: 3. bekkur | E3: 4. bekkur | F3: 5. bekkur | G3: 6. bekkur | H3: 7. bekkur | I3: 8. bekkur | J3: 9. bekkur | K3: 10. bekkur | L3: Einhverfurdeild | M3: Sérdeild | N3: Frístundaheimili | O3: Starfsmaður | P3: Vantar bekk
A4: Hvaleyrarskóli | B4: 1. bekkur | C4: 2. bekkur | D4: 3. bekkur | E4: 4. bekkur | F4: 5. bekkur | G4: 6. bekkur | H4: 7. bekkur | I4: 8. bekkur | J4: 9. bekkur | K4: 10. bekkur | L4: Einhverfurdeild | M4: Sérdeild | N4: Frístundaheimili | O4: Starfsmaður | P4: Vantar bekk
A5: Lækjarskóli | B5: 1. bekkur | C5: 2. bekkur | D5: 3. bekkur | E5: 4. bekkur | F5: 5. bekkur | G5: 6. bekkur | H5: 7. bekkur | I5: 8. bekkur | J5: 9. bekkur | K5: 10. bekkur | L5: Einhverfurdeild | M5: Sérdeild | N5: Frístundaheimili | O5: Starfsmaður | P5: Vantar bekk
A6: Öldutúnsskóli | B6: 1. bekkur | C6: 2. bekkur | D6: 3. bekkur | E6: 4. bekkur | F6: 5. bekkur | G6: 6. bekkur | H6: 7. bekkur | I6: 8. bekkur | J6: 9. bekkur | K6: 10. bekkur | L6: Einhverfurdeild | M6: Sérdeild | N6: Frístundaheimili | O6: Starfsmaður | P6: Vantar bekk
A7: Setbergsskóli | B7: 1. bekkur | C7: 2. bekkur | D7: 3. bekkur | E7: 4. bekkur | F7: 5. bekkur | G7: 6. bekkur | H7: 7. bekkur | I7: 8. bekkur | J7: 9. bekkur | K7: 10. bekkur | L7: Einhverfurdeild | M7: Sérdeild | N7: Frístundaheimili | O7: Starfsmaður | P7: Vantar bekk
A8: Skarðshlíðarskóli | B8: 1. bekkur | C8: 2. bekkur | D8: 3. bekkur | E8: 4. bekkur | F8: 5. bekkur | G8: 6. bekkur | H8: 7. bekkur | I8: 8. bekkur | J8: 9. bekkur | K8: 10. bekkur | L8: Einhverfurdeild | M8: Sérdeild | N8: Frístundaheimili | O8: Starfsmaður | P8: Vantar bekk
A9: Víðistaðaskóli | B9: 1. bekkur | C9: 2. bekkur | D9: 3. bekkur | E9: 4. bekkur | F9: 5. bekkur | G9: 6. bekkur | H9: 7. bekkur | I9: 8. bekkur | J9: 9. bekkur | K9: 10. bekkur | L9: Einhverfurdeild | M9: Sérdeild | N9: Frístundaheimili | O9: Starfsmaður | P9: Vantar bekk
A10: Álfakot | B10: 1. bekkur | C10: 2. bekkur | D10: 3. bekkur | E10: 4. bekkur | F10: 5. bekkur | G10: 6. bekkur | H10: 7. bekkur | I10: 8. bekkur | J10: 9. bekkur | K10: 10. bekkur | L10: Einhverfurdeild | M10: Sérdeild | N10: Frístundaheimili | O10: Starfsmaður | P10: Vantar bekk
A11: Hraunsel | B11: 1. bekkur | C11: 2. bekkur | D11: 3. bekkur | E11: 4. bekkur | F11: 5. bekkur | G11: 6. bekkur | H11: 7. bekkur | I11: 8. bekkur | J11: 9. bekkur | K11: 10. bekkur | L11: Einhverfurdeild | M11: Sérdeild | N11: Frístundaheimili | O11: Starfsmaður | P11: Vantar bekk
A12: Holtasel | B12: 1. bekkur | C12: 2. bekkur | D12: 3. bekkur | E12: 4. bekkur | F12: 5. bekkur | G12: 6. bekkur | H12: 7. bekkur | I12: 8. bekkur | J12: 9. bekkur | K12: 10. bekkur | L12: Einhverfurdeild | M12: Sérdeild | N12: Frístundaheimili | O12: Starfsmaður | P12: Vantar bekk
A13: Lækjarsel | B13: 1. bekkur | C13: 2. bekkur | D13: 3. bekkur | E13: 4. bekkur | F13: 5. bekkur | G13: 6. bekkur | H13: 7. bekkur | I13: 8. bekkur | J13: 9. bekkur | K13: 10. bekkur | L13: Einhverfurdeild | M13: Sérdeild | N13: Frístundaheimili | O13: Starfsmaður | P13: Vantar bekk
... A17: Hraunkot | B17: 1. bekkur | C17: 2. bekkur | D17: 3. bekkur | E17: 4. bekkur | F17: 5. bekkur | G17: 6. bekkur | H17: 7. bekkur | I17: 8. bekkur | J17: 9. bekkur | K17: 10. bekkur | L17: Einhverfurdeild | M17: Sérdeild | N17: Frístundaheimili | O17: Starfsmaður | P17: Vantar bekk
A18: Álfaberg | B18: Búrfell | C18: Esja | D18: Helgafell | E18: Keili | F18: Öskju | G18: Starfsmaður
A19: Arnarberg | B19: Hamar | C19: Klettur | D19: Krókur | E19: Reit | F19: Starfsmaður
A20: Bjarkalundur | B20: Matsalur | C20: Starfsmaður
A21: Hlíðarberg | B21: Hamrahlíð | C21: Klettahlíð | D21: Tröllahlíð | E21: Starfsmaður
A22: Hörðuvellir | B22: Hamar | C22: Hraun | D22: Laut | E22: Starfsmaður
A23: Leikskólinn við Hraunvallaskóla | B23: Hagi | C23: Holt | D23: Hóll | E23: Höfði | F23: Starfsmaður
A24: Leikskólinn við Skarðshlíðarskóla | B24: Hraun | C24: Hóll | D24: Laut | E24: Lyng | F24: Starfsmaður
A25: Smáralundur | B25: Brekka | C25: Lundur | D25: Þúfa | E25: Starfsmaður
A26: Stekkjarás | B26: Álfheimar | C26: Fífa | D26: Glaðheimar | E26: Krummakopt | F26: Sólgarður | G26: Stekkur | H26: Þúfa | I26: Starfsmaður
A27: Tjarnarás | B27: Glaðheimar | C27: Kærleiksheimar | D27: Ljósheimar | E27: Stjörnuheimar | F27: Starfsmaður
A28: Vesturkot | B28: Bláakot | C28: Grænakot | D28: Gulakot | E28: Rauði kjarni | F28: Starfsmaður
A29: Víðivellir | B29: Bangsadeild | C29: Kanínudeild | D29: Starfsmaður

Sheet Ofnæmisvaldalisti
A1: Ofnæmisvaldar
A2: Mjólk
A3: Glúten
A4: Egg
A5: Fiskur
A6: Hnetur
A7: Soja
A8: Svínakjöt
A9: Sellerí
A10: Sesam
A11: Hafrar
A12: Jarðhnetur
... A31: Annað

Sheet Ofnæmismatseðill síðdegi
A1: OFNÆMISMATSEÐILL — SJÁLFVIRK TENGING NEMENDA VIÐ RÉTTI
A2: 💡 Þessi listi sýnir alla sem fá EKKI aðalréttinn þennan dag. 🔴 RAUTT = enginn réttur hentar, krefst sérréttar. 🟡 Gult = fær hliðarrétt eða ofnæmisrétt.
A3: Dagsetning | B3: Skóli | C3: Nafn | D3: Deild | E3: Ofnæmi / Óþol | F3: Athugasemd | G3: Fær hressingu | H3: Ástæða | I3: Flokkun
A4: 46195 | B4: 📍 Álfaberg
A5: 46195 | B5: Álfaberg | C5: Andri Antonsson | D5: Esja | E5: Fiskur, Mjólk | F5: Hvorki hvítan né bleikan | G5: ENGINN HRESSINGARRÉTTUR HENTAR | H5: Mjólk | I5: en-2
A6: 46195 | B6: Álfaberg | C6: Marta | E6: Glúten | G6: ENGINN HRESSINGARRÉTTUR HENTAR | H6: Glúten | I6: en-2
A7: 46195 | B7: Álfaberg | C7: Sulei | E7: Glúten, Mjólk | G7: ENGINN HRESSINGARRÉTTUR HENTAR | H7: Glúten, Mjólk | I7: en-2
A8: 46195 | B8: Álfaberg | C8: Aþena | D8: Keili | E8: Mjólk | G8: ENGINN HRESSINGARRÉTTUR HENTAR | H8: Mjólk | I8: en-2
A9: 46195 | B9: Álfaberg | C9: Þröstur Xavier Ólafsson | D9: Öskju | E9: Mjólk | F9: laktósafrítt fæði | G9: ENGINN HRESSINGARRÉTTUR HENTAR | H9: Mjólk | I9: en-2
A10: 46195 | B10: Álfaberg | C10: Sigríður | E10: Mjólk | G10: ENGINN HRESSINGARRÉTTUR HENTAR | H10: Mjólk | I10: en-2
A11: 46195 | B11: 📍 Arnarberg
A12: 46195 | B12: Arnarberg | C12: Sunna Ýr | D12: Hamar | E12: Mjólk | G12: ENGINN HRESSINGARRÉTTUR HENTAR | H12: Mjólk | I12: ar-2
A13: 46195 | B13: Arnarberg | C13: Karítas Helga | D13: Reit | E13: Mjólk | G13: ENGINN HRESSINGARRÉTTUR HENTAR | H13: Mjólk | I13: ar-2
A14: 46195 | B14: Arnarberg | C14: Ewa | E14: vegan | F14: Má fá mjólkurvörur | G14: ENGINN HRESSINGARRÉTTUR HENTAR | H14: vegan (dýraafurð) | I14: ar-2
A15: 46195 | B15: Arnarberg | C15: Gréta Maria Guðjónsdóttir | D15: Krókur | E15: Mjólk | F15: Má alls ekki fá kúamjólkurvörur | G15: ENGINN HRESSINGARRÉTTUR HENTAR | H15: Mjólk | I15: ar-2
A16: 46195 | B16: 📍 Bjarkarlundur
A17: 46195 | B17: Bjarkarlundur | C17: Móey Arna | D17: Matsalur | E17: Mjólk | G17: ENGINN HRESSINGARRÉTTUR HENTAR | H17: Mjólk | I17: bj-2
A18: 46195 | B18: Bjarkarlundur | C18: Karítas María | D18: Matsalur | E18: Mjólk, Hafrar, Soya, Ananas | G18: ENGINN HRESSINGARRÉTTUR HENTAR | H18: Mjólk | I18: bj-2
A19: 46195 | B19: Bjarkarlundur | C19: Maja Zofia Strzop | D19: Matsalur | E19: Mjólk, Hnetur | F19: Jarðhnetur og Kashjúhnetur | G19: ENGINN HRESSINGARRÉTTUR HENTAR | H19: Mjólk | I19: bj-2
A20: 46195 | B20: Bjarkarlundur | C20: Freyjar Rut | D20: Matsalur | E20: Mjólk | G20: ENGINN HRESSINGARRÉTTUR HENTAR | H20: Mjólk | I20: bj-2
A21: 46195 | B21: 📍 Hlíðarberg
A22: 46195 | B22: Hlíðarberg | C22: Alexander Fannar | D22: Klettahlíð | E22: Egg, Mjólk, Hnetur | G22: ENGINN HRESSINGARRÉTTUR HENTAR | H22: Mjólk | I22: hl-2
A23: 46195 | B23: Hlíðarberg | C23: Agnar Þór Björnsson | D23: Tröllahlíð | E23: Mjólk | G23: ENGINN HRESSINGARRÉTTUR HENTAR | H23: Mjólk | I23: hl-2
A24: 46195 | B24: Hlíðarberg | C24: Christopher Einar | D24: Klettahlíð | E24: Mjólk, Egg, Hnetur, Sesam | G24: ENGINN HRESSINGARRÉTTUR HENTAR | H24: Mjólk | I24: hl-2
A25: 46195 | B25: Hlíðarberg | C25: Auður Elísabet Teitsdóttir | D25: Tröllahlíð | E25: Mjólk, Soya, Fiskur | F25: með ofnæmi fyrir mjólkurvörum og soja í öllum formum, ekki bara sojapróteini heldur líka sojabaunaolíu og sojalesitíni, ofnæmi fyrir hvitum fisk | G25: ENGINN HRESSINGARRÉTTUR HENTAR | H25: Mjólk | I25: hl-2
A26: 46195 | B26: Hlíðarberg | C26: Ásgeir Logi Kristinsson | D26: Hamrahlíð | E26: Mjólk | F26: er með mjólkuróþol. en má fá ost og sósur með mjólk í | G26: ENGINN HRESSINGARRÉTTUR HENTAR | H26: Mjólk | I26: hl-2
A27: 46195 | B27: Hlíðarberg | C27: Lúkas Logi Aronsson | D27: Hamrahlíð | E27: Mjólk | G27: ENGINN HRESSINGARRÉTTUR HENTAR | H27: Mjólk | I27: hl-2
A28: 46195 | B28: 📍 Hörðuvellir
A29: 46195 | B29: Hörðuvellir | C29: Ellert Ómar Guðmundsson | D29: Laut | E29: Mjólk | F29: mjólkurlausan mat, Sonda | G29: ENGINN HRESSINGARRÉTTUR HENTAR | H29: Mjólk | I29: ho-2
A30: 46195 | B30: Hörðuvellir | C30: Hrói Svöluson Nökkvason | D30: Hamar | E30: vegan, Jarðhnetur | G30: ENGINN HRESSINGARRÉTTUR HENTAR | H30: vegan (dýraafurð) | I30: ho-2
A31: 46195 | B31: Hörðuvellir | C31: Kai Zawada | D31: Hamar | E31: vegan | G31: ENGINN HRESSINGARRÉTTUR HENTAR | H31: vegan (dýraafurð) | I31: ho-2
A32: 46195 | B32: Hörðuvellir | C32: Tanya Saori Vanegas Avila | D32: Hamar | E32: vegan | G32: ENGINN HRESSINGARRÉTTUR HENTAR | H32: vegan (dýraafurð) | I32: ho-2
A33: 46195 | B33: Hörðuvellir | C33: Antoni Malysa | D33: Hraun | E33: vegan | G33: ENGINN HRESSINGARRÉTTUR HENTAR | H33: vegan (dýraafurð) | I33: ho-2
A34: 46195 | B34: Hörðuvellir | C34: Agnes Ósk Viðarsdóttir | E34: vegan | G34: ENGINN HRESSINGARRÉTTUR HENTAR | H34: vegan (dýraafurð) | I34: ho-2
A35: 46195 | B35: Hörðuvellir | C35: Anna Katrín Kristmundsdóttir | E35: vegan | G35: ENGINN HRESSINGARRÉTTUR HENTAR | H35: vegan (dýraafurð) | I35: ho-2
A36: 46195 | B36: Hörðuvellir | C36: Anna Jaskulke | E36: vegan | G36: ENGINN HRESSINGARRÉTTUR HENTAR | H36: vegan (dýraafurð) | I36: ho-2
A37: 46195 | B37: 📍 Hraunvallaleikskóli
A38: 46195 | B38: Hraunvallaleikskóli | C38: Rebekka Sól Gísladóttir | D38: Höfði | E38: Mjólk | G38: ENGINN HRESSINGARRÉTTUR HENTAR | H38: Mjólk | I38: hr-2
A39: 46195 | B39: Hraunvallaleikskóli | C39: Ásta Guðrún Atladóttir | D39: Hóll | E39: Mjólk | G39: ENGINN HRESSINGARRÉTTUR HENTAR | H39: Mjólk | I39: hr-2
A40: 46195 | B40: Hraunvallaleikskóli | C40: Ragnar Logi Hlífarsson | D40: Hóll | E40: Mjólk, Banani | F40: mjólk(hefur fengið laktosalausa og jurtaskyr) | G40: ENGINN HRESSINGARRÉTTUR HENTAR | H40: Mjólk | I40: hr-2
A41: 46195 | B41: Hraunvallaleikskóli | C41: Tryggvi Snær Kristleifsson | D41: Holt | E41: Mjólk | G41: ENGINN HRESSINGARRÉTTUR HENTAR | H41: Mjólk | I41: hr-2
A42: 46195 | B42: Hraunvallaleikskóli | C42: Rósa Jóna Magnúsdóttir | E42: Mjólk, Kókos | G42: ENGINN HRESSINGARRÉTTUR HENTAR | H42: Mjólk | I42: hr-2
A43: 46195 | B43: Hraunvallaleikskóli | C43: Galyna Oliinyk | E43: vegan | G43: ENGINN HRESSINGARRÉTTUR HENTAR | H43: vegan (dýraafurð) | I43: hr-2
A44: 46195 | B44: Hraunvallaleikskóli | C44: Nina Stoyanova Atanasova | E44: vegan | G44: ENGINN HRESSINGARRÉTTUR HENTAR | H44: vegan (dýraafurð) | I44: hr-2
A45: 46195 | B45: Hraunvallaleikskóli | C45: Solrún Amari Guðmundsdóttir | D45: Holt | E45: Mjólk | G45: ENGINN HRESSINGARRÉTTUR HENTAR | H45: Mjólk | I45: hr-2
A46: 46195 | B46: 📍 Skarðshlíðarleikskóli
A47: 46195 | B47: Skarðshlíðarleikskóli | C47: Fannar orri Styrmisson | D47: Hóll | E47: Mjólk | G47: ENGINN HRESSINGARRÉTTUR HENTAR | H47: Mjólk | I47: sk-2
A48: 46195 | B48: Skarðshlíðarleikskóli | C48: Hekla Marín Fannýardóttir | D48: Hóll | E48: Mjólk | G48: ENGINN HRESSINGARRÉTTUR HENTAR | H48: Mjólk | I48: sk-2
A49: 46195 | B49: Skarðshlíðarleikskóli | C49: Aría Heiðdal Daníelsdóttir | D49: Hraun | E49: Mjólk | G49: ENGINN HRESSINGARRÉTTUR HENTAR | H49: Mjólk | I49: sk-2
A50: 46195 | B50: Skarðshlíðarleikskóli | C50: Brynhildur Ásgeirsdóttir | E50: vegan | G50: ENGINN HRESSINGARRÉTTUR HENTAR | H50: vegan (dýraafurð) | I50: sk-2
A51: 46195 | B51: Skarðshlíðarleikskóli | C51: Pola | D51: Lyng | E51: Mjólk | F51: mjólkurlaust fæði í nokkrar vikur | G51: ENGINN HRESSINGARRÉTTUR HENTAR | H51: Mjólk | I51: sk-2
A52: 46195 | B52: 📍 Smáralundur
A53: 46195 | B53: Smáralundur | C53: Eyram | D53: Brekka | E53: Mjólk | G53: ENGINN HRESSINGARRÉTTUR HENTAR | H53: Mjólk | I53: sm-2
A54: 46195 | B54: Smáralundur | C54: Elínam | D54: Lundur | E54: Mjólk | G54: ENGINN HRESSINGARRÉTTUR HENTAR | H54: Mjólk | I54: sm-2
A55: 46195 | B55: Smáralundur | C55: Móey | D55: Lundur | E55: Mjólk | G55: ENGINN HRESSINGARRÉTTUR HENTAR | H55: Mjólk | I55: sm-2
A56: 46195 | B56: 📍 Stekkjarás
A57: 46195 | B57: Stekkjarás | C57: Jökull Logi Ívarsson | D57: Glaðheimar | E57: Mjólk | F57: þolir eldaða mjólk, Mjólkuróþol, en má fá eldaðar / bakaðar mjólkurvörur | G57: ENGINN HRESSINGARRÉTTUR HENTAR | H57: Mjólk | I57: st-2
A58: 46195 | B58: Stekkjarás | C58: Elma Karen Aronsdóttir | D58: Þúfa | E58: Mjólk, Bráðofnæmi | F58: Bráðaofnæmi fyrir mjólk! | G58: ENGINN HRESSINGARRÉTTUR HENTAR | H58: Mjólk | I58: st-2
A59: 46195 | B59: Stekkjarás | C59: Heena | E59: vegan | G59: ENGINN HRESSINGARRÉTTUR HENTAR | H59: vegan (dýraafurð) | I59: st-2
A60: 46195 | B60: 📍 Tjarnarás
A61: 46195 | B61: Tjarnarás | C61: Kamilla Mjöll | D61: Glaðheimar | E61: Mjólk | F61: þolir mjólk í elduðum mat, borðar smjör, ost og laktósafríar mjólkurvörur í hófi en drekkur haframjólk | G61: ENGINN HRESSINGARRÉTTUR HENTAR | H61: Mjólk | I61: tj-2
A62: 46195 | B62: Tjarnarás | C62: Rebekka Rán | D62: Glaðheimar | E62: Mjólk | G62: ENGINN HRESSINGARRÉTTUR HENTAR | H62: Mjólk | I62: tj-2
A63: 46195 | B63: Tjarnarás | C63: Júlían Týr | D63: kærleiksheimar | E63: Mjólk | F63: Þolir mjólk í eldaðan mat en þarf laktósalaust jógurt og skyr ef það er í matinn | G63: ENGINN HRESSINGARRÉTTUR HENTAR | H63: Mjólk | I63: tj-2
A64: 46195 | B64: Tjarnarás | C64: Rakel Björt | D64: Kærleiksheimar | E64: Mjólk | F64: þolir mjólk í elduðum mat, borðar smjör, ost og laktósafríar mjólkurvörur í hófi en drekkur haframjólk | G64: ENGINN HRESSINGARRÉTTUR HENTAR | H64: Mjólk | I64: tj-2
A65: 46195 | B65: Tjarnarás | C65: Rúrik Þór | D65: Kærleiksheimar | E65: Mjólk | F65: þolir mjólk í elduðum mat en þarf laktósafríar mjólkurvörur | G65: ENGINN HRESSINGARRÉTTUR HENTAR | H65: Mjólk | I65: tj-2
A66: 46195 | B66: Tjarnarás | C66: Rúrik Hilmir | D66: Glaðheimar | E66: Mjólk, Egg, Glúten, Hveiti, Hafrar, Rúgur, Spelt, Kiwi, Sesam, Hveitisterkja, Bygg | F66: Mjólk Egg Kiwi Bygg Sesem Hveiti (Ekkert tengt glúteni) og hveititengdar vörur: Bulgur, durumhveiti, kúskús (couscous), heilhveiti, grahamsmjöl, hveitikjarnar, hveitikím, hveitiklíð, hveitimjöl, hveitiprótein, hveitisterkja, malt, mjöl, umbreytt sterkja, núðlur, pasta, rasp, semolina, spaghettí, speldi (spelt), sterkja og jurtaprótein (vegetablisk protein). | G66: ENGINN HRESSINGARRÉTTUR HENTAR | H66: Glúten, Hveiti, Rúgur, Bygg, mjöl, Mjólk | I66: tj-2
A67: 46195 | B67: Tjarnarás | C67: Viktor Albert Vignisson | D67: Ljósheimar | E67: Mjólk, Hnetur, Egg | G67: ENGINN HRESSINGARRÉTTUR HENTAR | H67: Mjólk | I67: tj-2
A68: 46195 | B68: Tjarnarás | C68: Ásdís Arnfjörð Svavarsdóttir | D68: Vantar deild | E68: Mjólk | F68: Þolir mjólk í elduðum mat. | G68: ENGINN HRESSINGARRÉTTUR HENTAR | H68: Mjólk | I68: tj-2
A69: 46195 | B69: 📍 Vesturkot
A70: 46195 | B70: Vesturkot | C70: Ebba Ragnheiður Alexandersdóttir | D70: Bláakot | E70: Mjólk | G70: ENGINN HRESSINGARRÉTTUR HENTAR | H70: Mjólk | I70: ve-2
A71: 46195 | B71: Vesturkot | C71: Sigurður Artine Jakobson | D71: Gulakot | E71: Mjólk, Soya | G71: ENGINN HRESSINGARRÉTTUR HENTAR | H71: Mjólk | I71: ve-2
A72: 46195 | B72: Vesturkot | C72: Hrefna Kristín Bridde | D72: Grænakot | E72: Mjólk, Egg, Hveiti, Hafrar, Hnetur, Sesam, Glúten, Bygg | F72: Bráofnæmi fyrir hveiti, má ekki fá gluteinlausa sterkju, durum hveiti, spelt, graham hveiti, kúskús/couscous, búlgur, hveitiprótein eða hveitibragðefni | G72: ENGINN HRESSINGARRÉTTUR HENTAR | H72: Hveiti, Glúten, Bygg, Mjólk | I72: ve-2
A73: 46195 | B73: Vesturkot | C73: Arnhildur Rúnarsdóttir | D73: Grænakot | E73: Mjólk, Kashjúhnetur, pistasíur, brasilískar hnetur | G73: ENGINN HRESSINGARRÉTTUR HENTAR | H73: Mjólk | I73: ve-2
A74: 46195 | B74: Vesturkot | C74: Ingunn Ásta Kartansdóttir | D74: Bláakot | E74: Mjólk, Sítrusávextir | G74: ENGINN HRESSINGARRÉTTUR HENTAR | H74: Mjólk | I74: ve-2
A75: 46195 | B75: Vesturkot | C75: Elías Máni Pétursson | D75: Bláakot | E75: Mjólk, Jarðaber | F75: Hann má ekki fá neitt sem inniheldur jarðarber og með óþol fyrir mjólkurvörum. | G75: ENGINN HRESSINGARRÉTTUR HENTAR | H75: Mjólk | I75: ve-2
A76: 46195 | B76: Vesturkot | C76: Dusan | D76: Bláakot | E76: Mjólk, Tómatar | G76: ENGINN HRESSINGARRÉTTUR HENTAR | H76: Mjólk | I76: ve-2
A77: 46195 | B77: 📍 Víðivellir
A78: 46195 | B78: Víðivellir | C78: Muna Abdirraxman Mawliid | D78: Kanínudeild | E78: Svínakjöt, Egg, Mjólk, Fiskur | F78: borðar ekki svinakjöt, ofnæmi fyrir fisk, egg og mjolk | G78: ENGINN HRESSINGARRÉTTUR HENTAR | H78: Mjólk | I78: vv-2
A79: 46195 | B79: Víðivellir | C79: Lárus Blöndal | D79: Vantar deild | E79: Egg, Mjólk, Bráðofnæmi | F79: Bráða Eggja og mjólkurofnæmi | G79: ENGINN HRESSINGARRÉTTUR HENTAR | H79: Mjólk | I79: vv-2
A80: 46195 | B80: Víðivellir | C80: Eyjólfur Guðni Sigurðsson | D80: Bangsadeild | E80: Mjólk, appelsína, Einhverft | F80: Mjólkurlausan og hann er hrifnastur af því að hafa matin sinn í kássu eins og bolognese eða stappaðan saman. En hann borðar flest allt sem hægt er að setja bruna sosu yfir og blanda eða skera i litla bita | G80: ENGINN HRESSINGARRÉTTUR HENTAR | H80: Mjólk | I80: vv-2
A81: 46195 | B81: Víðivellir | C81: Elmar Andri Jónsson | D81: Kanínudeild | E81: Mjólk | F81: Má fá elduð mjólk | G81: ENGINN HRESSINGARRÉTTUR HENTAR | H81: Mjólk | I81: vv-2
A82: 46195 | B82: Víðivellir | C82: Rakel Halldórs | E82: vegan | G82: ENGINN HRESSINGARRÉTTUR HENTAR | H82: vegan (dýraafurð) | I82: vv-2
A83: 46195 | B83: Víðivellir | C83: Huginn Freyr Friðriksson | E83: Mjólk | G83: ENGINN HRESSINGARRÉTTUR HENTAR | H83: Mjólk | I83: vv-2
A84: 46195 | B84: Víðivellir | C84: Harlow | D84: Kanínudeild | E84: Mjólk, laktósóþol | F84: Hann er í tilraun samkvæmt ofnæmislækni næstu tvær vikurnar. Ef þetta hjálpar barninu mun hann fá vottorð fyrir mjólkurlausu fæði. | G84: ENGINN HRESSINGARRÉTTUR HENTAR | H84: Mjólk | I84: vv-2
A85: 46195 | B85: 📍 Norðuberg
A86: 46195 | B86: Norðuberg | C86: Anna Bielinska | E86: vegan | F86: 22 juni til 2. juli | G86: ENGINN HRESSINGARRÉTTUR HENTAR | H86: vegan (dýraafurð)
A87: 46195 | B87: Norðuberg | C87: Kíiljan Freyr | D87: Álfasteinn | E87: Mjólk, Egg | F87: 22 juni til 3. juli | G87: ENGINN HRESSINGARRÉTTUR HENTAR | H87: Mjólk
A88: 46195 | B88: Norðuberg | C88: Jökull Thór | D88: Klettaborg | E88: Mjólk | F88: 22 juni til 3. juli | G88: ENGINN HRESSINGARRÉTTUR HENTAR | H88: Mjólk
A89: 46195 | B89: Norðuberg | C89: Óðinn Hinrik | D89: Álfasteinn | E89: Mjólk | F89: 22 juni til 3. juli | G89: ENGINN HRESSINGARRÉTTUR HENTAR | H89: Mjólk
A90: 46196 | B90: 📍 Álfaberg
A91: 46196 | B91: Álfaberg | C91: Flosi | D91: Keili | E91: Pescaterian | F91: Má fá fisk og mjólkurvörur | G91: ENGINN HRESSINGARRÉTTUR HENTAR | H91: Pescaterian (kjöt) | I91: en-2
A92: 46196 | B92: Álfaberg | C92: Marta | E92: Glúten | G92: ENGINN HRESSINGARRÉTTUR HENTAR | H92: Glúten | I92: en-2
A93: 46196 | B93: Álfaberg | C93: Sulei | E93: Glúten, Mjólk | G93: ENGINN HRESSINGARRÉTTUR HENTAR | H93: Glúten | I93: en-2
A94: 46196 | B94: Álfaberg | C94: Freyr Sindrason | D94: Helgafell | E94: Pescaterian | G94: ENGINN HRESSINGARRÉTTUR HENTAR | H94: Pescaterian (kjöt) | I94: en-2
A95: 46196 | B95: Álfaberg | C95: Saga Sindrason | D95: Helgafell | E95: Pescaterian | G95: ENGINN HRESSINGARRÉTTUR HENTAR | H95: Pescaterian (kjöt) | I95: en-2
A96: 46196 | B96: Álfaberg | C96: Sif | D96: Öskju | E96: Pescaterian | G96: ENGINN HRESSINGARRÉTTUR HENTAR | H96: Pescaterian (kjöt) | I96: en-2
A97: 46196 | B97: 📍 Arnarberg
A98: 46196 | B98: Arnarberg | C98: Ewa | E98: vegan | F98: Má fá mjólkurvörur | G98: ENGINN HRESSINGARRÉTTUR HENTAR | H98: vegan (kjöt) | I98: ar-2
A99: 46196 | B99: 📍 Hörðuvellir
A100: 46196 | B100: Hörðuvellir | C100: Hrói Svöluson Nökkvason | D100: Hamar | E100: vegan, Jarðhnetur | G100: ENGINN HRESSINGARRÉTTUR HENTAR | H100: vegan (kjöt) | I100: ho-2
...

Sheet Nemendaskrá — Grunnskólar
A1: NEMENDASKRÁ — GRUNNSKÓLAR
A2: 💡 Frístund: Já = barn er í frístund (áhrif á síðdegishressingu). Einhverfudeild/Sérdeild: Já = einfaldari útgáfa af rétti. Fær hressingu: Sjálfvirkt (1-4 bekk = Já, 5-7 = Nei nema keyptur, 8-10 = Nei).
A3: Skóli | B3: Nafn | C3: Bekkur | D3: Frístund (Já/Nei) | E3: Einhverfudeild / Sérdeild | F3: Fær hressingu (sjálfvirkt) | G3: Ofnæmi / Óþol | H3: Athugasemd | I3: Ofnæmisréttur (1-4) | J3: Foreldrahlekkur (sjálfvirkt)
A4: Engidalsskóli | B4: Freyja Sif Bárðardóttir | C4: 6. bekkur | D4: Nei | E4: Nei | F4: =IF(C4="","",IF(OR(C4="1. bekkur",C4="2. bekkur",C4="3. bekkur",C4="4. bekkur"),"Já",IF(C4="Starfsmaður","Nei","Nei"))) -> Nei | G4: Fiskur, Mjólk | H4: Er með ofnæmi fyrir fisk og með óþol fyrir mjólk | J4: https://matarstund.is/serfaedi?id=freyja-sif-bardardottir-engidalsskoli-6-bekkur
A5: Engidalsskóli | B5: Anuar Krasniqi | C5: 4. bekkur | D5: Nei | E5: Nei | F5: =IF(C5="","",IF(OR(C5="1. bekkur",C5="2. bekkur",C5="3. bekkur",C5="4. bekkur"),"Já",IF(C5="Starfsmaður","Nei","Nei"))) -> Já | G5: Svínakjöt | H5: má ekki borða svínakjöt vegna trúabrögðið okkar má fá kjukling i staðinn | J5: https://matarstund.is/serfaedi?id=anuar-krasniqi-engidalsskoli-4-bekkur
A6: Engidalsskóli | B6: Líam Þór Gunnarsson Waage | C6: 5. bekkur | D6: Nei | E6: Nei | F6: =IF(C6="","",IF(OR(C6="1. bekkur",C6="2. bekkur",C6="3. bekkur",C6="4. bekkur"),"Já",IF(C6="Starfsmaður","Nei","Nei"))) -> Nei | G6: Hafrar, Mjólk, Fiskur | H6: er með ofnæmi fyrir fisk, höfrum og sumum mjólkurvörum | J6: https://matarstund.is/serfaedi?id=liam-thor-gunnarsson-waage-engidalsskoli-5-bekkur
A7: Engidalsskóli | B7: Emil Gíslason | C7: 6. bekkur | D7: Nei | E7: Nei | F7: =IF(C7="","",IF(OR(C7="1. bekkur",C7="2. bekkur",C7="3. bekkur",C7="4. bekkur"),"Já",IF(C7="Starfsmaður","Nei","Nei"))) -> Nei | G7: Soya, Bráðofnæmi | H7: er með bráðaofnæmi fyrir Soja próteini. | J7: https://matarstund.is/serfaedi?id=emil-gislason-engidalsskoli-6-bekkur
A8: Engidalsskóli | B8: Silja Aajal | C8: Vantar bekk | D8: Nei | E8: Nei | F8: =IF(C8="","",IF(OR(C8="1. bekkur",C8="2. bekkur",C8="3. bekkur",C8="4. bekkur"),"Já",IF(C8="Starfsmaður","Nei","Nei"))) -> Nei | G8: Svínakjöt | J8: https://matarstund.is/serfaedi?id=silja-aajal-engidalsskoli-vantar-bekk
A9: Engidalsskóli | B9: Anir Aajal | C9: 6. bekkur | D9: Nei | E9: Nei | F9: =IF(C9="","",IF(OR(C9="1. bekkur",C9="2. bekkur",C9="3. bekkur",C9="4. bekkur"),"Já",IF(C9="Starfsmaður","Nei","Nei"))) -> Nei | G9: Svínakjöt | J9: https://matarstund.is/serfaedi?id=anir-aajal-engidalsskoli-6-bekkur
A10: Engidalsskóli | B10: Ari Gjikolli | C10: 1. bekkur | D10: Nei | E10: Nei | F10: =IF(C10="","",IF(OR(C10="1. bekkur",C10="2. bekkur",C10="3. bekkur",C10="4. bekkur"),"Já",IF(C10="Starfsmaður","Nei","Nei"))) -> Já | G10: Svínakjöt | H10: borðar ekki svínakjöt vegna trúarbrögðin okkar | J10: https://matarstund.is/serfaedi?id=ari-gjikolli-engidalsskoli-1-bekkur
A11: Engidalsskóli | B11: Sunneva Kolbrún Eiríksdóttir | C11: 5. bekkur | D11: Nei | E11: Nei | F11: =IF(C11="","",IF(OR(C11="1. bekkur",C11="2. bekkur",C11="3. bekkur",C11="4. bekkur"),"Já",IF(C11="Starfsmaður","Nei","Nei"))) -> Nei | G11: laktósi | H11: laktósóþol | J11: https://matarstund.is/serfaedi?id=sunneva-kolbrun-eiriksdottir-engidalsskoli-5-bekkur
A12: Engidalsskóli | B12: Sigrún Eva Tómasdóttir | C12: 4. bekkur | D12: Nei | E12: Nei | F12: =IF(C12="","",IF(OR(C12="1. bekkur",C12="2. bekkur",C12="3. bekkur",C12="4. bekkur"),"Já",IF(C12="Starfsmaður","Nei","Nei"))) -> Já | G12: Hnetur, Sesam | H12: er með ofnæmi fyrir hnetum og sesam, sem lýsir sér með þeim hætti að hún fær kláða og óþægindi i háls sem enda oftast með uppköstum ef hún borðar hnetur eða sesam. Önnur fræ hafa svipuð áhrif, þ.e. óþægindi i hálsi en er þó ekki með ofnæmi. | J12: https://matarstund.is/serfaedi?id=sigrun-eva-tomasdottir-engidalsskoli-4-bekkur
A13: Engidalsskóli | B13: Jón Dagur Eyjólfsson | C13: 6. bekkur | D13: Nei | E13: Nei | F13: =IF(C13="","",IF(OR(C13="1. bekkur",C13="2. bekkur",C13="3. bekkur",C13="4. bekkur"),"Já",IF(C13="Starfsmaður","Nei","Nei"))) -> Nei | G13: Mjólk | H13: Er með mjólkuróþol | J13: https://matarstund.is/serfaedi?id=jon-dagur-eyjolfsson-engidalsskoli-6-bekkur
A14: Engidalsskóli | B14: Ívar Óli Sigurgeirsson | C14: 6. bekkur | D14: Nei | E14: Nei | F14: =IF(C14="","",IF(OR(C14="1. bekkur",C14="2. bekkur",C14="3. bekkur",C14="4. bekkur"),"Já",IF(C14="Starfsmaður","Nei","Nei"))) -> Nei | G14: Hnetur, Bráðofnæmi | H14: er með bráðaofnæmi fyrir hnetum og þá aðallega Cashew og Pistasíu hnetum | J14: https://matarstund.is/serfaedi?id=ivar-oli-sigurgeirsson-engidalsskoli-6-bekkur
A15: Engidalsskóli | B15: Eva Sól Griciute | C15: 1. bekkur | D15: Nei | E15: Nei | F15: =IF(C15="","",IF(OR(C15="1. bekkur",C15="2. bekkur",C15="3. bekkur",C15="4. bekkur"),"Já",IF(C15="Starfsmaður","Nei","Nei"))) -> Já | G15: laktósi | H15: laktósóþol | J15: https://matarstund.is/serfaedi?id=eva-sol-griciute-engidalsskoli-1-bekkur
A16: Engidalsskóli | B16: Mikael Darri Sveinsson | C16: 4. bekkur | D16: Nei | E16: Nei | F16: =IF(C16="","",IF(OR(C16="1. bekkur",C16="2. bekkur",C16="3. bekkur",C16="4. bekkur"),"Já",IF(C16="Starfsmaður","Nei","Nei"))) -> Já | G16: Egg | H16: ofnæmi fyrir eggjum | J16: https://matarstund.is/serfaedi?id=mikael-darri-sveinsson-engidalsskoli-4-bekkur
A17: Engidalsskóli | B17: Samia Abu Zer | C17: 5. bekkur | D17: Nei | E17: Nei | F17: =IF(C17="","",IF(OR(C17="1. bekkur",C17="2. bekkur",C17="3. bekkur",C17="4. bekkur"),"Já",IF(C17="Starfsmaður","Nei","Nei"))) -> Nei | G17: Svínakjöt | H17: does not eat pork or any pig products. | J17: https://matarstund.is/serfaedi?id=samia-abu-zer-engidalsskoli-5-bekkur
A18: Engidalsskóli | B18: Vegan kennarar | C18: Starfsmaður | D18: Nei | E18: Nei | F18: =IF(C18="","",IF(OR(C18="1. bekkur",C18="2. bekkur",C18="3. bekkur",C18="4. bekkur"),"Já",IF(C18="Starfsmaður","Nei","Nei"))) -> Nei | G18: V. kennarar | H18: 5 | J18: https://matarstund.is/serfaedi?id=vegan-kennarar-engidalsskoli-starfsmadur
A19: Engidalsskóli | B19: Danielis Visbergs | C19: Vantar bekk | D19: Nei | E19: Nei | F19: =IF(C19="","",IF(OR(C19="1. bekkur",C19="2. bekkur",C19="3. bekkur",C19="4. bekkur"),"Já",IF(C19="Starfsmaður","Nei","Nei"))) -> Nei | G19: Einhverft | J19: https://matarstund.is/serfaedi?id=danielis-visbergs-engidalsskoli-vantar-bekk
A20: Engidalsskóli | B20: Bárður Breki Jóhönnuson | C20: Vantar bekk | D20: Nei | E20: Nei | F20: =IF(C20="","",IF(OR(C20="1. bekkur",C20="2. bekkur",C20="3. bekkur",C20="4. bekkur"),"Já",IF(C20="Starfsmaður","Nei","Nei"))) -> Nei | G20: Einhverft | J20: https://matarstund.is/serfaedi?id=bardur-breki-johonnuson-engidalsskoli-vantar-bekk
A21: Engidalsskóli | B21: Viktor Örn Hafþórsson | C21: 4. bekkur | D21: Nei | E21: Nei | F21: =IF(C21="","",IF(OR(C21="1. bekkur",C21="2. bekkur",C21="3. bekkur",C21="4. bekkur"),"Já",IF(C21="Starfsmaður","Nei","Nei"))) -> Já | G21: Fiskur | H21: Viktor er með óþol fyrir fisk og þarf að fá annarskonar mat þá daga sem það er fiskur í matinn. | J21: https://matarstund.is/serfaedi?id=viktor-orn-hafthorsson-engidalsskoli-4-bekkur
A22: Engidalsskóli | B22: Viktoría Víðisdóttir | C22: 1. bekkur | D22: Já | E22: Nei | F22: =IF(C22="","",IF(OR(C22="1. bekkur",C22="2. bekkur",C22="3. bekkur",C22="4. bekkur"),"Já",IF(C22="Starfsmaður","Nei","Nei"))) -> Já | G22: Egg, Bráðofnæmi | H22: Bráðaofnæmi. Útbrot, vanlíðan og niðurgangur. | J22: https://matarstund.is/serfaedi?id=viktoria-vidisdottir-engidalsskoli-1-bekkur
A23: Engidalsskóli | B23: Klara Máney Sigurðardóttir | C23: 2. bekkur | D23: Já | E23: Nei | F23: =IF(C23="","",IF(OR(C23="1. bekkur",C23="2. bekkur",C23="3. bekkur",C23="4. bekkur"),"Já",IF(C23="Starfsmaður","Nei","Nei"))) -> Já | G23: Fiskur | H23: er með óþol fyrir fisk, verður veik þegar hún borðar fisk og því ráðlagt að sleppa því að borða mat með fisk í | J23: https://matarstund.is/serfaedi?id=klara-maney-sigurdardottir-engidalsskoli-2-bekkur
A24: Engidalsskóli | B24: Jón Frosti Unnarsson | C24: 1. bekkur | D24: Já | E24: Nei | F24: =IF(C24="","",IF(OR(C24="1. bekkur",C24="2. bekkur",C24="3. bekkur",C24="4. bekkur"),"Já",IF(C24="Starfsmaður","Nei","Nei"))) -> Já | G24: Epli | H24: Óþol fyrir Eplum | J24: https://matarstund.is/serfaedi?id=jon-frosti-unnarsson-engidalsskoli-1-bekkur
A25: Hraunvallaskóli | B25: Adam Attigui | C25: 5. bekkur | D25: Nei | E25: Nei | F25: =IF(C25="","",IF(OR(C25="1. bekkur",C25="2. bekkur",C25="3. bekkur",C25="4. bekkur"),"Já",IF(C25="Starfsmaður","Nei","Nei"))) -> Nei | G25: Svínakjöt | H25: Borðar ekki svínakjöt | J25: https://matarstund.is/serfaedi?id=adam-attigui-hraunvallaskoli-5-bekkur
A26: Hraunvallaskóli | B26: Adam Jerzy Strzop | C26: 5. bekkur | D26: Nei | E26: Nei | F26: =IF(C26="","",IF(OR(C26="1. bekkur",C26="2. bekkur",C26="3. bekkur",C26="4. bekkur"),"Já",IF(C26="Starfsmaður","Nei","Nei"))) -> Nei | G26: Mjólk, laktósi | H26: Hann má ekki borða og drekka mjólkurvörur. Hann er með mjólkuróþol. | J26: https://matarstund.is/serfaedi?id=adam-jerzy-strzop-hraunvallaskoli-5-bekkur
A27: Hraunvallaskóli | B27: Alaa I. M. Alzaq | C27: 1. bekkur | D27: Nei | E27: Nei | F27: =IF(C27="","",IF(OR(C27="1. bekkur",C27="2. bekkur",C27="3. bekkur",C27="4. bekkur"),"Já",IF(C27="Starfsmaður","Nei","Nei"))) -> Já | G27: Svínakjöt | H27: Má ekki fá svínakjöt | J27: https://matarstund.is/serfaedi?id=alaa-i-m-alzaq-hraunvallaskoli-1-bekkur
A28: Hraunvallaskóli | B28: Alba Elif Zengin | C28: 5. bekkur | D28: Nei | E28: Nei | F28: =IF(C28="","",IF(OR(C28="1. bekkur",C28="2. bekkur",C28="3. bekkur",C28="4. bekkur"),"Já",IF(C28="Starfsmaður","Nei","Nei"))) -> Nei | G28: vegan | H28: Alba er vegan og þarf því veganmat. | J28: https://matarstund.is/serfaedi?id=alba-elif-zengin-hraunvallaskoli-5-bekkur
A29: Hraunvallaskóli | B29: Alexander Örn Natansson | C29: Vantar bekk | D29: Nei | E29: Nei | F29: =IF(C29="","",IF(OR(C29="1. bekkur",C29="2. bekkur",C29="3. bekkur",C29="4. bekkur"),"Já",IF(C29="Starfsmaður","Nei","Nei"))) -> Nei | G29: Einhverft | H29: Kjöt í raspi/ breaded meat, Fisk í raspi / breaded fish, Kjötbollur / meatballs, Fiskibollur / fishballs, Kjúklingabollur / chickenballs, Grjónagrautur / rice porridge, Súpur/ soup, Lasagna, Grýtur, Pasta, Pottrétti/ stews, Kjúklingur / chicken, Svínakjöt / pork, Nautakjöt / beef, Lambakjöt / lamb, Grænmeti/vegetables, Ávextir/ fruit | J29: https://matarstund.is/serfaedi?id=alexander-orn-natansson-hraunvallaskoli-vantar-bekk
A30: Hraunvallaskóli | B30: Alexander Örn Natansson | C30: Einhverfurdeild | D30: Nei | E30: Já | F30: =IF(C30="","",IF(OR(C30="1. bekkur",C30="2. bekkur",C30="3. bekkur",C30="4. bekkur"),"Já",IF(C30="Starfsmaður","Nei","Nei"))) -> Nei | G30: Einhverft | J30: https://matarstund.is/serfaedi?id=alexander-orn-natansson-hraunvallaskoli-einhverfurdeild
A31: Hraunvallaskóli | B31: Andrew Elorm Adjahoe | C31: Einhverfurdeild | D31: Nei | E31: Já | F31: =IF(C31="","",IF(OR(C31="1. bekkur",C31="2. bekkur",C31="3. bekkur",C31="4. bekkur"),"Já",IF(C31="Starfsmaður","Nei","Nei"))) -> Nei | G31: Einhverft | J31: https://matarstund.is/serfaedi?id=andrew-elorm-adjahoe-hraunvallaskoli-einhverfurdeild
A32: Hraunvallaskóli | B32: Aría Karen K. Heiðardóttir | C32: Einhverfurdeild | D32: Nei | E32: Já | F32: =IF(C32="","",IF(OR(C32="1. bekkur",C32="2. bekkur",C32="3. bekkur",C32="4. bekkur"),"Já",IF(C32="Starfsmaður","Nei","Nei"))) -> Nei | G32: Einhverft | J32: https://matarstund.is/serfaedi?id=aria-karen-k-heidardottir-hraunvallaskoli-einhverfurdeild
A33: Hraunvallaskóli | B33: Arkan I. A. Albardawil | C33: 5. bekkur | D33: Nei | E33: Nei | F33: =IF(C33="","",IF(OR(C33="1. bekkur",C33="2. bekkur",C33="3. bekkur",C33="4. bekkur"),"Já",IF(C33="Starfsmaður","Nei","Nei"))) -> Nei | G33: Svínakjöt | H33: Bordar ekki svinakjot | J33: https://matarstund.is/serfaedi?id=arkan-i-a-albardawil-hraunvallaskoli-5-bekkur
A34: Hraunvallaskóli | B34: Arney Klara Sigurgeirsdóttir | C34: 2. bekkur | D34: Nei | E34: Nei | F34: =IF(C34="","",IF(OR(C34="1. bekkur",C34="2. bekkur",C34="3. bekkur",C34="4. bekkur"),"Já",IF(C34="Starfsmaður","Nei","Nei"))) -> Já | G34: vegan | H34: vill vera skráð í hliðarrétt. | J34: https://matarstund.is/serfaedi?id=arney-klara-sigurgeirsdottir-hraunvallaskoli-2-bekkur
A35: Hraunvallaskóli | B35: Arnór Kári Björnsson | C35: 5. bekkur | D35: Nei | E35: Nei | F35: =IF(C35="","",IF(OR(C35="1. bekkur",C35="2. bekkur",C35="3. bekkur",C35="4. bekkur"),"Já",IF(C35="Starfsmaður","Nei","Nei"))) -> Nei | G35: Hnetur, Bráðofnæmi, Fiskur, Egg | H35: Bráðaofnæmi fyrir hnetum, notar EPI penna, ofnæmi fyrir fisk og eggjum | J35: https://matarstund.is/serfaedi?id=arnor-kari-bjornsson-hraunvallaskoli-5-bekkur
A36: Hraunvallaskóli | B36: Ayan H. S. Albayyouk | C36: 1. bekkur | D36: Nei | E36: Nei | F36: =IF(C36="","",IF(OR(C36="1. bekkur",C36="2. bekkur",C36="3. bekkur",C36="4. bekkur"),"Já",IF(C36="Starfsmaður","Nei","Nei"))) -> Já | G36: Svínakjöt | H36: Má ekki fá svínakjöt | J36: https://matarstund.is/serfaedi?id=ayan-h-s-albayyouk-hraunvallaskoli-1-bekkur
A37: Hraunvallaskóli | B37: Barez Marwan Khalaf | C37: 5. bekkur | D37: Nei | E37: Nei | F37: =IF(C37="","",IF(OR(C37="1. bekkur",C37="2. bekkur",C37="3. bekkur",C37="4. bekkur"),"Já",IF(C37="Starfsmaður","Nei","Nei"))) -> Nei | G37: Svínakjöt | H37: borðað ekki svínakjöt útaf trú | J37: https://matarstund.is/serfaedi?id=barez-marwan-khalaf-hraunvallaskoli-5-bekkur
A38: Hraunvallaskóli | B38: Björgvin Unnar Helguson | C38: 6. bekkur | D38: Nei | E38: Nei | F38: =IF(C38="","",IF(OR(C38="1. bekkur",C38="2. bekkur",C38="3. bekkur",C38="4. bekkur"),"Já",IF(C38="Starfsmaður","Nei","Nei"))) -> Nei | G38: Mjólk, laktósi | H38: Eykur slímmyndun í lungum og veldur útbrotum. | J38: https://matarstund.is/serfaedi?id=bjorgvin-unnar-helguson-hraunvallaskoli-6-bekkur
A39: Hraunvallaskóli | B39: Brynjólfur Högni Lúðvíksson | C39: Vantar bekk | D39: Nei | E39: Nei | F39: =IF(C39="","",IF(OR(C39="1. bekkur",C39="2. bekkur",C39="3. bekkur",C39="4. bekkur"),"Já",IF(C39="Starfsmaður","Nei","Nei"))) -> Nei | G39: Einhverft | J39: https://matarstund.is/serfaedi?id=brynjolfur-hogni-ludviksson-hraunvallaskoli-vantar-bekk
A40: Hraunvallaskóli | B40: Brynjólfur Högni Lúðvíksson | C40: Einhverfurdeild | D40: Nei | E40: Já | F40: =IF(C40="","",IF(OR(C40="1. bekkur",C40="2. bekkur",C40="3. bekkur",C40="4. bekkur"),"Já",IF(C40="Starfsmaður","Nei","Nei"))) -> Nei | G40: Einhverft | J40: https://matarstund.is/serfaedi?id=brynjolfur-hogni-ludviksson-hraunvallaskoli-einhverfurdeild
A41: Hraunvallaskóli | B41: Chainarong Thaiprasert | C41: 3. bekkur | D41: Nei | E41: Nei | F41: =IF(C41="","",IF(OR(C41="1. bekkur",C41="2. bekkur",C41="3. bekkur",C41="4. bekkur"),"Já",IF(C41="Starfsmaður","Nei","Nei"))) -> Já | G41: Fiskur | J41: https://matarstund.is/serfaedi?id=chainarong-thaiprasert-hraunvallaskoli-3-bekkur
A42: Hraunvallaskóli | B42: Daniel Noél Aleksandrsson | C42: 8. bekkur | D42: Nei | E42: Nei | F42: =IF(C42="","",IF(OR(C42="1. bekkur",C42="2. bekkur",C42="3. bekkur",C42="4. bekkur"),"Já",IF(C42="Starfsmaður","Nei","Nei"))) -> Nei | G42: Hnetur, Bráðofnæmi | H42: Bráðofnæmi fyrir öllum hnetum. | J42: https://matarstund.is/serfaedi?id=daniel-noel-aleksandrsson-hraunvallaskoli-8-bekkur
A43: Hraunvallaskóli | B43: Daniel Schuldeis | C43: 8. bekkur | D43: Nei | E43: Nei | F43: =IF(C43="","",IF(OR(C43="1. bekkur",C43="2. bekkur",C43="3. bekkur",C43="4. bekkur"),"Já",IF(C43="Starfsmaður","Nei","Nei"))) -> Nei | G43: Mjólk, laktósi, Jarðhnetur, Hnetur, Egg | H43: gildir úm alla hnetu tegundir, öndunarefileikar og magaeinkenni fyrir ollu listuðum ofnæmi | J43: https://matarstund.is/serfaedi?id=daniel-schuldeis-hraunvallaskoli-8-bekkur
A44: Hraunvallaskóli | B44: Dilawar Kovan Abdulkhaleq | C44: 3. bekkur | D44: Nei | E44: Nei | F44: =IF(C44="","",IF(OR(C44="1. bekkur",C44="2. bekkur",C44="3. bekkur",C44="4. bekkur"),"Já",IF(C44="Starfsmaður","Nei","Nei"))) -> Já | G44: Svínakjöt | H44: Bordar ekki svinakjot | J44: https://matarstund.is/serfaedi?id=dilawar-kovan-abdulkhaleq-hraunvallaskoli-3-bekkur
A45: Hraunvallaskóli | B45: Elísa Attigui | C45: 8. bekkur | D45: Nei | E45: Nei | F45: =IF(C45="","",IF(OR(C45="1. bekkur",C45="2. bekkur",C45="3. bekkur",C45="4. bekkur"),"Já",IF(C45="Starfsmaður","Nei","Nei"))) -> Nei | G45: Svínakjöt | H45: Hún borðar ekki svínakjöt | J45: https://matarstund.is/serfaedi?id=elisa-attigui-hraunvallaskoli-8-bekkur
A46: Hraunvallaskóli | B46: Emad Nasir Ramadhan Barkah | C46: 3. bekkur | D46: Nei | E46: Nei | F46: =IF(C46="","",IF(OR(C46="1. bekkur",C46="2. bekkur",C46="3. bekkur",C46="4. bekkur"),"Já",IF(C46="Starfsmaður","Nei","Nei"))) -> Já | G46: Svínakjöt | H46: Bordar ekki svinakjot | J46: https://matarstund.is/serfaedi?id=emad-nasir-ramadhan-barkah-hraunvallaskoli-3-bekkur
A47: Hraunvallaskóli | B47: Emma Ingibjörg Árnadóttir | C47: 9. bekkur | D47: Nei | E47: Nei | F47: =IF(C47="","",IF(OR(C47="1. bekkur",C47="2. bekkur",C47="3. bekkur",C47="4. bekkur"),"Já",IF(C47="Starfsmaður","Nei","Nei"))) -> Nei | G47: Hnetur | H47: Ofnæmi fyrir öllum hnetum. | J47: https://matarstund.is/serfaedi?id=emma-ingibjorg-arnadottir-hraunvallaskoli-9-bekkur
A48: Hraunvallaskóli | B48: Erfan Khedri | C48: 3. bekkur | D48: Nei | E48: Nei | F48: =IF(C48="","",IF(OR(C48="1. bekkur",C48="2. bekkur",C48="3. bekkur",C48="4. bekkur"),"Já",IF(C48="Starfsmaður","Nei","Nei"))) -> Já | G48: Svínakjöt, Glúten | H48: Hann borðar ekki svínakjöt og Glúten | J48: https://matarstund.is/serfaedi?id=erfan-khedri-hraunvallaskoli-3-bekkur
A49: Hraunvallaskóli | B49: Esam Naser Ramadan Barkah | C49: 2. bekkur | D49: Nei | E49: Nei | F49: =IF(C49="","",IF(OR(C49="1. bekkur",C49="2. bekkur",C49="3. bekkur",C49="4. bekkur"),"Já",IF(C49="Starfsmaður","Nei","Nei"))) -> Já | G49: Svínakjöt | H49: Bordar ekki svinakjot | J49: https://matarstund.is/serfaedi?id=esam-naser-ramadan-barkah-hraunvallaskoli-2-bekkur
A50: Hraunvallaskóli | B50: Farah I. M. Alzaq | C50: 3. bekkur | D50: Nei | E50: Nei | F50: =IF(C50="","",IF(OR(C50="1. bekkur",C50="2. bekkur",C50="3. bekkur",C50="4. bekkur"),"Já",IF(C50="Starfsmaður","Nei","Nei"))) -> Já | G50: Svínakjöt | H50: Bordar ekki svinakjot | J50: https://matarstund.is/serfaedi?id=farah-i-m-alzaq-hraunvallaskoli-3-bekkur
A51: Hraunvallaskóli | B51: Flosi Eyvindur Báru Inguson | C51: 1. bekkur | D51: Nei | E51: Nei | F51: =IF(C51="","",IF(OR(C51="1. bekkur",C51="2. bekkur",C51="3. bekkur",C51="4. bekkur"),"Já",IF(C51="Starfsmaður","Nei","Nei"))) -> Já | G51: Mjólk, pescetarian | H51: Óþol en ekki ofnæmi. Allt í lagi ef það er eitthvað sérstakt tilefni einstaka sinnum en fær illt í magann. - er vegan en borðar fisk | J51: https://matarstund.is/serfaedi?id=flosi-eyvindur-baru-inguson-hraunvallaskoli-1-bekkur
A52: Hraunvallaskóli | B52: Guðný Huong Nhi Sigvaldadóttir | C52: 7. bekkur | D52: Nei | E52: Nei | F52: =IF(C52="","",IF(OR(C52="1. bekkur",C52="2. bekkur",C52="3. bekkur",C52="4. bekkur"),"Já",IF(C52="Starfsmaður","Nei","Nei"))) -> Nei | G52: vegan | J52: https://matarstund.is/serfaedi?id=gudny-huong-nhi-sigvaldadottir-hraunvallaskoli-7-bekkur
A53: Hraunvallaskóli | B53: Hamad A. H. Alfarra | C53: 1. bekkur | D53: Nei | E53: Nei | F53: =IF(C53="","",IF(OR(C53="1. bekkur",C53="2. bekkur",C53="3. bekkur",C53="4. bekkur"),"Já",IF(C53="Starfsmaður","Nei","Nei"))) -> Já | G53: Svínakjöt | J53: https://matarstund.is/serfaedi?id=hamad-a-h-alfarra-hraunvallaskoli-1-bekkur
A54: Hraunvallaskóli | B54: Hrafndís Svana Hansdóttir | C54: Einhverfurdeild | D54: Nei | E54: Já | F54: =IF(C54="","",IF(OR(C54="1. bekkur",C54="2. bekkur",C54="3. bekkur",C54="4. bekkur"),"Já",IF(C54="Starfsmaður","Nei","Nei"))) -> Nei | G54: Einhverft | J54: https://matarstund.is/serfaedi?id=hrafndis-svana-hansdottir-hraunvallaskoli-einhverfurdeild
A55: Hraunvallaskóli | B55: Hrafndís Svana Hansdóttir Andersen | C55: Vantar bekk | D55: Nei | E55: Nei | F55: =IF(C55="","",IF(OR(C55="1. bekkur",C55="2. bekkur",C55="3. bekkur",C55="4. bekkur"),"Já",IF(C55="Starfsmaður","Nei","Nei"))) -> Nei | G55: Einhverft | J55: https://matarstund.is/serfaedi?id=hrafndis-svana-hansdottir-andersen-hraunvallaskoli-vantar-bekk
A56: Hraunvallaskóli | B56: Hrannar Sölvi Hilmarsson | C56: Vantar bekk | D56: Nei | E56: Nei | F56: =IF(C56="","",IF(OR(C56="1. bekkur",C56="2. bekkur",C56="3. bekkur",C56="4. bekkur"),"Já",IF(C56="Starfsmaður","Nei","Nei"))) -> Nei | G56: Einhverft | J56: https://matarstund.is/serfaedi?id=hrannar-solvi-hilmarsson-hraunvallaskoli-vantar-bekk
A57: Hraunvallaskóli | B57: Hrannar Sölvi Hilmarsson | C57: Einhverfurdeild | D57: Nei | E57: Já | F57: =IF(C57="","",IF(OR(C57="1. bekkur",C57="2. bekkur",C57="3. bekkur",C57="4. bekkur"),"Já",IF(C57="Starfsmaður","Nei","Nei"))) -> Nei | G57: Einhverft | J57: https://matarstund.is/serfaedi?id=hrannar-solvi-hilmarsson-hraunvallaskoli-einhverfurdeild
A58: Hraunvallaskóli | B58: Kaiwan Kovan Abdulkhaleq | C58: 7. bekkur | D58: Nei | E58: Nei | F58: =IF(C58="","",IF(OR(C58="1. bekkur",C58="2. bekkur",C58="3. bekkur",C58="4. bekkur"),"Já",IF(C58="Starfsmaður","Nei","Nei"))) -> Nei | G58: Svínakjöt | J58: https://matarstund.is/serfaedi?id=kaiwan-kovan-abdulkhaleq-hraunvallaskoli-7-bekkur
A59: Hraunvallaskóli | B59: Karim I. A. Albardawil | C59: 3. bekkur | D59: Nei | E59: Nei | F59: =IF(C59="","",IF(OR(C59="1. bekkur",C59="2. bekkur",C59="3. bekkur",C59="4. bekkur"),"Já",IF(C59="Starfsmaður","Nei","Nei"))) -> Já | G59: Svínakjöt | H59: Bordar ekki svinakjot | J59: https://matarstund.is/serfaedi?id=karim-i-a-albardawil-hraunvallaskoli-3-bekkur
A60: Hraunvallaskóli | B60: Khava Magamadova | C60: 7. bekkur | D60: Nei | E60: Nei | F60: =IF(C60="","",IF(OR(C60="1. bekkur",C60="2. bekkur",C60="3. bekkur",C60="4. bekkur"),"Já",IF(C60="Starfsmaður","Nei","Nei"))) -> Nei | G60: pescetarian | H60: Borðar bara halal kjöt | J60: https://matarstund.is/serfaedi?id=khava-magamadova-hraunvallaskoli-7-bekkur
A61: Hraunvallaskóli | B61: Lana A. H. Alfarra | C61: 3. bekkur | D61: Nei | E61: Nei | F61: =IF(C61="","",IF(OR(C61="1. bekkur",C61="2. bekkur",C61="3. bekkur",C61="4. bekkur"),"Já",IF(C61="Starfsmaður","Nei","Nei"))) -> Já | G61: Svínakjöt | J61: https://matarstund.is/serfaedi?id=lana-a-h-alfarra-hraunvallaskoli-3-bekkur
A62: Hraunvallaskóli | B62: Malek I. A. Albardawil | C62: 2. bekkur | D62: Nei | E62: Nei | F62: =IF(C62="","",IF(OR(C62="1. bekkur",C62="2. bekkur",C62="3. bekkur",C62="4. bekkur"),"Já",IF(C62="Starfsmaður","Nei","Nei"))) -> Já | G62: Svínakjöt | H62: Bordar ekki svinakjot | J62: https://matarstund.is/serfaedi?id=malek-i-a-albardawil-hraunvallaskoli-2-bekkur
A63: Hraunvallaskóli | B63: Marwa Ali | C63: 4. bekkur | D63: Nei | E63: Nei | F63: =IF(C63="","",IF(OR(C63="1. bekkur",C63="2. bekkur",C63="3. bekkur",C63="4. bekkur"),"Já",IF(C63="Starfsmaður","Nei","Nei"))) -> Já | G63: Svínakjöt | J63: https://matarstund.is/serfaedi?id=marwa-ali-hraunvallaskoli-4-bekkur
A64: Hraunvallaskóli | B64: Medina Magamadova | C64: 3. bekkur | D64: Nei | E64: Nei | F64: =IF(C64="","",IF(OR(C64="1. bekkur",C64="2. bekkur",C64="3. bekkur",C64="4. bekkur"),"Já",IF(C64="Starfsmaður","Nei","Nei"))) -> Já | G64: pescetarian | H64: Borðar bara halal kjöt | J64: https://matarstund.is/serfaedi?id=medina-magamadova-hraunvallaskoli-3-bekkur
A65: Hraunvallaskóli | B65: Mikael Úlfur Bjarnason | C65: Vantar bekk | D65: Nei | E65: Nei | F65: =IF(C65="","",IF(OR(C65="1. bekkur",C65="2. bekkur",C65="3. bekkur",C65="4. bekkur"),"Já",IF(C65="Starfsmaður","Nei","Nei"))) -> Nei | G65: Einhverft | H65: Hann borðar bara gulrætur (grænmeti) og stundum epli og perur en hefur farið minnkandi. Eg reyni þó oft að “fela” grænmetis í matnum hans því það er hollt fyrir hann en hann pikkar það oftast úr. Besta ráðið sem ég veit um til að koma ofan í hann grænmeti er að hakka það alveg í spaði í sósur td í lasange. | J65: https://matarstund.is/serfaedi?id=mikael-ulfur-bjarnason-hraunvallaskoli-vantar-bekk
A66: Hraunvallaskóli | B66: Mikael Úlfur Bjarnason | C66: Einhverfurdeild | D66: Nei | E66: Já | F66: =IF(C66="","",IF(OR(C66="1. bekkur",C66="2. bekkur",C66="3. bekkur",C66="4. bekkur"),"Já",IF(C66="Starfsmaður","Nei","Nei"))) -> Nei | G66: Einhverft | J66: https://matarstund.is/serfaedi?id=mikael-ulfur-bjarnason-hraunvallaskoli-einhverfurdeild
A67: Hraunvallaskóli | B67: Mumtaz Mohamed Ali | C67: 6. bekkur | D67: Nei | E67: Nei | F67: =IF(C67="","",IF(OR(C67="1. bekkur",C67="2. bekkur",C67="3. bekkur",C67="4. bekkur"),"Já",IF(C67="Starfsmaður","Nei","Nei"))) -> Nei | G67: vegan | J67: https://matarstund.is/serfaedi?id=mumtaz-mohamed-ali-hraunvallaskoli-6-bekkur
A68: Hraunvallaskóli | B68: Muscab Mohamed Ali Yassin | C68: 1. bekkur | D68: Nei | E68: Nei | F68: =IF(C68="","",IF(OR(C68="1. bekkur",C68="2. bekkur",C68="3. bekkur",C68="4. bekkur"),"Já",IF(C68="Starfsmaður","Nei","Nei"))) -> Já | G68: Svínakjöt | J68: https://matarstund.is/serfaedi?id=muscab-mohamed-ali-yassin-hraunvallaskoli-1-bekkur
A69: Hraunvallaskóli | B69: Natalía Rós Davíðsdóttir | C69: 7. bekkur | D69: Nei | E69: Nei | F69: =IF(C69="","",IF(OR(C69="1. bekkur",C69="2. bekkur",C69="3. bekkur",C69="4. bekkur"),"Já",IF(C69="Starfsmaður","Nei","Nei"))) -> Nei | G69: Mjólk | H69: Mjólkuróþol - þolir laktósalausa mjólk og "eldaða" mjólk. Þolir illa rúsínur. | J69: https://matarstund.is/serfaedi?id=natalia-ros-davidsdottir-hraunvallaskoli-7-bekkur
A70: Hraunvallaskóli | B70: Oki Nugraha | C70: 9. bekkur | D70: Nei | E70: Nei | F70: =IF(C70="","",IF(OR(C70="1. bekkur",C70="2. bekkur",C70="3. bekkur",C70="4. bekkur"),"Já",IF(C70="Starfsmaður","Nei","Nei"))) -> Nei | G70: Svínakjöt | H70: Bordar ekki svinakjot | J70: https://matarstund.is/serfaedi?id=oki-nugraha-hraunvallaskoli-9-bekkur
A71: Hraunvallaskóli | B71: Qasem Khedri | C71: 9. bekkur | D71: Nei | E71: Nei | F71: =IF(C71="","",IF(OR(C71="1. bekkur",C71="2. bekkur",C71="3. bekkur",C71="4. bekkur"),"Já",IF(C71="Starfsmaður","Nei","Nei"))) -> Nei | G71: Svínakjöt, Glúten | H71: Hann borðar ekki svínakjöt og Glúten | J71: https://matarstund.is/serfaedi?id=qasem-khedri-hraunvallaskoli-9-bekkur
A72: Hraunvallaskóli | B72: Reynir Nils Davíðsson | C72: Vantar bekk | D72: Nei | E72: Nei | F72: =IF(C72="","",IF(OR(C72="1. bekkur",C72="2. bekkur",C72="3. bekkur",C72="4. bekkur"),"Já",IF(C72="Starfsmaður","Nei","Nei"))) -> Nei | G72: Einhverft | J72: https://matarstund.is/serfaedi?id=reynir-nils-davidsson-hraunvallaskoli-vantar-bekk
