Workbook

Sheet Vöruskrá
A1: VÖRUSKRÁ – HRÁEFNI OG INNIHALDSEFNI
A2: Heiti vöru | B2: Framleiðandi / Byrgi | C2: Vörúnúmer | D2: Vörúflokkur | E2: Innihaldslýsing | F2: Ofnæmisvaldar | G2: Fyrirvari | H2: Hlekkur á gagnablað | I2: Orka (kcal/100g) | J2: Fita (g/100g) | K2: Mettuð fita (g/100g) | L2: Kolvetni (g/100g) | M2: Sykur (g/100g) | N2: Prótein (g/100g) | O2: Salt (g/100g) | P2: Trefjar (g/100g) | Q2: Kostnaður (kr/kg) | R2: Athugasemdir
A3: Ömmu skonsur heilar | B3: Gæðabakstur / Ömmubakstur ehf. | C3: 121 | D3: Bakkelsi | E3: Vatn, **hveiti**, **HAFRAMJÖL**, repjuolía, sykur, **HEILHVEITI**, **egg**, **MYSUDUFT**, pálmaolía, lyftiefni (E450, E500), salt, maltað **hveiti**, mjölmeðhöndlunarefni (E300), rotvarnarefni (E282), sykur, bindiefni (E322 úr sólblómum, E471), dextrósi, bragðefni, rotvarnarefni (E211), sýrustillir (E330), vanillubragðefni, kókosolía, litarefni (E150c, E150a), kekkjarvarnarefni (E535) | F3: Glúten (hveiti, haframjöl), egg, mjólk | G3: Gæti innihaldið snefil af sesam. | H3: https://gaedabakstur.is/vara/ommuskonsur-heilar-10stk-i-pakka/ | I3: 260 | J3: 12 | K3: 1.3 | L3: 31 | M3: 10 | N3: 5.3 | O3: 1 | P3: 2.3
A4: Bananaskonsur | B4: Gæðabakstur / Ömmubakstur ehf. | C4: 122 | D4: Bakkelsi | E4: Hrísmjólk (vatn, hrísgrjón, sólblómaolía, kalsíum, maltextrakt, salt, bindiefni E418, vítamín B12, D2, sýrustillir E340), **hveiti**, vatn, sykur, banani, repjuolía, maltað **hveiti**, mjölmeðhöndlunarefni (E300), lyftiefni (E450, E500), salt, vanillubragðefni, litarefni (E150c), kekkjarvarnarefni (E535) | F4: Glúten (hveiti) | G4: Gæti innihaldið snefil af sesam, mjólk og eggjum. | H4: https://gaedabakstur.is/vara/bananaskonsur/ | I4: 237 | J4: 4.3 | K4: 0.3 | L4: 44 | M4: 16 | N4: 4.4 | O4: 0.4 | P4: 1.5
A5: Sólkjarnabrauð plötubrauð | B5: Gæðabakstur / Ömmubakstur ehf. | C5: 730 | D5: Brauð | E5: **Hveiti**, vatn, 12,3% - sólkjarnafræ, **rúgmjöl**, hörfræ, maltað **hveiti**, salt, maltað **bygg**, mjölmeðhöndlunarefni (E300), ger, malt extrakt (úr **byggi**), súrdeigsduft úr **hveiti** (**hveiti**, gerlar), dextrósi, **hveitiglúten**, bindiefni (E472e, E491), ensím, kekkjarvarnarefni (E535) | F5: Glúten | G5: Gæti innihaldið snefil af sesamfræjum | H5: https://gaedabakstur.is/vara/solkjarnabraud/ | I5: 311 | J5: 10.8 | K5: 1.3 | L5: 40.3 | M5: 1.7 | N5: 10.5 | O5: 1.1 | P5: 4.7
A6: Beyglur fínar KS(48) | B6: Myllan | C6: 3413 | D6: Brauð / Frystar vörur | E6: **hveiti**, vatn, sykur, maltað mjöl (**bygg**, **hveiti**), salt, ger, óvirkt þurrger, ýruefni (E472e), repjuolía, mjölmeðhöndlunarefni (E300), ensím. | F6: Glúten (hveiti, bygg) | G6: Framleitt á svæði þar sem unnið er með sesamfræ, mjólk, egg, lúpínu, soja | H6: https://www.myllan.is/is/vorulinur/frosin-pokkud-vara/beyglur-finar | I6: 257 | J6: 0.9 | K6: 0.2 | L6: 51 | M6: 2.6 | N6: 9.4 | O6: 1.5 | P6: 2.4
A7: Heilkornasamlokubrauð stórt | B7: Myllan | C7: 1036 | D7: Brauð | E7: Vatn, heilkorna **HEILHVEITI** 17%, heilkorna **RÚGMJÖL** 17%, **hveiti**, **HVEITIGLÚTEN**, **HVEITIFLÖGUR**, **RÚGMJÖL**, þurrkað súrdeig (**RÚGUR**, súrdeigsgerlar), **HVEITIKURL**, ger, maltextrakt (**bygg**), repjuolía, salt, þykkingarefni (E415), sýrustillir (E262), ýruefni (E471, E472e), þurrkað súrdeig (**hveiti**, súrdeigsgerlar), mjölmeðhöndlunarefni (E300) | F7: Glúten (hveiti, rúgur, bygg) | G7: Framleitt á svæði þar sem unnið er með sesamfræ, egg, mjólk og lúpínu | H7: https://www.myllan.is/is/vorulinur/samlokubraud/heilkornasamlokubraud-stort | I7: 244 | J7: 2.9 | K7: 0.6 | L7: 37 | M7: 1.6 | N7: 14 | O7: 1 | P7: 6.6
A8: Heimilisbrauð 1/1 | B8: Myllan | C8: 1023 | D8: Brauð | E8: **Hveiti**, vatn, **HVEITIKURL**, repjuolía, ger, salt, **HVEITITREFJAR**, mjölmeðhöndlunarefni (E300), ýruefni (E481) | F8: Glúten (hveiti) | G8: Framleitt á svæði þar sem unnið er með sesamfræ, mjólk, egg og lúpínu | H8: https://www.myllan.is/is/vorulinur/samlokubraud/heimilisbraud-heilt | I8: 250 | J8: 2.7 | K8: 0.4 | L8: 45 | M8: 0.3 | N8: 9 | O8: 1.4 | P8: 3.1
A9: Lífskornabrauð m/ tröllahöfrum og chia | B9: Myllan | C9: 1063 | D9: Brauð | E9: Vatn, **TRÖLLAHAFRAR** 21%, heilkorna **HEILHVEITI** 16%, **hveiti**, **HVEITIGLÚTEN**, **RÚGMJÖL**, þurrkað súrdeig (**RÚGUR**, súrdeigsgerlar), **HVEITIKURL**, ger, chia fræ 1% (Salvia hispanica), maltextrakt (**bygg**), repjuolía, joðbætt salt, þykkingarefni (E415), sýrustillir (E262), ýruefni (E471, E472e), mjölmeðhöndlunarefni (E300) | F9: Glúten (tröllahafrar, heilhveiti, hveiti, rúgur, bygg) | G9: Framleitt á svæði þar sem unnið er með sesamfræ, egg, mjólk og lúpínu | H9: https://www.myllan.is/is/vorulinur/vegan-vorur/lifskorn-trollahafrar-chiafrae | I9: 241 | J9: 4.3 | K9: 0.8 | L9: 33 | M9: 1.2 | N9: 14 | O9: 0.9 | P9: 6.8
A10: Hvítlauksbrauð / baguette | B10: Myllan | C10: 4280 | D10: Brauð / Frystar vörur | E10: Mjöl (**hveiti**, maltað **hveiti**), vatn, smjör (**mjólk**), jurtafita (pálma), jurtaolía (repju), joðbætt salt, ger, hvítlaukur 0,6%, laukduft, ýruefni (E472e, E471, sólblómalesitín), sýrustillir (E341, E450, E330), óvirkt ger, steinselja, salt, þykkingarefni (E412), bragðefni, þráavarnarefni (E300), ensím (alfaamýlasi, xýlanasi) | F10: Glúten (hveiti), mjólk | G10: Getur innihaldið snefil af eggjum, soja, sinnepi og sesamfræjum. | H10: https://drive.google.com/file/d/1ISY9dqVNVBuKMul2k8e0kwwb7vSrJhlW/view | I10: 305 | J10: 14 | K10: 6.4 | L10: 37 | M10: 0.8 | N10: 6.6 | O10: 1.5 | P10: 1.9
A11: Dökkt súrdeigsbrauð (Skanörgrova) | B11: Pågen | C11: 1003 | D11: Brauð | E11: Vatn, **hveiti**mjöl, súrdeig úr **hveiti**korni (13%), heilkorna**hveiti**mjöl, dinkel**hveiti**mjöl, muldir heilkornakjarnar úr dinkel**hveiti**, **hafra**grjón, skolað heilkorna**hafra**mjöl, **hveiti**glúten, heilkorna**rúg**mjöl, heilkorna durum**hveiti**mjöl, **hafra**trefjar, kaldpressuð repjuolía (1%), **hveiti**kímar, gul hörfræ, sykur, ger, malt úr **byggi** og **hveiti**, salt. | F11: Glúten (hveiti, rúg, hafrar, bygg) | H11: https://drive.google.com/file/d/1_xC3btJzq-zmdaQHqlJ0_0EY7KwFaCqs/view | I11: 308 | J11: 7.8 | K11: 0.8 | L11: 48 | M11: 9.1 | N11: 10 | O11: 1.4 | P11: 6
A12: Ljóst súrdeigsbrauð (LantGoda Surdegsbröd) | B12: Pågen | C12: 1004 | D12: Brauð | E12: Vatn, **hveiti**mjöl, súrdeig úr **hveiti** (13%), heilkorna**hveiti**mjöl, dinkel**hveiti**mjöl, muldir heilkornakjarnar úr dinkel**hveiti**, **hafra**grjón, skolað heilkorna**hafra**mjöl, **hveiti**glúten, heilkorna**rúg**mjöl, heilkorna durum**hveiti**mjöl, **hafra**trefjar, kaldpressuð repjuolía (1%), **hveiti**kímar, gul hörfræ, sykur, ger, malt úr **byggi** og **hveiti**, salt. | F12: Glúten (hveiti, rúg, hafrar, bygg) | H12: https://drive.google.com/file/d/1aObopm1C2qlx3QieZ3phPb3MzLNGDVZz/view | I12: 262 | J12: 3 | K12: 0.4 | L12: 45 | M12: 4.1 | N12: 11 | O12: 0.9 | P12: 5
A13: Hrökkbrauð – Spelt (Burger crispbread) | B13: Burger Knäcke GmbH + Co. KG | D13: Hrökkbrauð | E13: Heilkorna**rúg**mjöl, **spelt**flögur (**hveiti**), heilkorna**spelt**mjöl (**hveiti**), salt. | F13: Glúten (rúg, spelt (hveiti)) | G13: Getur innihaldið snefil af sesam, mjólk og öðrum glútentegundum | H13: https://drive.google.com/file/d/1z4yQiAT8epMbEaAPA9lsAZjC7K1VKYth/view | I13: 324 | J13: 1.6 | K13: 0.3 | L13: 59 | M13: 1.8 | N13: 8.6 | O13: 1.3 | P13: 21
A14: Heilhveitikex (HAUST Graham biscuit) | B14: Continental Bakeries North Europe AB | C14: 307242 | D14: Kex / Bakkelsi | E14: **Hveiti**mjöl, heilkorna **hveiti**mjöl 30%, sykur, jurtafita (pálma), lyftiefni (ammoníumkarbónöt, natríumkarbónöt), salt, bragðefni. | F14: Glúten (hveiti) | G14: Getur innihaldið snefil af hnetum og sesam | H14: https://docs.google.com/document/d/1hSm-4pt3r15YYOeuqlWMbkkVgdKc8cwt0qPlCRs1ssM/edit | I14: 478 | J14: 20.8 | K14: 10.5 | L14: 62.4 | M14: 22.7 | N14: 8 | O14: 1.1
A15: Horn / Mini croissant 25g | B15: Boulangerie Neuhauser SA | C15: 401262 | D15: Bakkelsi / Frystar vörur | E15: **Hveiti**mjöl, vatn, **smjör** 18%, ger, sykur, **egg**, salt, **hveiti**glúten, maltað **hveiti**mjöl, óvirkt ger, mjölmeðhöndlunarefni (askorbínsýra E300), ensím. | F15: Glúten (hveiti), mjólk (smjör), egg | H15: https://drive.google.com/file/d/1DNHhTRSDQjq03Ewnj0fn_EU30mAnbK52/view | I15: 308 | J15: 15 | K15: 9.2 | L15: 36 | M15: 5.4 | N15: 6.8 | O15: 1 | P15: 1.4
A16: Arna skyr vanillu | B16: Arna / MS | D16: Mjólkurvörur | E16: **Mjólk**, sykur (5.0%), maíssterkja, vanilluþykkni (0,1%), vanillukorn, sítrónusafi, skyrgerlar, laktasi. | F16: Mjólk | H16: https://drive.google.com/file/d/1yzNdxeJqQSbLVXSF15Oeij4m2PUBv2GA/view | I16: 78 | J16: 0.3 | K16: 0.2 | L16: 7.9 | M16: 7.9 | N16: 11 | O16: 0.1
A17: Heimilis grjónagrautur | B17: Matarstræti | C17: 400208 | D17: Grautar / Kælivörur | E17: **Mjólk**, hrísgrjón(12%), sykur, salt. | F17: Mjólk | H17: https://drive.google.com/file/d/1Q4ZfVecv6vttdWG8fU0WA-1aeEo59cEB/view | I17: 91 | J17: 3 | K17: 1.6 | L17: 14 | M17: 4.6 | N17: 3 | O17: 0.5
A18: Oatly iMat Fraiche (sýrður hafrarjómi) | B18: Oatly | C18: 61529 | D18: Rjómi / Kælivörur | E18: Gerjaður hafragrunnur (vatn, hafrar 10%), repjuolía, fullhertar jurtaolíur (kókos, repju), kartöflusterkja, ýruefni (E472e), bindiefni (E407), sýrur (eplasýra, mjólkursýra), kalsíumkarbónat, kalsíumfosföt. | H18: https://docs.google.com/document/d/1vtp7UoMhU2kAQ80lddgVvUUhOoVTIYypmLZ4XRd5l3E/edit | I18: 177 | J18: 15 | K18: 6.4 | L18: 9.1 | M18: 4.1 | N18: 1 | O18: 0 | P18: 1
A19: Debic Vegan Top (jurtarjómi) | B19: FrieslandCampina / Debic | C19: 1180281 | D19: Rjómi / Kælivörur | E19: Vatn (64%), jurtaolía (29%) (pálmakjarni, pálmi), þurrkað glúkósasíróp (5%), umbreytt sterkja, salt, bindiefni (E339, gellangúmmí), ýruefni (lesitín, E435, E472b), litarefni (karótín), náttúruleg bragðefni. | F19: Engir skráðir | H19: https://drive.google.com/file/d/1VkCiTqPDw5l0voO-OiMPXkFvU-St0eZv/view | I19: 295 | J19: 30 | K19: 25 | L19: 6.2 | N19: 0 | O19: 0.1 | P19: 0
A20: Ali brauðskinka 62% | B20: Síldar og Fiskur ehf. | D20: Kjöt / Kælivörur | E20: Grísakjöt (62%), vatn, kartöflumjöl, **sojaprótein**, salt, þrúgusykur, bindiefni (E451), þráavarnarefni (E301, E330), gerextrakt, þykkingarefni (E410, E407), bragðefni, rotvarnarefni (E270, E250) | F20: Soja | H20: https://docs.google.com/document/d/1tYCZIN-9wdHVdNDDkGYzBt6KHJktVy-txKVoBoCKeKQ/edit | I20: 122 | J20: 5.9 | K20: 2.4 | L20: 3.6 | M20: 1.6 | N20: 13.4 | O20: 2.7
A21: Ali kjúklingapylsur | B21: Síldar og Fiskur ehf. | D21: Kjöt / Kælivörur | E21: Kjúklingakjöt 58%, kjúklingaskinn 24%, vatn, salt, krydd (**sinnep**, hvítlaukur), gerextrakt, bragðefni, rotvarnarefni (E250) | F21: Sinnep | H21: https://drive.google.com/file/d/1YjhRYrqRfXtv7LqVwi1Ut5s0ZlUPbbqk/view | I21: 173 | J21: 13.4 | K21: 4.8 | L21: 0.3 | M21: 0.3 | N21: 13.7 | O21: 2.8
A22: Kjúklingabollur 5 kg | B22: Matfugl ehf. | C22: 174170 | D22: Kjöt / Frystar vörur | E22: Kjúklingaleggjakjöt, kartöflusterkja, vatn, **soja**prótein, salt, þurrkað grænmeti (laukur, hvítlaukur, paprika), bragðefni (**soja**), krydd (**sinnep**), þrúgusykur, **hveiti**prótein, gerextrakt, litarefni (E160c), krydd, ger, repjuolía, fosfat (E450) | F22: Hveiti, soja, sinnep | H22: https://drive.google.com/file/d/1YThV-MnjJNGCpLCeYQojXy09zGYF6MrY/view | I22: 177 | J22: 9 | K22: 1.8 | L22: 7 | M22: 0.9 | N22: 17 | O22: 1.8
A23: Kjúklingaborgarar í cornflakes | B23: Matfugl ehf. | C23: 174311 | D23: Kjöt / Frystar vörur | E23: Kjötfylling (79%) (Kjúklingakjöt (83% af fyllingu), vatn, **soja**prótein, salt, krydd, gerþykkni, laukur), Brauðhjúpur (**hveiti**, maís, vatn, sykur, salt, maltað **bygg** extrakt), repjuolía. | F23: Hveiti, soja, bygg | H23: https://drive.google.com/file/d/1eikdCgUrXnNjx_B4w2fUH_3E5nIrr0Kz/view | I23: 237 | J23: 13 | K23: 4.7 | L23: 14 | M23: 1.1 | N23: 16 | O23: 1.5
A24: kjúklinga Lærakjöt Rodizio | B24: Matfugl ehf. | C24: 171481 | D24: Kjöt / Kælivörur | E24: Úrbeinuð skinnlaus kjúklingalæri (83%), vatn, salt, jurtaolía (repju og palma olía), sykur, mango chutney, ávaxtaþykkni, sýrustillir (E500), krydd reykbragðefni, rotvarnarefni (E262), þráavarnarefni (E320) | H24: https://drive.google.com/file/d/111MXMHumSNCo1SX0OgN5_iw4ol6nI6Y0/view | I24: 206 | J24: 10 | K24: 1.8 | L24: 4 | M24: 3.3 | N24: 25 | O24: 3.2
A25: Kjúklingalæri úrbeinuð | B25: Danpo | C25: 844014 | D25: Kjöt / Frystar vörur | E25: Úrbeinað og skinnlaust kjúklingalæri 80%, vatn 19%, salt, sykur, þráavarnarefni (E331, E301), sýrustillir (E262). | H25: https://drive.google.com/file/d/1GO4O3alIJnHNWfA6fdAD_SVmAdbBm5wZ/view | I25: 137 | J25: 9 | K25: 2.3 | N25: 14 | O25: 0.8
A26: NOL Kindakæfa 200g | B26: Kjarnafæði Norðlenska hf. | C26: 70519 | D26: Kjöt / Kælivörur | E26: Lambakjöt 80%, kjötsoð, laukduft, salt, pipar. | H26: https://docs.google.com/document/d/1LXzsuB69-IC_oRxF1lHfWTuKdnHk4OhCG33dUGHUGSs/edit | I26: 264 | J26: 24 | K26: 12 | L26: 1 | M26: 0 | N26: 11 | O26: 2.1 | P26: 0
A27: Lifrarpylsa án mjólkur, soðin | B27: Kjarnafæði Norðlenska hf. | C27: 59804 | D27: Kjöt / Kælivörur | E27: Lambalifur 32%, lambamör, **RÚGMJÖL**, **HAFRAMJÖL**, vatn, salt. | F27: Glúten (RÚGMJÖL, HAFRAMJÖL) | H27: https://docs.google.com/document/d/1dqgFZjSbMdctBpuTsZ86-uVkLNdvEtPTC6Kh8455--Y/edit | I27: 401 | J27: 32.7 | K27: 16.6 | L27: 15.7 | M27: 0.3 | N27: 10.3 | O27: 1 | P27: 3.8
A28: Ýsa í raspi | B28: Hafið fiskverslun | C28: 1164 | D28: Fiskur / Kælivörur | E28: Ýsa, raspur (**hveiti**, vatn, ger, salt, litarefni (E100, E160b)), hjúpur (**hveiti**, **glúten**, salt, umbreytt **hveiti**sterkja). | F28: Fiskur, hveiti, glúten | H28: https://docs.google.com/document/d/1mrPTXRk_Pt2msU-ckh0eoh4oUCEKrI5g/edit | I28: 125 | J28: 1 | K28: 0.3 | L28: 11 | M28: 0.2 | N28: 18 | O28: 0.7
A29: Fiskibollur án glúten | B29: Norðanfiskur | C29: 9060 | D29: Fiskur / Frystar vörur | E29: **Þorskur**, laukur, kartöflumjöl, umbreytt sterkja, jurtatrefjar, **soja**prótein, laukduft, salt, bindiefni (E451), hvítur pipar repjuolía. | F29: Fiskur, soja | H29: https://drive.google.com/file/d/1su1X4NqQ06JKbPrLHqbYVzuDSI9b-_ZY/view | I29: 125 | J29: 1.3 | K29: 0.1 | L29: 14.2 | M29: 0.7 | N29: 14.1 | O29: 1.4
A30: Anamma Vegan Nuggets Pea | B30: Anamma / Orkla Foods Sweden | C30: 454071477 | D30: Plantabasað / Frystar vörur | E30: Vatn, baunaprótein(17%), repjuolía, glútenlaus raspur (hrísgrjónamjöl, kjúklingabaunamjöl, maíssterkja, salt, dextrósi), hrísgrjónamjöl, maíssterkja, laukur, salt, náttúruleg bragðefni (paprika, kóríander, múskat), bindiefni (metýlsellulósi) | G30: Getur innihaldið snefil af soja | H30: https://docs.google.com/document/d/1hD7vfcvl0f75johYoY3PnnS548AlpCDkNKyTSEnJezk/edit | I30: 256 | J30: 17 | K30: 1.2 | L30: 14 | M30: 0 | N30: 12 | O30: 1.2
A31: BBQ Oumph! (Pulled) | B31: LiveKindly Collective AB | C31: 1407 | D31: Plantabasað / Frystar vörur | E31: Sojaprótein 54,3% (vatn, sojapróteinþykkni), grillsósa 45,7% (vatn, krydd, sykur, salt, karamellaður sykur, tómatur, laukur, hvítlaukur, sinnep, cayennepipar, engifer, steinselja, svartur pipar, sítrónusýra, repjuolía, náttúruleg bragðefni, maltódextrín, umbreytt maíssterkja, bragðefni), tómatpúrra, eplaþykkni, edik, reykbragðefni. | F31: Soja (sojabaunir) | H31: https://drive.google.com/file/d/1ny7Hc5Bb9td7Jjuz8iDeeFNvGw0ASEur/view | I31: 115 | J31: 0.7 | K31: 0.1 | L31: 11 | M31: 9.4 | N31: 14 | O31: 1.5 | P31: 4.7
A32: Asískar grænmetisbollur | B32: Avita | C32: 8808 | D32: Plantabasað / Frystar vörur | E32: Grænmeti (gulrætur, hvítkál, bambus, paprika, svartir sveppir, blaðlaukur, laukur, sykurbaunir) 40,5%, hrísgrjón 35%, repjuolía, kartöfluflögur, baunasterkja, döðlur 3%, sólblómaolía, krydd, salt, sykur, steinselja, kartöflusterkja, bindiefni (hýdroxýprópýl metýlsellulósi) | H32: https://drive.google.com/file/d/1apWuKGpcNAqp6PlmDeLj6QCa3EUrWc9L/view | I32: 182 | J32: 7.5 | K32: 0.8 | L32: 24.7 | M32: 5.3 | N32: 1.9 | O32: 1.4
A33: Falafel bollur Funky Harissa & Grilled Pepper | B33: Salomon FoodWorld | C33: 8530200 | D33: Plantabasað / Frystar vörur | E33: Kjúklingabaunir (33%), kartöflur, **hveiti**mjöl, kjúklingabaunamjöl, vatn, paprika (5%), gulrætur, þurrkaðir tómatar (3%), laukur, piparþykkni, repjuolía, krydd, svart kúmen, hvítlaukur, maísmjöl, salt, chili, kryddþykkni, sýra (sítrónusýra), tómatþykkni, **hveiti**sterkja, kryddjurtir, lyftiefni (dífosföt, natríumkarbónöt) | F33: Glúten (hveiti) | H33: https://drive.google.com/file/d/1Y-R-GvIw5gcBuCYDUT2F0S5nWJRmSJ_/view | I33: 222 | J33: 7.4 | K33: 0.9 | L33: 28 | M33: 3.6 | N33: 7.6 | O33: 1.1 | P33: 6.5
A34: Garden Gourmet Vegan Nuggets | B34: Nestlé Professional | C34: 12608135 | D34: Plantabasað / Frystar vörur | E34: Endurvökvað **hveiti**prótein 40,9% (vatn, **hveiti**prótein 9,7%, **hveiti**mjöl 2,8%), raspur 17% (**hveiti**mjöl, salt, ger, repjuolía, kryddþykkni paprika), vatn, jurtaolíur (repja, sólblómaolía), **hveiti**mjöl, baunaprótein, sýrustillir (buffrað edik), bindiefni (metýlsellulósi), **hveiti**glúten 1,7%, náttúruleg bragðefni, sterkja, sítrustrefjar, salt, bambustrefjar, laukduft, hvítur pipar, **soja**sósa (**sojabaunir**, **hveiti**, salt) | F34: Glúten (hveiti), soja | G34: Getur innihaldið snefil af eggjum. | H34: https://drive.google.com/file/d/1_5EjaAcN-dT9_KQ7b3yra7RJppPeaS/view | I34: 238 | J34: 13.4 | K34: 1.6 | L34: 13.3 | M34: 1.7 | N34: 13.6 | O34: 1.1 | P34: 5.1
A35: Marrakesh pottréttur | B35: Álfasaga ehf. / Móðir Náttúra | C35: 816 | D35: Plantabasað / Frystar vörur | E35: Tómatar, kjúklingabaunir, laukur, gulrætur, sætar kartöflur, eplasafi, blómkál, repjuolía, döðlur, limesafi (inniheldur **SÚLFÍÐ**), paprikamauk, hvítlaukur, salt, kóríander, chilimauk, grænmetiskraftur (salt, pálmaolía, maltodextrín, grænmetisblanda, sykur, krydd), kúmen, engifer, túrmerik, svartur pipar, kanill. | F35: Súlfít, sellerí. | G35: Framleitt á svæði þar sem unnið er með hnetur | H35: https://docs.google.com/document/d/1lFUBZ6JnrNhmfGUHlIWLvOeyf8UZVP0UP7Z3nm8HOlw/edit | I35: 118 | J35: 4.5 | K35: 0.4 | L35: 13.5 | M35: 5.7 | N35: 3.8 | O35: 0.9 | P35: 4
A36: Vegan grjónagrautur | B36: Í-MAT / Matarstund | C36: FH-20260127-01 | D36: Plantabasað / Grautar | E36: Vegan rjómi (vatn, kókoskjarnaolía, pálmaolía, þurrkað glúkósasíróp, umbreytt sterkja, salt, stöðugleikaefni fosfat E339, gellangúmmí, ýruefni lesitín, E435, E472b, litarefni karótín, náttúrulegt bragðefni), vatn, hrísgrjón, sykur, salt. | F36: Engir skráðir | H36: https://drive.google.com/file/d/12DfeqymW1tAoO22_uIYQhTJKAtpxDRqo/view | I36: 74 | J36: 1.6 | K36: 0.3 | L36: 13 | M36: 1.2 | N36: 1.8 | O36: 0.4
A37: Brunoise grænmetisblanda | B37: Ardo | C37: MMB610 | D37: Grænmeti / Frystar vörur | E37: Sellerírót (33%), gulrætur (32%), blaðlaukur (15%), **sellerí** (10%), laukur (10%) | F37: Sellerí | H37: https://drive.google.com/file/d/1GJCXmg1Vj2I1EBYaQMCHQKoAVtxomxaURI/view | I37: 26 | J37: 0.4 | K37: 0.1 | L37: 3.4 | M37: 2.9 | N37: 1 | O37: 0.1 | P37: 2.5
A38: Grænmetisblanda - Country grill | B38: Ardo | C38: ESP_AC187 | D38: Grænmeti / Frystar vörur | E38: Blandað Grænmeti: kartöflur, kúrbítur, eggaldin, laukur, papríka (græn, rauð og gul). Sólblómaolía. | G38: Framleitt á svæði þar sem unnið er með sellerí. | H38: https://drive.google.com/file/d/1yXrneQvgPYgKej8AvDXUQiRbl8MHsviy/view | I38: 99 | J38: 6 | K38: 0.8 | L38: 8.3 | M38: 3.9 | N38: 1.8 | O38: 0.1 | P38: 2.5
A39: Franskar Mydibel Classic 9/9 | B39: Clarebout Potatoes | D39: Kartöflur / Frystar vörur | E39: Kartöflur 97%, sólblómaolía 3%. Vinnsluhjálparefni (dextrósi, tvínatríumdífosfat). | H39: https://drive.google.com/file/d/1NTqzKXREB617l_w7DuQp8ELURiDGn_ti/view | I39: 120 | J39: 2.7 | K39: 0.4 | L39: 22.9 | N39: 2.2 | O39: 0.1 | P39: 2.6
A40: Kartöflubátar (Potato Wedges) | B40: Mydibel | D40: Kartöflur / Frystar vörur | E40: Kartöflur 97%, sólblómaolía. | H40: https://vefverslun.ojk-isam.is/api/BlobForward/inline/ojkisam/189951b7.pdf | I40: 130 | J40: 3.8 | K40: 2.1 | L40: 20 | N40: 2.7 | O40: 0.1 | P40: 2.7
A41: Hvítlauks aioli GARRI vegan 725 ml | B41: Kjarnavörur hf. | C41: 12737 | D41: Sósur / Dressings | E41: Repjuolía, vatn, hvítlaukur, **sinnep** (vatn, sykur, edik, **sinnep**sduft, umbreytt kartöflusterkja, salt, umbreytt maíssterkja, karrí, túrmerik duft, rotvarnarefni E202, E211), kryddblanda, sykur, umbreytt kartöflusterkja, salt, edik, kryddblanda, rotvarnarefni (E260, E211, E202), **sinnep**sduft, sýra (E330), bindiefni (E415) | F41: Sinnep | H41: https://drive.google.com/file/d/12plSEq_gkegCbnbLks9oisLjM1HR3Ncx/view | I41: 519 | J41: 56 | K41: 3.6 | L41: 6 | M41: 4.1 | O41: 1.1
A42: Í MAT Karrísósa vegan 10 ltr | B42: Kjarnavörur hf. | C42: 310008 | D42: Sósur / Dressings | E42: Repjuolía, vatn, kryddblanda (rotvarnarefni E260, E211, E202, **sinnep**sduft, krydd, sýra E330), karrí, hunangslíki (sykur, vatn, sýra E507, sýrustillir E500, bragðefni, hunangsbragðefni, litarefni E150a, E150c), umbreytt kartöflusterkja (E1450), sykur, grænmetiskraftur, salt, rotvarnarefni (E202), bindiefni (E412) | F42: Sinnep | H42: https://drive.google.com/file/d/1RA_hEPDQMpqswOh6yfemnR-S_oqXCP2_/view | I42: 532 | J42: 57 | K42: 3.7 | L42: 5.9 | M42: 3 | O42: 1.2
A43: Í MAT Vegan kokteilsósa 10 ltr | B43: Kjarnavörur hf. | C43: 310001 | D43: Sósur / Dressings | E43: Repjuolía, tómatsósa, vatn, sinnep (edik, sinnepsduft, umbreytt maíssterkja, karrí, kryddblanda), kryddblanda (sinnepsduft, sýra E330), eplaedik, umbreytt kartöflusterkja, sykur, salt, paprikuduft, rotvarnarefni (E202), broddkúmen, bindiefni (E412) | F43: Sinnep | H43: https://docs.google.com/document/d/1jjpLQLnejNxDdmA90ekhQ3HbNVINXitkS6-S1W5yeak/edit | I43: 448 | J43: 45 | K43: 2.9 | L43: 12 | M43: 9.9 | O43: 1.4
A44: Knorr brún sósa (granulat) | B44: Knorr / Unilever | C44: 67453014 | D44: Sósur / Soðkraftar | E44: Umbreytt sterkja, hrísgrjónamjöl, maltódextrín, sykur, bragðefni, salt, gerextrakt, ristaður laukur, sólblómaolía, litarefni (E150c), salvía. | H44: https://drive.google.com/file/d/1A544lje2nijReN8m6qcUAXHEHx-gg4OG/view | I44: 353 | J44: 3.7 | K44: 0.5 | L44: 72 | M44: 10 | N44: 7.8 | O44: 7.3 | P44: 1.3
A45: Borðsalt | B45: Katla matvælaiðja ehf. | C45: 10232 | D45: Krydd / Hráefni | E45: Salt (salt, kekkjavarnarefni E535, lyftiefni E500). | G45: Framleitt á svæði þar sem unnið er með mjólk, glúten, egg, sesam, sellerí, soja og sinnep. | H45: https://drive.google.com/file/d/18_svh90eLQ1eSbJF3qr3eWDjhyhpL95Y/view | I45: 0 | J45: 0 | K45: 0 | L45: 0 | M45: 0 | N45: 0 | O45: 100
A46: Hvítlauksblanda Ört & Vitlökskrydda | B46: Nordic Spice AB | C46: 30104 | D46: Krydd | E46: Salt, svartur pipar, hvítlaukur, paprikubitar, laukur, steinselja, dextrósi, timían, estragon. | G46: Framleitt á svæði þar sem unnið er með glúten, fisk, krabbadýr, lindýr, mjólk, soja, sellerí, sinnep og sesam. | H46: https://drive.google.com/file/d/1zCXy9QE-qppLvTnBDs7hEMNUD/view | I46: 178 | J46: 1.1 | K46: 0.3 | L46: 31 | M46: 4.7 | N46: 6.3 | O46: 51
A47: Hvítlauksduft (Vitlökspulver) | B47: Nordic Spice AB | C47: 35049 | D47: Krydd | E47: Hvítlauksduft 100% | G47: Framleitt á svæði þar sem unnið er með glúten, fisk, krabbadýr, lindýr, mjólk, soja, sellerí, sinnep og sesam. | H47: https://drive.google.com/file/d/1MSRdefMEGeUCyN8gS7xeRyI53AOLv84-/view | I47: 385 | J47: 0.8 | K47: 0.1 | L47: 73 | M47: 24 | N47: 17 | O47: 0.1
A48: Kókosmjólk Roland Coconut Milk | B48: Roland Foods LLC | C48: 86026 | D48: Hráefni / Niðursoðnar vörur | E48: Kókosmjólk, vatn, gúargúmmí. | F48: kókos | H48: https://drive.google.com/file/d/1FvEYUVnd2_BK17DbZjzv5N3_8u3AZbzA/view | I48: 181 | J48: 18 | K48: 15.3 | L48: 2.8 | M48: 1 | N48: 2 | O48: 0 | P48: 0
A49: Hrísgrjón Thai Hom Mali (Royal Umbrella) | B49: Khao C.P. Co., Ltd. | D49: Hráefni / Kornvörur | E49: Hrísgrjón 100% | H49: https://drive.google.com/file/d/1DoKkdQMWFLTDnrAu21AaCM2FHpZ73bgS/view
A50: Maizenamjöl (majssterkja) | B50: Maizena / Unilever | C50: 237528 | D50: Hráefni | E50: Maíssterkja. | H50: https://drive.google.com/file/d/1CmXprz2PFHVmxfaM0CalYclE2qYOhpF7/view
A51: Granóla múslí | B51: H-Berg ehf. | C51: 21144 | D51: Morgunkorn | E51: Heilkornaflögur (61,5%) (**hafrar**, **hveiti**), sykur, sólblómaolía, stökkt korn (6,2%) (hrísmjöl, **hveiti**, sykur, maltað **bygg**, salt), **hveiti**, glúkósasýróp, hunang, lyftiefni (E500), kanill, karamellaður sykur, bragðefni, þráavarnarefni (E306) | F51: Glúten (hafrar, hveiti, bygg). | G51: Gæti innihaldið snefil af jarðhnetum, sojabaunum, mjólk og hnetum | H51: https://docs.google.com/document/d/1ifrlgLmRek3D49wWNhUQ_AdEsalsUL9A3wL-voKvyxI/edit | I51: 430 | J51: 13 | K51: 1.4 | L51: 66 | M51: 17 | N51: 9.3 | O51: 0.2 | P51: 6
A52: Nachos Tortilla Chips Salted (Santa Maria) | B52: Paulig / Santa Maria | C52: 200815 | D52: Snakk | E52: Maís mjöl (78%), sólblómaolía, salt. | G52: Getur innihaldið snefil af soja | H52: https://docs.google.com/document/d/1TTmK_n2QFHKIN4R5nh8vlgj5w-uy7i6hZxC_Tw6B1Oc/edit | I52: 472 | J52: 20 | K52: 2 | L52: 64 | M52: 0.8 | N52: 6.6 | O52: 1.2 | P52: 4
A53: Ömmu rúgbrauð (mjólkurlaust) | B53: Gæðabakstur / Ömmubakstur ehf. | C53: 609 | D53: Brauð | E53: RÚGMJÖL, vatn, sykur, HEILHVEITI, MALTAÐ BYGG, malt extrakt (úr BYGGI), súrdeigsduft úr hveiti (HVEITI, mjólkursýrugerlar), salt, rotvarnarefni (E282), ger, mjölmeðhöndlunarefni (E300), kekkjarvarnarefni (E535), bindiefni (E491) | F53: Glúten (rúgmjöl, hveiti, bygg) | G53: Gæti innihaldið snefil af sesam | H53: https://gaedabakstur.is/vara/ommurugbraud-30-sneida/ | I53: 252 | J53: 1.1 | K53: 0.2 | L53: 50 | M53: 20 | N53: 4.8 | O53: 0.6 | P53: 8.2
A54: Oumph! Färs (hakk) | B54: LiveKindly Collective AB | C54: 600234 | D54: Plantabasað / Frystar vörur | E54: Vatn, **soja**próteinþykkni 19%, repjuolía, kryddblanda (laukduft, salt, bragðefni, hvítlauksduft), hleypiefni (metýlsellulósi), litarefni sykurlitur ammoníakferli). | F54: Soja (sojabaunir) | H54: https://drive.google.com/file/d/17I0KWyblXTi11MUMbyMelwqAThnVoPX7/view | I54: 131 | J54: 7.2 | K54: 0.5 | L54: 1.4 | M54: 0.6 | N54: 13 | O54: 0.9 | P54: 4.2
A55: Pizza Snack Margherita | B55: Dr. August Oetker | C55: 1-25-002000 | D55: Bakkelsi / Frystar vörur | E55: **Hveiti**mjöl, 21% **ostur** (mozzarella, edam), 15% tómatpúrra, vatn, 7,9% tómatþykkni, repjuolía, ger, salt, sykur, extra virgin ólífuolía, basil, oregano, hvítlaukur, laukur, pipar, ristaður laukur. | F55: Glúten (hveiti), mjólk | G55: Getur innihaldið snefil af soja | H55: https://drive.google.com/file/d/1xmupIyoGoDbKzYW0SmUzAFTzdGR7wPpN/view | I55: 227 | J55: 7.5 | K55: 3.6 | L55: 29 | M55: 3.8 | N55: 10 | O55: 1
A56: Plokkfiskur | D56: Fiskur / Kælivörur | E56: ÝSA, ÞORSKUR (60%), kartöflur, laukur, sósa (HVEITI, repjuolí, pálmaolía, salt, bragðefni (MJÓLK), krydd, hrísgrjónahveiti, ýruefni (E322), litarefni (E160a)). | F56: Fiskur (ýsa, þorskur), glúten (hveiti), mjólk. | H56: https://docs.google.com/document/d/1_o-2AkBs_TMqPzQr3DDobk_R8nIeI65a/edit | I56: 121 | J56: 5 | K56: 1.1 | L56: 7 | M56: 0.6 | N56: 12 | O56: 1.2 | P56: 0.6
A57: Hönö Skärgårdskaka (Pólarbrauð) | B57: Pågen AB | C57: 1186 | D57: Brauð / Frystar vörur | E57: **Hveiti**mjöl, vatn, sykur, sigtað **rúg**mjöl, repjuolía, heilkorna **rúg**mjöl, **hveiti**glúten, heilkorna **hveiti**mjöl, **hveiti**mjöl, ger, jurtaýruefni (mónó- og díglýseríð fitusýra), lyftiefni (hjartarsalt), malt úr **byggi**, salt. | F57: Glúten (hveiti, rúgur, bygg). | H57: https://drive.google.com/file/d/1wQ6Aj25cbHnFwYYRVBbBoa0ceJotW3tK/view | I57: 296 | J57: 4.5 | K57: 0.5 | L57: 52 | M57: 9.7 | N57: 9.1 | O57: 0.8 | P57: 3.3
A58: Creamy mashed potatoes | B58: Agristo nv | C58: 304384 | D58: Grænmeti / Frystar vörur | E58: Kartöflur (86,2%), **mjólk** (9,7%), smjörfita, salt, hvítur pipar. | F58: Mjólk | H58: https://drive.google.com/file/d/1Q5pHOTieK7b4Gy3bBGFnnGvU9GEQuRj9/view | I58: 104 | J58: 3.1 | K58: 1.9 | L58: 16 | N58: 2 | O58: 0.5 | P58: 1.9
A59: Quinoa Grænkálsbuff | B59: Ardo Austria Frost GmbH | C59: RLQ320V | D59: Plantabasað / Frystar vörur | E59: Grænkál 17%, raspur 15% (**spelt**mjöl, poppað kínóa, sólblómaolía, salt, ger), forsoðið kínóa 13% (vatn, kínóa), vatn, jurtaolía, kartöflur, gulrætur, ristaður laukur (laukur, repjuolía), **sojabaunir**, kartöfluflögur, **hveiti**mjöl, kryddblanda, sojasósa (vatn, salt, **sojabaunir**, **hveiti**), joðbætt salt, karríduft, hvítlauksduft, malað engifer, svartur pipar. | F59: Glúten (spelt, hveiti), soja. | H59: https://drive.google.com/file/d/1K9SR8AXu2Qag_F36czw5QGX4OuqCSj7q/view | I59: 212 | J59: 11.4 | K59: 1.3 | L59: 21.7 | M59: 1.9 | N59: 4.5 | O59: 1 | P59: 2.5
A60: Rauðkál | B60: Samsø Syltefabrik A/S | C60: 63771 | D60: Grænmeti / Niðursoðnar vörur | E60: Rauðkál, sykur, edik, salt, síróp, rifsberjasafi. | H60: https://drive.google.com/file/d/1Rqb9kj8tVDkHq7eyRPXcNpc6UUH_taBS/view | I60: 74 | J60: 0.5 | K60: 0.1 | L60: 17 | M60: 15 | N60: 1.3 | O60: 0.4 | P60: 1.7
A61: Sweet Potato Rust Cut (Sætar kartöflur) | B61: Monliz España S.L.U. | C61: ME0062001 | D61: Grænmeti / Frystar vörur | E61: Sætar kartöflur | H61: https://drive.google.com/file/d/1jCcWn6ueSY2iLASOI_k-MMXCXPZq0Hst/view | I61: 72 | J61: 0.1 | K61: 0 | L61: 15.2 | M61: 5.7 | N61: 1.4 | O61: 0.1 | P61: 2.5
A62: Chunky Salsa Medium (Salsa sósa) | B62: Paulig / Santa Maria | C62: 4551 | D62: Sósur / Dressings | E62: Tómatar (81%) (muldir tómatar, tómatpúrra), laukur (8%), grænt chili, salt, maíssterkja, krydd og kryddjurtir (chilipipar, hvítlaukur, kúmen, cayennepipar, kóríander, oregano), jalapeño (0,6%), paprika, vínedik, límónusafi. | H62: https://docs.google.com/document/d/1Wi0y53Um6eC6Hmz4zSoG-n6D8zQfM-3TMTHa40nWiig/edit | I62: 33 | J62: 0 | K62: 0 | L62: 5.5 | M62: 4.8 | N62: 1.6 | O62: 1 | P62: 1.9
A63: Reynt kjúklingaálegg | B63: Matfugl ehf. | C63: 174440 | D63: Kjöt / Kælivörur | E63: Kjúklingarbringur (42%), alifuglakjöt (28%), vatn (25%), salt, þrúgusykur, bindiefni (E451, E407, E410), gerextrakt, þráavarnarefni (E301, E330), bragðefni, sykur, pipar, rotvarnarefni (E270) | H63: https://docs.google.com/document/d/1m0YKiZ4cQZAZVlQ9NBO-W9jBUEk9w4-k1SKb9XI2P-o/edit | I63: 85 | J63: 0.8 | K63: 0.3 | L63: 1.8 | M63: 1.7 | N63: 16 | O63: 2.6
A64: Sauce tikka masala GT-CHEF | B64: GoldenTurtleForChefs (ZLI) | C64: 60486 | D64: Sósur / Dressings | E64: Vatn, sykur, laukur, tómatmauk, sólblómaolía, salt, kóríanderduft, engifer, hvítlaukur, **sinnep**duft, sýrustillir (sítrónusýra E330), chili, kúmenduft, fenugreeklauf, svartur piparduft, kóríander, þráavarnarefni (E306, tókóferólríkt þykkni). | F64: Sinnep | H64: https://drive.google.com/file/d/1psBkJzLFrs5mN4fj1wYpcBp884WsVURp/view | I64: 150 | J64: 5.9 | K64: 0.6 | L64: 22 | M64: 18 | N64: 1.4 | O64: 4.4 | P64: 1.6
A65: Skólabollur | B65: Myllan | C65: 3651 | D65: Brauð / Frystar vörur | E65: Vatn, heilkorna **rúg**mjöl 20%, heilkorna **hveiti**mjöl 17%, **hveiti**mjöl, **hveiti**glúten, **rúg**mjöl, þurrkað súrdeig (**rúg**, súrdeigsgerlar), **hveiti**kurl, ger, maltextrakt (**bygg**), repjuolía, joðbætt salt, þykkingarefni (E415), sýrustillir (E262), ýruefni (E471, E472e), mjölmeðhöndlunarefni (E300), maltað **hveiti**. | F65: Glúten (rúgur, hveiti, bygg) | G65: Framleitt á svæði þar sem unnið er með sesamfræ, egg, mjólk og lúpínu | H65: https://drive.google.com/file/d/14DAgTI18dATCiMOlGqGBlT2S4QVgoDrD/view | I65: 221 | J65: 2.8 | K65: 0.5 | L65: 34 | M65: 1.4 | N65: 11 | O65: 1.1 | P65: 6.4
A66: Smjör 500 g | B66: MS (Mjólkursamsalan Íslands) | C66: 1005 | D66: Mjólkurvörur | E66: Rjómi, salt. | F66: Mjólk | H66: https://docs.google.com/document/d/149N3quKMoWawGv9LE2FddvRhKdpdb7Cxfmhury4OOtc/edit | J66: 82 | K66: 49 | L66: 0.4 | M66: 0.4 | N66: 0.6 | O66: 1.2
A67: Smjörvi 400 g | B67: MS (Mjólkursamsalan Íslands) | C67: 2500 | D67: Mjólkurvörur | E67: Rjómi, repjuolía, salt, A-vítamín og D-vítamín. | F67: Mjólk | H67: https://docs.google.com/document/d/1UjBm-Tv-Iec76nq1yK04YofrHL0yfr89sWsBhPn2Bfg/edit | I67: 702 | J67: 78 | K67: 37 | L67: 0.4 | M67: 0.4 | N67: 0.6 | O67: 1.2
A68: Violife Grated Mozzarella Flavour | B68: Arivia S.A. | C68: 312 | D68: Plantabasað / Kælivörur | E68: Vatn, kókosolía (24%), umbreytt sterkja, sterkja, sjávarsalt, reyniberjaþykkni, bragðefni, sýrustillir (sítrónusýra), ólífuþykkni, B12-vítamín, litarefni (beta-karótín). | H68: https://docs.google.com/document/d/18b2J2oj0tGu3WRVMjz2b5-BVn6Pc_FMyhWrmnMt7mwI/edit | I68: 305 | J68: 24 | K68: 21 | L68: 22 | M68: 0 | N68: 0.1 | O68: 1.7
A69: Organic Crystal Sourdough Bun | B69: Europastry S.A. | C69: 69393 | D69: Brauð / Frystar vörur | E69: **Hveiti**mjöl*, vatn, heilkorna **hveiti**súrdeig 4% (heilkorna gerjað **hveiti**mjöl*, vatn), ger*, extra virgin ólífuolía 1,3%*, salt, **bygg**maltmjöl*, **hveiti**glúten*. *Lífrænt. | F69: Glúten (hveiti, bygg). | G69: Getur innihaldið snefil af soja, egg, mjólk, sesam, sinnep | H69: https://drive.google.com/file/d/1_7-lapfB0IXWi_NgfdgjTejZibfQdUt4/view | I69: 242 | J69: 2.5 | K69: 0.4 | L69: 44 | M69: 0.6 | N69: 9.4 | O69: 1.3 | P69: 1.8
A70: La Choy Sweet & Sour Sauce (Súrsæt sósa) | B70: ConAgra Brands / La Choy | C70: 4430012690 | D70: Sósur / Dressings | E70: Vatn, sykur, eimað edik, umbreytt maíssterkja, salt, þurrkuð græn og rauð paprika, þurrefni úr maíssírópi, litarefni (E160c), þurrefni úr ananassafa. | H70: https://innnes.is/sosur/austurlenskar-sosur/la-choy-sursaetsosa-brusi-4x378kg/ | I70: 175 | J70: 0.3 | K70: 0.1 | L70: 42.3 | M70: 37.5 | N70: 0.2 | O70: 0.9 | P70: 0.2
A71: Crystal Sugar (Sykur) | B71: Cosun Beet Company | D71: Hráefni | E71: Súkrósi | H71: https://drive.google.com/file/d/1xlkj9UFMzhBrHGJoVUjpSgwu6ml60B4l/view | I71: 400 | J71: 0 | K71: 0 | L71: 100 | M71: 100 | N71: 0 | O71: 0 | P71: 0
A72: Sýrður rjómi 10% | B72: MS (Mjólkursamsalan Íslands) | D72: Mjólkurvörur | E72: **Undanrenna** og **rjómi**, sýrður með mjólkursýrugerlum, gelatín, ostahleypir. | F72: Mjólk | H72: https://docs.google.com/document/d/1YqVGDpK3zKU6f0K5VqvY9symdnjIMOW0qRxqrtjNvgU/edit | I72: 119 | J72: 10 | K72: 6.4 | L72: 3.5 | M72: 3.5 | N72: 3.8 | O72: 0.1
A73: Taco Grillkrydda | B73: Nordic Spice AB | C73: 30071 | D73: Krydd | E73: Salt, chilipipar, kúmen, hvítlaukur, svartur pipar, cayennepipar, laukur, engifer, sykur, sýrustillir (sítrónusýra), kekkjavarnarefni (E552), repjuolía, kryddþykkni. | G73: Framleitt á svæði þar sem unnið er með glúten, fisk, krabbadýr, lindýr, mjólk, soja, sellerí, sinnep og sesam. | H73: https://drive.google.com/file/d/1mykwklqQSozxJsGTVIYypmLZ4XRd5l3E/view | I73: 222 | J73: 6 | K73: 0.9 | L73: 30 | M73: 4.6 | N73: 7.1 | O73: 45
A74: Taco Tubs (Tacoskálar) | B74: Paulig / Santa Maria | C74: 200670 | D74: Snakk / Hráefni | E74: Maís mjöl (74%), sólblómaolía, salt. | H74: https://drive.google.com/file/d/1ahiLImnx9aj06P6g_CI6FDywSz9Ozmhm/view | I74: 483 | J74: 25 | K74: 2.3 | L74: 56 | M74: 1.1 | N74: 5.7 | O74: 1.2 | P74: 6.3
A75: Tómatpuré Doppio Concentrato 800 g (Menu) | B75: Menu SRL | C75: UU1 | D75: Hráefni / Niðursoðnar vörur | E75: Tómatar | H75: https://drive.google.com/file/d/1d9nwUjnSzxKmopD1MmL_f_PclKxewh/view | I75: 113 | J75: 0.4 | K75: 0 | L75: 19 | M75: 14 | N75: 6 | O75: 0.1
A76: BL Garden Veg. Burger (Vegan buff) | B76: Bauernland / Frisch & Frost | C76: 5809 | D76: Plantabasað / Frystar vörur | E76: Grænmeti (kartöflur, brokkolí, gulrætur, baunir), **hveiti**mjöl, sólblómaolía, **hveiti**semólína, laukur, borðsalt, sterkja, dextrósi, gerextrakt, ger, sykur, krydd, repjuolía, joðbætt salt, kryddjurtir. | F76: Glúten (hveiti). | H76: https://drive.google.com/file/d/16HV_oLt59KqpUADMnnBT6NSexgTGM5UJ/view | I76: 177 | J76: 8.3 | K76: 1 | L76: 20 | M76: 4 | N76: 3.8 | O76: 1.4 | P76: 3.5
A77: Garden Gourmet Sensational Fillet Pieces | B77: Nestlé Professional | C77: 12589145 | D77: Plantabasað / Frystar vörur | E77: Endurvökvað **soja**próteinþykkni 89,6% (vatn, **soja**próteinþykkni 32,3%), vínedik, sólblómaolía, gerextrakt, bragðefni. | F77: Soja | G77: Getur innihaldið snefil af hveiti | H77: https://drive.google.com/file/d/1ETeaMDmW9SietlS1LO9OpNsUqOW79oWc/view | I77: 153 | J77: 4.7 | K77: 0.4 | L77: 1.2 | M77: 0.1 | N77: 22.5 | O77: 0.6 | P77: 8
A78: Garden Gourmet Vegan Mince (Vegan hakk) | B78: Nestlé Professional | C78: 12592004 | D78: Plantabasað / Frystar vörur | E78: Endurvökvað **soja**prótein 93,9% (vatn, **soja**próteinþykkni 30%), sólblómaolía, **bygg**maltextrakt, laukduft, náttúruleg bragðefni, hvítlauksduft, salt, paprikuduft, svartur pipar, kúmen. | F78: Glúten (bygg), soja | H78: https://drive.google.com/file/d/1dLk5SlPKdYyJqdOZSX2ULLFV06BQ8Wyr/view | I78: 128 | J78: 2.5 | K78: 0.3 | L78: 1.8 | M78: 0.6 | N78: 21.2 | O78: 0.3 | P78: 6.7
A79: Tomato Traditional Round Pizza Base (Vegan pizzabotn) | B79: Valpizza | C79: 1900 | D79: Brauð / Frystar vörur | E79: **Hveiti**mjöl, vatn, tómatpúrra 26%, sólblómaolía, salt, ger, maltað **hveiti**mjöl, sykur, oregano, svartur pipar. | F79: Glúten (hveiti) | G79: Getur innihaldið snefil af fiski, sinnepi, soja og mjólk. | H79: https://drive.google.com/file/d/1jVXpwZuTyebCJ-h1nS5OcnGIQDoW5t_E/view | I79: 195 | J79: 2.5 | K79: 0.5 | L79: 35 | M79: 1.5 | N79: 7 | O79: 1.2 | P79: 2
A80: Chiliborgari (Veganborgari) | B80: Álfasaga ehf. (Móðir Náttúra) | C80: 106 | D80: Plantabasað / Kælivörur | E80: **BYGG**, kjúklingabaunir, fennel, kartöflur, kartöflumjöl, tómatpúrra, chilimauk 1%, salt, hvítlaukur, krydd (steinselja, timían, rósmarín, basilika, majoram, estragon, oreganó), kúmen, kóríander. | F80: Glúten (bygg) | G80: Getur innihaldið snefil af hnetum og sesam. | H80: https://drive.google.com/file/d/1YQru_x8azI1hqGirhRjm-Qm2o17OCDE0/view | I80: 272 | J80: 2.6 | K80: 0.4 | L80: 47.2 | M80: 1.3 | N80: 10.2 | O80: 0.9 | P80: 9.5
A81: Nautgripahakk 2 kg frosið | B81: Kjarnafæði Norðlenska hf. | C81: 50003 | D81: Kjöt / Frystar vörur | E81: Natugripakjöt 100 %. | H81: https://drive.google.com/file/d/1-vP8CdWqhbmoIHP2wGMBpmpDcUhmyKw4/view | I81: 179 | J81: 11 | K81: 3.1 | L81: 0 | M81: 0 | N81: 20 | O81: 0.2 | P81: 0
A82: Bláber frosið (Wild Blueberries) | B82: N.V. d'Arta | D82: Ávextir / Frystar vörur | E82: Bláber | H82: https://drive.google.com/file/d/1XJ1WHz_-GsF3Kvj_GwY5Q7XKh0CJktpTVkuGTSa7/view | I82: 37 | J82: 0.5 | K82: 0.1 | L82: 3.7 | M82: 2.1 | N82: 0 | O82: 0
A83: Blómkál frosið (Cauliflower florets 15/35 mm) | B83: Ardo | C83: BLG610 | D83: Grænmeti / Frystar vörur | E83: Blómkál | H83: https://drive.google.com/file/d/1_7ul9uB97dD2-zXWYH8o_SDakGyLr6xe/view | I83: 31 | J83: 0.9 | K83: 0.2 | L83: 2.1 | M83: 1.8 | N83: 2.9 | O83: 0 | P83: 1.6
A84: Fennel frosinn (Diced Fennel) | B84: Ardo | C84: VEN610 | D84: Grænmeti / Frystar vörur | E84: Fennika | H84: https://drive.google.com/file/d/13GbGHeuMDCDu9-4phkA2Gb6N7Glr04GZ/view | I84: 17 | J84: 0.2 | L84: 1.8 | M84: 1.7 | N84: 0.9 | O84: 0.5 | P84: 2.3
A85: Forsteiktur laukur (Pre-fried sliced onions) | B85: Ardo Violaines SAS | D85: Grænmeti / Frystar vörur | E85: Laukur (90%), repjuolía (10%). | H85: https://drive.google.com/file/d/1qe8jA8Hk6RxXOyfW7Bq4w_a_pNS4Nkx/view | I85: 114 | J85: 8.6 | K85: 1.1 | L85: 6.9 | M85: 3.9 | N85: 1.2 | O85: 0 | P85: 1.9
A86: Grænmetisbollur | B86: Álfasaga ehf. (Móðir Náttúra) | C86: 220 | D86: Plantabasað / Kælivörur | E86: Vatn, **BYGG**, kjúklingabaunir, sætar kartöflur, svartar baunir, laukur, kartöflur, baunaprótein, repjuolía, hvítlaukur, bindiefni, tómatpúrra, salt, basil, papríkukrydd, hvítur pipar, rósmarín. | F86: Glúten (bygg) | G86: Gæti innihaldið snefil af hnetum og sesam. | H86: https://drive.google.com/file/d/1PX_eU1Wgs2dzM0SbE9-EHWEIiCDqMv88/view | I86: 264 | J86: 7.8 | K86: 0.7 | L86: 29.9 | M86: 2.8 | N86: 13.3 | O86: 1.7 | P86: 10.5
A87: Hvítlaukur í olíu (Crushed garlic) | B87: APPETIT Levnedsmidler A/S / Wiik & Co. | D87: Grænmeti / Hráefni | E87: Hvítlaukur 95%, repjuolía 4%, mjólkursýra (E270) 1%. | F87: Súlfít | H87: https://drive.google.com/file/d/1LQQG6zdc-XSLzYb6RKlxdzBpQOUufTtB/view | I87: 153 | J87: 4.2 | K87: 0 | L87: 23.4 | M87: 0 | N87: 5.1 | O87: 0
A88: Jarðarber frosið | B88: Global Food Link S.L.U. | C88: 228004 | D88: Ávextir / Frystar vörur | E88: Jarðarber | H88: https://drive.google.com/file/d/19LpgAetZiskpHR9eV63DDPNUbJkWcOya/view | I88: 43 | J88: 0.5 | K88: 0.1 | L88: 9.1 | M88: 4.6 | N88: 0.4 | O88: 0 | P88: 2.1
A89: Maísblanda frosið (IQF Roasted Corn Mexicana) | B89: Ardo | C89: 640 | D89: Grænmeti / Frystar vörur | E89: Ristaður maís 37,5%, maís 37,5%, grilluð rauð paprika, rauðar nýrnabaunir, repju- og sólblómaolía, salt, maltódextrín, hvítlauksduft, paprikuduft, dextrósi, chiliduft, grænmetis- og kryddjurtaþykkni, náttúruleg bragðefni, reykbragðefni, ýruefni (E322). | H89: https://drive.google.com/file/d/1FvpEmwQsdGmSkvfKTkGrLJ6KcWtJdXjd/view | I89: 104 | J89: 2.7 | K89: 0.4 | L89: 15 | M89: 3.3 | N89: 3.2 | O89: 0.4 | P89: 3.9
A90: Minestrone súpa | B90: Í-MAT / Matarstund | D90: Súpur / Pottréttir | E90: Pasta (**hveiti**semólína, vatn), vatn, tómatar 13%, kartöflur, laukur 7%, gulrætur 1%, grillaður kúrbítur, grilluð paprika, timian, basilika, repjuolía, hvítlauksmauk, svartur pipar, grænmetiskraftur, lárviðarlauf, salt. | F90: Glúten (hveiti) | H90: Minestrone_súpa_í_mat__8_5_26_.docx | I90: 16 | J90: 0.2 | K90: 0 | L90: 3 | M90: 1 | N90: 0.5 | O90: 0 | P90: 0.1
A91: Pizzasnúðar 8 stk | B91: Myllan | C91: 1686 | D91: Bakkelsi / Kælivörur | E91: **HVEITI**, pizzasósa 18% (vatn, tómatduft, umbreytt kartöflusterkja, sykur, kraftur (**SOJA**PRÓTEIN, salt, náttúruleg bragðefni, sólblómaolía), krydd, bragðefni, salt, repjuolía, bindiefni (E466, **SOJA**PRÓTEIN), rotvarnarefni (E202)), vatn, pálmaolía, sykur, repjuolía, ger, mysuduft (**MJÓLK**), salt, þurrkað súrdeig, ýruefni (E471, E481), þrúgusykur, mjölmeðhöndlunarefni (E300). | F91: Glúten (hveiti), soja, mjólk | G91: Framleitt á svæði þar sem unnið er með egg, sesamfræ og hnetur. | H91: https://drive.google.com/file/d/1Zy0dPb9RoNF7yt1MwnvX_JL50nD9XpGL/view | I91: 279 | J91: 5.9 | K91: 2.4 | L91: 46 | M91: 5.4 | N91: 8.9 | O91: 1.5 | P91: 2.5
A92: Rustic gulrætur frosnar | B92: Ardo | C92: WAR610 | D92: Grænmeti / Frystar vörur | E92: Gulrætur (Dökkappelsínugular gulrætur 60%, gular gulrætur 40%.) | H92: https://drive.google.com/file/d/1Ru8eNSpjSe2Mi5eKUfH_j3s1DvtXsERI/view | I92: 42 | J92: 0.3 | K92: 0.1 | L92: 7.9 | M92: 7.4 | N92: 0.6 | O92: 0.1 | P92: 2.4
A93: Stórt hvítt samlokubrauð | B93: Myllan | C93: 1044 | D93: Brauð / Frystar vörur | E93: **HVEITI**, vatn, ger, repjuolía, salt, mjölmeðhöndlunarefni (E300), ýruefni (E481) | F93: Glúten (hveiti) | G93: Framleitt á svæði þar sem unnið er með sesamfræ, lúpínu, mjólk, egg. | H93: https://drive.google.com/file/d/1tts6jK2uzEj1MhCb9FomgKMQlspa98Sjt/view | I93: 259 | J93: 2.7 | K93: 0.4 | L93: 48 | M93: 0.4 | N93: 9.4 | O93: 1.4 | P93: 2.3
A94: Ýsa í tandoori | B94: Hafið fiskverslun | C94: 0 | D94: Fiskur / Kælivörur | E94: Ýsa, marinering (vatn, repjuolía, pipar, engifer, kóríander, kúmen, chili, salt, sítrónusafi, sykur, rauðrófuduft, náttúruleg bragðefni, þykkingarefni xantangúmmí E415, þurrkaður hvítlaukur, rotvarnarefni kalíumsorbat E202). | F94: Fiskur (ýsa) | H94: https://drive.google.com/file/d/13AmWc24B7lw4yM7QnWS-el6FVT-PU7Ty/view | I94: 114 | J94: 5.9 | K94: 0.5 | L94: 1.8 | M94: 1.2 | N94: 13 | O94: 0.8 | P94: 0.6
A95: Hrásalat, ferskt | B95: Hollt og Gott ehf. | D95: Grænmeti / Kælivörur | E95: Hvítkál (64%), gulrætur (13%), ananas, gúrka (8%), appelsínusósa (sykur, vatn, sítrónusýra E330, bragðefni, bindiefni E440, rotvarnarefni E202, E211) | H95: https://docs.google.com/document/d/1wzfHpIJLlAINpkJM8u1ciPeyE03C4UiG1IHvv9ZNC34/edit | I95: 50 | J95: 0.2 | K95: 0 | L95: 9.9 | M95: 9.7 | N95: 1 | O95: 0
A96: Forsoðnar kartöflur | B96: Þykkvabæjar | C96: 312 | D96: Kartöflur / Kælivörur | E96: Kartöflur | F96: Engir skráðir | H96: https://docs.google.com/document/d/1Atant-r86RZWqXEplXhjh9elA5JzhIYPs0d8GsZe0cM/edit
A97: Góðostur 26% sneiðar | B97: MS (Mjólkursamsalan Íslands) | C97: 3045 | D97: Mjólkurvörur | E97: Mjólk, undanrenna, salt, ostahleypir. | F97: Mjólk | H97: https://docs.google.com/document/d/1xK3OgL95T8y9Uw0YX4LaF0Ve3yT2CmntRk4Wg1oHGcM/edit | I97: 330 | J97: 26 | K97: 14 | L97: 0 | M97: 0 | N97: 25 | O97: 1.5
A98: Dönsk lifrarkæfa | B98: Kjarnafæði Norðlenska hf. | D98: Kjöt / Kælivörur | E98: Grísalifur og kjöt 80%, vatn, laukur, salt, kartöflumjöl, **soja**prótein, krydd, vatnsrofið jurtaprótein, repjuolía, maísprótein, jurtafita (pálma), þrúgusykur, rotvarnarefni (E250), þráavarnarefni (E315, E316, E330), bindiefni (E450, E451) | F98: Soja | H98: https://docs.google.com/document/d/1iXvC7kN0wGPam-zMk0XlcLESdw9tCpSF14EDgGArP38/edit | I98: 384 | J98: 29.3 | K98: 14.7 | L98: 2.4 | M98: 0.2 | N98: 12.8 | O98: 1.7 | P98: 0.2
A99: Ýsa nætursöltuð | B99: Hafið fiskverslun | D99: Fiskur / Kælivörur | E99: Ýsa, salt. | F99: Fiskur | H99: https://docs.google.com/document/d/16XSSnVUJ3h_-jINvQvjLPJxqQDm3-XJQ/edit | I99: 61 | J99: 1 | K99: 0 | L99: 0 | M99: 0 | N99: 14 | O99: 3
A100: Kentuckyhjúpaðir ýsubitar | B100: Norðanfiskur | C100: 9174 | D100: Fiskur / Frystar vörur | E100: Ýsa (70%), vítamínbætt **hveiti**, vatn, **hveitisterkja**, gerþykkni, salt, hvítlauksduft, laukduft, lyftiefni (E503(II)), **hveitiglúten**, hrísgrjónamjöl, pipar, þrúgusykur, sýra (E330), **sellerí**fræ, sykur, krydd (timian, salvía, chili), repjuolía. | F100: Fiskur (ýsa), Glúten (hveiti), Sellerí | H100: https://docs.google.com/document/d/1nPfU8Vp8xiyfhIt3illeInciLtmTNm2bGwro_9ZVWlk/edit | I100: 122 | J100: 1.5 | K100: 0.2 | L100: 12.4 | M100: 0.7 | N100: 14.7 | O100: 0.6
...

Sheet Réttabanki
A1: RÉTTABANKI – UPPSKRIFTIR OG KOSTNAÐUR
A2: Heiti réttar | B2: Framleiðandi / Byrgi | C2: Framleiðslunúmer | D2: Athugasemd | E2: Vara 1 | F2: Magn 1 (g) | G2: Vara 2 | H2: Magn 2 (g) | I2: Vara 3 | J2: Magn 3 (g) | K2: Vara 4 | L2: Magn 4 (g) | M2: Vara 5 | N2: Magn 5 (g) | O2: Vara 6 | P2: Magn 6 (g) | Q2: Vara 7 | R2: Magn 7 (g) | S2: Vara 8 | T2: Magn 8 (g) | U2: Vara 9 | V2: Magn 9 (g) | W2: Vara 10 | X2: Magn 10 (g) | Y2: Vara 11 | Z2: Magn 11 (g) | AA2: Vara 12 | AB2: Magn 12 (g) | AC2: Vara 13 | AD2: Magn 13 (g) | AE2: Vara 14 | AF2: Magn 14 (g) | AG2: Vara 15 | AH2: Magn 15 (g) | AI2: Vara 16 | AJ2: Magn 16 (g) | AK2: Vara 17 | AL2: Magn 17 (g) | AM2: Vara 18 | AN2: Magn 18 (g) | AO2: Vara 19 | AP2: Magn 19 (g) | AQ2: Vara 20 | AR2: Magn 20 (g) | AS2: Innihaldslýsing (sjálfvirkt) | AT2: Ofnæmisvaldar (sjálfvirkt) | AU2: Fyrirvari (sjálfvirkt) | AV2: Orka (kcal/100g) | AW2: Fita (g/100g) | AX2: Mettuð fita (g/100g) | AY2: Kolvetni (g/100g) | AZ2: Sykur (g/100g) | BA2: Prótein (g/100g) | BB2: Salt (g/100g) | BC2: Trefjar (g/100g) | BD2: Kostnaður (kr/skammt)
A3: Pasta með kjötbollum í mildri tómatsósu | B3: Í-Mat / Matarstund | D3: Pastahlutfall 40%, sósa og kjötbollur 60% | E3: Forsoðið pasta – Ójk - Ísam | F3: 40000 | G3: Skólabollur, Kjöt og grænmeti – Kjarnafæði Norðlenska hf. | H3: 25000 | I3: Tómatpuré Doppio Concentrato 800 g (Menu) – Menu SRL | J3: 18000 | K3: Laukur (ferskur) | L3: 5000 | M3: Gulrætur (ferskar) | N3: 3000 | O3: Vatn | P3: 4000 | Q3: Crystal Sugar (Sykur) – Cosun Beet Company | R3: 300 | S3: Oregano – Nordic Spice AB | T3: 80 | U3: Svartur pipar, malaður – Nordic Spice AB | V3: 40 | W3: Borðsalt – Katla matvælaiðja ehf. | X3: 800 | AV3: 152.5 | AW3: 4.6 | AX3: 1.6 | AY3: 25.9 | AZ3: 4.4 | BA3: 7.8
A4: Lambakjötspottréttur með kartöflum | B4: Matarstund | C4: LP-100KG-20260529 | D4: 100 kg uppskrift | E4: Lambakjöt teningar | F4: 35000 | G4: Kartöflur (ferskar) | H4: 30000 | I4: Gulrætur (ferskar) | J4: 10000 | K4: Laukur (ferskur) | L4: 8000 | M4: Tómatpuré Doppio Concentrato 800 g (Menu) – Menu SRL | N4: 2500 | O4: Repjuolía | P4: 1500 | Q4: Kjúklingakraftur Vegan (Essential Cuisine) – Essential Cuisine Ltd. | R4: 1200 | S4: Hvítlauksduft (Vitlökspulver) – Nordic Spice AB | T4: 400 | U4: Maizenamjöl (majssterkja) – Maizena / Unilever | V4: 1200 | W4: Borðsalt – Katla matvælaiðja ehf. | X4: 600 | Y4: Svartur pipar, malaður – Nordic Spice AB | Z4: 80 | AA4: Vatn | AB4: 7350 | AV4: 121.9 | AW4: 6.5 | AX4: 2.4 | AY4: 9.1 | AZ4: 2.3 | BA4: 7.2
A5: Mildur kjúklingakarrýréttur | B5: Matarstund | C5: MK-100KG-20260529 | D5: 100 kg uppskrift. Glútenfrítt ef kraftur og karrýblanda eru glútenlaus. | E5: Kjúklingalæri úrbeinuð – Danpo | F5: 35000 | G5: Hrísgrjón Thai Hom Mali (Royal Umbrella) – Khao C.P. Co., Ltd. | H5: 18000 | I5: Forsteiktur laukur (Pre-fried sliced onions) – Ardo Violaines SAS | J5: 8000 | K5: Gulrætur (ferskar) | L5: 8000 | M5: Kókosmjólk Roland Coconut Milk – Roland Foods LLC | N5: 12000 | O5: Kjúklingakraftur Vegan (Essential Cuisine) – Essential Cuisine Ltd. | P5: 1200 | Q5: Hvítlauksduft (Vitlökspulver) – Nordic Spice AB | R5: 500 | S5: Maizenamjöl (majssterkja) – Maizena / Unilever | T5: 1000 | U5: Borðsalt – Katla matvælaiðja ehf. | V5: 600 | W5: Svartur pipar, malaður – Nordic Spice AB | X5: 100 | Y5: Vatn | Z5: 7600 | AV5: 106.7 | AW5: 7.6 | AX5: 2.8 | AY5: 4.6 | AZ5: 2.2 | BA5: 5.8
A6: Mild tikka masala með kjúklingi | B6: Matarstund | C6: TMK-100KG-20260529 | D6: 100 kg uppskrift. Ofnæmisvaldur: SINNEP. | E6: Kjúklingalæri úrbeinuð – Danpo | F6: 70000 | G6: Sauce tikka masala GT-CHEF – GoldenTurtleForChefs (ZLI) | H6: 18000 | I6: Kókosmjólk Roland Coconut Milk – Roland Foods LLC | J6: 6000 | K6: Brunoise grænmetisblanda – Ardo | L6: 2000 | M6: Tómatpuré Doppio Concentrato 800 g (Menu) – Menu SRL | N6: 1500 | O6: Hvítlaukur í olíu (Crushed garlic) – APPETIT Levnedsmidler A/S / Wiik & Co. | P6: 500 | Q6: Borðsalt – Katla matvælaiðja ehf. | R6: 200 | S6: Crystal Sugar (Sykur) – Cosun Beet Company | T6: 100 | U6: Vatn | V6: 600 | AV6: 145.9 | AW6: 9.4 | AX6: 2.7 | AY6: 4.8 | AZ6: 3.7 | BA6: 10.3
A7: Kjúklingasúpa með núðlum og grænmeti | B7: Matarstund | C7: KSN-100KG-20260529 | D7: 100 kg uppskrift. Glúten inniheldur núðlur. | E7: Kjúklingalæri úrbeinuð – Danpo | F7: 25000 | G7: Núðlur (eggjanuðlur) | H7: 12000 | I7: Vatn | J7: 45000 | K7: Kjúklingakraftur Vegan (Essential Cuisine) – Essential Cuisine Ltd. | L7: 5000 | M7: Gulrætur (ferskar) | N7: 5000 | O7: Laukur (ferskur) | P7: 3000 | Q7: Blaðlaukur (ferskur) | R7: 2000 | S7: Sellerí (ferskt) | T7: 1000 | U7: Hvítlauksduft (Vitlökspulver) – Nordic Spice AB | V7: 500 | W7: Borðsalt – Katla matvælaiðja ehf. | X7: 400 | Y7: Svartur pipar, malaður – Nordic Spice AB | Z7: 300 | AV7: 61.2 | AW7: 2.9 | AX7: 0.6 | AY7: 4.7 | AZ7: 2.5 | BA7: 4.5
A8: Pastagratín með osti og grænmeti | B8: Matarstund | C8: POG-100KG-20260529 | D8: 100 kg uppskrift. Inniheldur glúten og mjólk. | E8: Forsoðið pasta – Ójk - Ísam | F8: 35000 | G8: Rifinn ostur – Pizzatopping mozzarella (Ulkjær) – Natan - Arla Foods / Ulkjær | H8: 18000 | I8: Nýmjólk 1 L (MS) – MS / Mjólkursamsalan | J8: 20000 | K8: Gulrætur sneiðar – Ardo | L8: 4000 | M8: Laukur (ferskur) | N8: 2000 | O8: Maizenamjöl (majssterkja) – Maizena / Unilever | P8: 1200 | Q8: Borðsalt – Katla matvælaiðja ehf. | R8: 400 | S8: Svartur pipar, malaður – Nordic Spice AB | T8: 200 | AV8: 136.5 | AW8: 5.3 | AX8: 2.8 | AY8: 18 | AZ8: 2.4 | BA8: 4.3
A9: Vegan mexicosúpa | B9: Matarstund | C9: FH-MEX-100KG-01 | D9: 100 kg uppskrift | E9: Tómatsúpugrunnur (Oscar) – Oscar A/S | F9: 5500 | G9: Paprikuteningar litblandir – Ardo | H9: 2500 | I9: Forsteiktur laukur (Pre-fried sliced onions) – Ardo Violaines SAS | J9: 2000 | K9: Fennel frosinn (Diced Fennel) – Ardo | L9: 1250 | M9: Kjúklingakraftur Vegan (Essential Cuisine) – Essential Cuisine Ltd. | N9: 5000 | O9: Hvítlaukur í olíu (Crushed garlic) – APPETIT Levnedsmidler A/S / Wiik & Co. | P9: 400 | Q9: Borðsalt – Katla matvælaiðja ehf. | R9: 500 | S9: Svartur pipar, malaður – Nordic Spice AB | T9: 50 | U9: Country Grill grænmetisblanda – Ardo | V9: 9000 | W9: Vatn | X9: 64526 | Y9: Violife Grated Mozzarella Flavour – Arivia S.A. | Z9: 1000 | AA9: Oatly iMat Fraiche (sýrður hafrarjómi) – Oatly | AB9: 1000 | AV9: 62.7 | AW9: 2.9 | AX9: 1.1 | AY9: 7.5 | AZ9: 3.8 | BA9: 1.4
A10: Mac and Cheese | B10: Matarstund | C10: FH-MAC-100KG-01 | D10: 100 kg uppskrift. Inniheldur glúten, mjólk og sinnep. | E10: Gomiti / Macaroni pasta – Garri | F10: 25000 | G10: Nýmjólk 1 L (MS) – MS / Mjólkursamsalan | H10: 23125 | I10: Smjör 500 g – MS (Mjólkursamsalan Íslands) | J10: 3125 | K10: Laukur (ferskur) | L10: 2500 | M10: Country Grill grænmetisblanda – Ardo | N10: 3750 | O10: Rustic gulrætur frosnar – Ardo | P10: 2500 | Q10: Borðsalt – Katla matvælaiðja ehf. | R10: 375 | S10: Svartur pipar, malaður – Nordic Spice AB | T10: 50 | U10: Vatn | V10: 1500 | AV10: 130.6 | AW10: 3.1 | AX10: 1.6 | AY10: 19.8 | AZ10: 2.2 | BA10: 5.4
A11: Plokkfiskur (vegan) | B11: Matarstund | C11: PLK-100KG-20260529 | D11: Glúten-, mjólkur-, hnetu-, soja- og eggjalaus útgáfa. Ofnæmisvaldar: Fiskur og súlfít. | E11: Ýsa nætursöltuð – Hafið fiskverslun | F11: 40000 | G11: Kartöflur (ferskar) | H11: 36000 | I11: Laukur (ferskur) | J11: 4500 | K11: Debic Vegan Top (jurtarjómi) – FrieslandCampina / Debic | L11: 10000 | M11: Vatn | N11: 5000 | O11: Maizenamjöl (majssterkja) – Maizena / Unilever | P11: 1800 | Q11: Borðsalt – Katla matvælaiðja ehf. | R11: 450 | S11: Svartur pipar, malaður – Nordic Spice AB | T11: 50 | AV11: 68.2 | AW11: 3.9 | AX11: 2.6 | AY11: 8.1 | AZ11: 1 | BA11: 0.8

Sheet Grunnmatseðill
A1: GRUNNMATSEÐILL
A2: Dagsetning | B2: Dagur (sjálfvirkt) | C2: Vika (sjálfvirkt) | D2: Gildir fyrir | E2: Máltíðartegund | F2: Tegund (Vara/Réttur) | G2: Vara / Réttur | H2: Birtingarlýsing (vefur) | I2: Skammtur Leikskóli (g) | J2: Skammtur Grunnskóli (g) | K2: Kostnaður (kr/skammt) | L2: Innihaldslýsing (sjálfvirkt) | M2: Ofnæmisvaldar (sjálfvirkt) | N2: Fyrirvari (sjálfvirkt) | O2: Orka (kcal) | P2: Fita (g) | Q2: Prótein (g)
A3: 46140 | B3: =IF(A3<>"",CHOOSE(WEEKDAY(A3,2),"Mánudagur","Þriðjudagur","Miðvikudagur","Fimmtudagur","Föstudagur","Laugardagur","Sunnudagur"),"") -> Þriðjudagur | C3: =IF(A3<>"",WEEKNUM(A3,21),"") -> 18 | D3: Bæði | E3: Ávaxtastund | H3: Ferskir ávextir alla daga. | L3: =IF(OR(F3 = "", G3 = ""), "", IF(F3 = "Vara", IFERROR(_xlfn.SINGLE(_xlfn.XLOOKUP(G3, Vöruskrá!A:A, Vöruskrá!E:E, "")), ""), IF(F3 = "Réttur", IFERROR(_xlfn.SINGLE(_xlfn.XLOOKUP(G3, Réttabanki!A:A, Réttabanki!AS:AS, "")), ""), ""))) | M3: =IF(OR(F3 = "", G3 = ""), "", IF(F3 = "Vara", IFERROR(_xlfn.SINGLE(_xlfn.XLOOKUP(G3, Vöruskrá!A:A, Vöruskrá!F:F, "")), ""), IF(F3 = "Réttur", IFERROR(_xlfn.SINGLE(_xlfn.XLOOKUP(G3, Réttabanki!A:A, Réttabanki!AT:AT, "")), ""), ""))) | N3: =IF(OR(F3 = "", G3 = ""), "", IF(F3 = "Vara", IFERROR(_xlfn.SINGLE(_xlfn.XLOOKUP(G3, Vöruskrá!A:A, Vöruskrá!G:G, "")), ""), IF(F3 = "Réttur", IFERROR(_xlfn.SINGLE(_xlfn.XLOOKUP(G3, Réttabanki!A:A, Réttabanki!AU:AU, "")), ""), ""))) | O3: =IF(OR(F3 = "", G3 = "", I3 = ""), "", IF(F3 = "Vara", IFERROR(_xlfn.SINGLE(_xlfn.XLOOKUP(G3, Vöruskrá!A:A, Vöruskrá!I:I, "")) * I3 / 100, ""), IF(F3 = "Réttur", IFERROR(_xlfn.SINGLE(_xlfn.XLOOKUP(G3, Réttabanki!A:A, Réttabanki!AV:AV, "")) * I3 / 100, ""), ""))) | P3: =IF(OR(F3 = "", G3 = "", I3 = ""), "", IF(F3 = "Vara", IFERROR(_xlfn.SINGLE(_xlfn.XLOOKUP(G3, Vöruskrá!A:A, Vöruskrá!J:J, "")) * I3 / 100, ""), IF(F3 = "Réttur", IFERROR(_xlfn.SINGLE(_xlfn.XLOOKUP(G3, Réttabanki!A:A, Réttabanki!AW:AW, "")) * I3 / 100, ""), ""))) | Q3: =IF(OR(F3 = "", G3 = "", I3 = ""), "", IF(F3 = "Vara", IFERROR(_xlfn.SINGLE(_xlfn.XLOOKUP(G3, Vöruskrá!A:A, Vöruskrá!N:N, "")) * I3 / 100, ""), IF(F3 = "Réttur", IFERROR(_xlfn.SINGLE(_xlfn.XLOOKUP(G3, Réttabanki!A:A, Réttabanki!BB:BB, "")) * I3 / 100, ""), "")))
B4: =IF(A4<>"",CHOOSE(WEEKDAY(A4,2),"Mánudagur","Þriðjudagur","Miðvikudagur","Fimmtudagur","Föstudagur","Laugardagur","Sunnudagur"),IF(B3<>"",B3,"")) -> Þriðjudagur | C4: =IF(A4<>"",WEEKNUM(A4,21),IF(C3<>"",C3,"")) -> 18 | D4: Bæði | E4: Ávaxtastund | F4: Vara | G4: Epli – Meðaltal af netinu | H4: Epli | I4: 100 | J4: 120 | L4: =IF(OR(F4 = "", G4 = ""), "", IF(F4 = "Vara", IFERROR(_xlfn.SINGLE(_xlfn.XLOOKUP(G4, Vöruskrá!A:A, Vöruskrá!E:E, "")), ""), IF(F4 = "Réttur", IFERROR(_xlfn.SINGLE(_xlfn.XLOOKUP(G4, Réttabanki!A:A, Réttabanki!AS:AS, "")), ""), ""))) | M4: =IF(OR(F4 = "", G4 = ""), "", IF(F4 = "Vara", IFERROR(_xlfn.SINGLE(_xlfn.XLOOKUP(G4, Vöruskrá!A:A, Vöruskrá!F:F, "")), ""), IF(F4 = "Réttur", IFERROR(_xlfn.SINGLE(_xlfn.XLOOKUP(G4, Réttabanki!A:A, Réttabanki!AT:AT, "")), ""), ""))) | N4: =IF(OR(F4 = "", G4 = ""), "", IF(F4 = "Vara", IFERROR(_xlfn.SINGLE(_xlfn.XLOOKUP(G4, Vöruskrá!A:A, Vöruskrá!G:G, "")), ""), IF(F4 = "Réttur", IFERROR(_xlfn.SINGLE(_xlfn.XLOOKUP(G4, Réttabanki!A:A, Réttabanki!AU:AU, "")), ""), ""))) | O4: =IF(OR(F4 = "", G4 = "", I4 = ""), "", IF(F4 = "Vara", IFERROR(_xlfn.SINGLE(_xlfn.XLOOKUP(G4, Vöruskrá!A:A, Vöruskrá!I:I, "")) * I4 / 100, ""), IF(F4 = "Réttur", IFERROR(_xlfn.SINGLE(_xlfn.XLOOKUP(G4, Réttabanki!A:A, Réttabanki!AV:AV, "")) * I4 / 100, ""), ""))) | P4: =IF(OR(F4 = "", G4 = "", I4 = ""), "", IF(F4 = "Vara", IFERROR(_xlfn.SINGLE(_xlfn.XLOOKUP(G4, Vöruskrá!A:A, Vöruskrá!J:J, "")) * I4 / 100, ""), IF(F4 = "Réttur", IFERROR(_xlfn.SINGLE(_xlfn.XLOOKUP(G4, Réttabanki!A:A, Réttabanki!AW:AW, "")) * I4 / 100, ""), ""))) | Q4: =IF(OR(F4 = "", G4 = "", I4 = ""), "", IF(F4 = "Vara", IFERROR(_xlfn.SINGLE(_xlfn.XLOOKUP(G4, Vöruskrá!A:A, Vöruskrá!N:N, "")) * I4 / 100, ""), IF(F4 = "Réttur", IFERROR(_xlfn.SINGLE(_xlfn.XLOOKUP(G4, Réttabanki!A:A, Réttabanki!BB:BB, "")) * I4 / 100, ""), "")))
B5: =IF(A5<>"",CHOOSE(WEEKDAY(A5,2),"Mánudagur","Þriðjudagur","Miðvikudagur","Fimmtudagur","Föstudagur","Laugardagur","Sunnudagur"),IF(B4<>"",B4,"")) -> Þriðjudagur | C5: =IF(A5<>"",WEEKNUM(A5,21),IF(C4<>"",C4,"")) -> 18 | D5: Bæði | E5: Ávaxtastund | F5: Vara | G5: Banani – Meðaltal af netinu | H5: Banani | I5: 100 | J5: 120 | L5: =IF(OR(F5 = "", G5 = ""), "", IF(F5 = "Vara", IFERROR(_xlfn.SINGLE(_xlfn.XLOOKUP(G5, Vöruskrá!A:A, Vöruskrá!E:E, "")), ""), IF(F5 = "Réttur", IFERROR(_xlfn.SINGLE(_xlfn.XLOOKUP(G5, Réttabanki!A:A, Réttabanki!AS:AS, "")), ""), ""))) | M5: =IF(OR(F5 = "", G5 = ""), "", IF(F5 = "Vara", IFERROR(_xlfn.SINGLE(_xlfn.XLOOKUP(G5, Vöruskrá!A:A, Vöruskrá!F:F, "")), ""), IF(F5 = "Réttur", IFERROR(_xlfn.SINGLE(_xlfn.XLOOKUP(G5, Réttabanki!A:A, Réttabanki!AT:AT, "")), ""), ""))) | N5: =IF(OR(F5 = "", G5 = ""), "", IF(F5 = "Vara", IFERROR(_xlfn.SINGLE(_xlfn.XLOOKUP(G5, Vöruskrá!A:A, Vöruskrá!G:G, "")), ""), IF(F5 = "Réttur", IFERROR(_xlfn.SINGLE(_xlfn.XLOOKUP(G5, Réttabanki!A:A, Réttabanki!AU:AU, "")), ""), ""))) | O5: =IF(OR(F5 = "", G5 = "", I5 = ""), "", IF(F5 = "Vara", IFERROR(_xlfn.SINGLE(_xlfn.XLOOKUP(G5, Vöruskrá!A:A, Vöruskrá!I:I, "")) * I5 / 100, ""), IF(F5 = "Réttur", IFERROR(_xlfn.SINGLE(_xlfn.XLOOKUP(G5, Réttabanki!A:A, Réttabanki!AV:AV, "")) * I5 / 100, ""), ""))) | P5: =IF(OR(F5 = "", G5 = "", I5 = ""), "", IF(F5 = "Vara", IFERROR(_xlfn.SINGLE(_xlfn.XLOOKUP(G5, Vöruskrá!A:A, Vöruskrá!J:J, "")) * I5 / 100, ""), IF(F5 = "Réttur", IFERROR(_xlfn.SINGLE(_xlfn.XLOOKUP(G5, Réttabanki!A:A, Réttabanki!AW:AW, "")) * I5 / 100, ""), ""))) | Q5: =IF(OR(F5 = "", G5 = "", I5 = ""), "", IF(F5 = "Vara", IFERROR(_xlfn.SINGLE(_xlfn.XLOOKUP(G5, Vöruskrá!A:A, Vöruskrá!N:N, "")) * I5 / 100, ""), IF(F5 = "Réttur", IFERROR(_xlfn.SINGLE(_xlfn.XLOOKUP(G5, Réttabanki!A:A, Réttabanki!BB:BB, "")) * I5 / 100, ""), "")))
B6: =IF(A6<>"",CHOOSE(WEEKDAY(A6,2),"Mánudagur","Þriðjudagur","Miðvikudagur","Fimmtudagur","Föstudagur","Laugardagur","Sunnudagur"),IF(B5<>"",B5,"")) -> Þriðjudagur | C6: =IF(A6<>"",WEEKNUM(A6,21),IF(C5<>"",C5,"")) -> 18 | D6: Bæði | E6: Ávaxtastund | F6: Vara | G6: Pera – Meðaltal af netinu | H6: Pera | I6: 100 | J6: 120 | L6: =IF(OR(F6 = "", G6 = ""), "", IF(F6 = "Vara", IFERROR(_xlfn.SINGLE(_xlfn.XLOOKUP(G6, Vöruskrá!A:A, Vöruskrá!E:E, "")), ""), IF(F6 = "Réttur", IFERROR(_xlfn.SINGLE(_xlfn.XLOOKUP(G6, Réttabanki!A:A, Réttabanki!AS:AS, "")), ""), ""))) | M6: =IF(OR(F6 = "", G6 = ""), "", IF(F6 = "Vara", IFERROR(_xlfn.SINGLE(_xlfn.XLOOKUP(G6, Vöruskrá!A:A, Vöruskrá!F:F, "")), ""), IF(F6 = "Réttur", IFERROR(_xlfn.SINGLE(_xlfn.XLOOKUP(G6, Réttabanki!A:A, Réttabanki!AT:AT, "")), ""), ""))) | N6: =IF(OR(F6 = "", G6 = ""), "", IF(F6 = "Vara", IFERROR(_xlfn.SINGLE(_xlfn.XLOOKUP(G6, Vöruskrá!A:A, Vöruskrá!G:G, "")), ""), IF(F6 = "Réttur", IFERROR(_xlfn.SINGLE(_xlfn.XLOOKUP(G6, Réttabanki!A:A, Réttabanki!AU:AU, "")), ""), ""))) | O6: =IF(OR(F6 = "", G6 = "", I6 = ""), "", IF(F6 = "Vara", IFERROR(_xlfn.SINGLE(_xlfn.XLOOKUP(G6, Vöruskrá!A:A, Vöruskrá!I:I, "")) * I6 / 100, ""), IF(F6 = "Réttur", IFERROR(_xlfn.SINGLE(_xlfn.XLOOKUP(G6, Réttabanki!A:A, Réttabanki!AV:AV, "")) * I6 / 100, ""), ""))) | P6: =IF(OR(F6 = "", G6 = "", I6 = ""), "", IF(F6 = "Vara", IFERROR(_xlfn.SINGLE(_xlfn.XLOOKUP(G6, Vöruskrá!A:A, Vöruskrá!J:J, "")) * I6 / 100, ""), IF(F6 = "Réttur", IFERROR(_xlfn.SINGLE(_xlfn.XLOOKUP(G6, Réttabanki!A:A, Réttabanki!AW:AW, "")) * I6 / 100, ""), ""))) | Q6: =IF(OR(F6 = "", G6 = "", I6 = ""), "", IF(F6 = "Vara", IFERROR(_xlfn.SINGLE(_xlfn.XLOOKUP(G6, Vöruskrá!A:A, Vöruskrá!N:N, "")) * I6 / 100, ""), IF(F6 = "Réttur", IFERROR(_xlfn.SINGLE(_xlfn.XLOOKUP(G6, Réttabanki!A:A, Réttabanki!BB:BB, "")) * I6 / 100, ""), "")))
B7: =IF(A7<>"",CHOOSE(WEEKDAY(A7,2),"Mánudagur","Þriðjudagur","Miðvikudagur","Fimmtudagur","Föstudagur","Laugardagur","Sunnudagur"),IF(B6<>"",B6,"")) -> Þriðjudagur | C7: =IF(A7<>"",WEEKNUM(A7,21),IF(C6<>"",C6,"")) -> 18 | D7: Bæði | E7: Ávaxtastund | F7: Vara | G7: Vatnsmelóna – Meðaltal af netinu | H7: Vatnsmelóna | I7: 100 | J7: 120 | L7: =IF(OR(F7 = "", G7 = ""), "", IF(F7 = "Vara", IFERROR(_xlfn.SINGLE(_xlfn.XLOOKUP(G7, Vöruskrá!A:A, Vöruskrá!E:E, "")), ""), IF(F7 = "Réttur", IFERROR(_xlfn.SINGLE(_xlfn.XLOOKUP(G7, Réttabanki!A:A, Réttabanki!AS:AS, "")), ""), ""))) | M7: =IF(OR(F7 = "", G7 = ""), "", IF(F7 = "Vara", IFERROR(_xlfn.SINGLE(_xlfn.XLOOKUP(G7, Vöruskrá!A:A, Vöruskrá!F:F, "")), ""), IF(F7 = "Réttur", IFERROR(_xlfn.SINGLE(_xlfn.XLOOKUP(G7, Réttabanki!A:A, Réttabanki!AT:AT, "")), ""), ""))) | N7: =IF(OR(F7 = "", G7 = ""), "", IF(F7 = "Vara", IFERROR(_xlfn.SINGLE(_xlfn.XLOOKUP(G7, Vöruskrá!A:A, Vöruskrá!G:G, "")), ""), IF(F7 = "Réttur", IFERROR(_xlfn.SINGLE(_xlfn.XLOOKUP(G7, Réttabanki!A:A, Réttabanki!AU:AU, "")), ""), ""))) | O7: =IF(OR(F7 = "", G7 = "", I7 = ""), "", IF(F7 = "Vara", IFERROR(_xlfn.SINGLE(_xlfn.XLOOKUP(G7, Vöruskrá!A:A, Vöruskrá!I:I, "")) * I7 / 100, ""), IF(F7 = "Réttur", IFERROR(_xlfn.SINGLE(_xlfn.XLOOKUP(G7, Réttabanki!A:A, Réttabanki!AV:AV, "")) * I7 / 100, ""), ""))) | P7: =IF(OR(F7 = "", G7 = "", I7 = ""), "", IF(F7 = "Vara", IFERROR(_xlfn.SINGLE(_xlfn.XLOOKUP(G7, Vöruskrá!A:A, Vöruskrá!J:J, "")) * I7 / 100, ""), IF(F7 = "Réttur", IFERROR(_xlfn.SINGLE(_xlfn.XLOOKUP(G7, Réttabanki!A:A, Réttabanki!AW:AW, "")) * I7 / 100, ""), ""))) | Q7: =IF(OR(F7 = "", G7 = "", I7 = ""), "", IF(F7 = "Vara", IFERROR(_xlfn.SINGLE(_xlfn.XLOOKUP(G7, Vöruskrá!A:A, Vöruskrá!N:N, "")) * I7 / 100, ""), IF(F7 = "Réttur", IFERROR(_xlfn.SINGLE(_xlfn.XLOOKUP(G7, Réttabanki!A:A, Réttabanki!BB:BB, "")) * I7 / 100, ""), "")))
B8: =IF(A8<>"",CHOOSE(WEEKDAY(A8,2),"Mánudagur","Þriðjudagur","Miðvikudagur","Fimmtudagur","Föstudagur","Laugardagur","Sunnudagur"),IF(B7<>"",B7,"")) -> Þriðjudagur | C8: =IF(A8<>"",WEEKNUM(A8,21),IF(C7<>"",C7,"")) -> 18 | D8: Bæði | E8: Ávaxtastund | F8: Vara | G8: Appelsína – Meðaltal af netinu | H8: Appelsína | I8: 100 | J8: 120 | L8: =IF(OR(F8 = "", G8 = ""), "", IF(F8 = "Vara", IFERROR(_xlfn.SINGLE(_xlfn.XLOOKUP(G8, Vöruskrá!A:A, Vöruskrá!E:E, "")), ""), IF(F8 = "Réttur", IFERROR(_xlfn.SINGLE(_xlfn.XLOOKUP(G8, Réttabanki!A:A, Réttabanki!AS:AS, "")), ""), ""))) | M8: =IF(OR(F8 = "", G8 = ""), "", IF(F8 = "Vara", IFERROR(_xlfn.SINGLE(_xlfn.XLOOKUP(G8, Vöruskrá!A:A, Vöruskrá!F:F, "")), ""), IF(F8 = "Réttur", IFERROR(_xlfn.SINGLE(_xlfn.XLOOKUP(G8, Réttabanki!A:A, Réttabanki!AT:AT, "")), ""), ""))) | N8: =IF(OR(F8 = "", G8 = ""), "", IF(F8 = "Vara", IFERROR(_xlfn.SINGLE(_xlfn.XLOOKUP(G8, Vöruskrá!A:A, Vöruskrá!G:G, "")), ""), IF(F8 = "Réttur", IFERROR(_xlfn.SINGLE(_xlfn.XLOOKUP(G8, Réttabanki!A:A, Réttabanki!AU:AU, "")), ""), ""))) | O8: =IF(OR(F8 = "", G8 = "", I8 = ""), "", IF(F8 = "Vara", IFERROR(_xlfn.SINGLE(_xlfn.XLOOKUP(G8, Vöruskrá!A:A, Vöruskrá!I:I, "")) * I8 / 100, ""), IF(F8 = "Réttur", IFERROR(_xlfn.SINGLE(_xlfn.XLOOKUP(G8, Réttabanki!A:A, Réttabanki!AV:AV, "")) * I8 / 100, ""), ""))) | P8: =IF(OR(F8 = "", G8 = "", I8 = ""), "", IF(F8 = "Vara", IFERROR(_xlfn.SINGLE(_xlfn.XLOOKUP(G8, Vöruskrá!A:A, Vöruskrá!J:J, "")) * I8 / 100, ""), IF(F8 = "Réttur", IFERROR(_xlfn.SINGLE(_xlfn.XLOOKUP(G8, Réttabanki!A:A, Réttabanki!AW:AW, "")) * I8 / 100, ""), ""))) | Q8: =IF(OR(F8 = "", G8 = "", I8 = ""), "", IF(F8 = "Vara", IFERROR(_xlfn.SINGLE(_xlfn.XLOOKUP(G8, Vöruskrá!A:A, Vöruskrá!N:N, "")) * I8 / 100, ""), IF(F8 = "Réttur", IFERROR(_xlfn.SINGLE(_xlfn.XLOOKUP(G8, Réttabanki!A:A, Réttabanki!BB:BB, "")) * I8 / 100, ""), "")))
B9: =IF(A9<>"",CHOOSE(WEEKDAY(A9,2),"Mánudagur","Þriðjudagur","Miðvikudagur","Fimmtudagur","Föstudagur","Laugardagur","Sunnudagur"),IF(B8<>"",B8,"")) -> Þriðjudagur | C9: =IF(A9<>"",WEEKNUM(A9,21),IF(C8<>"",C8,"")) -> 18 | D9: Bæði | E9: Ávaxtastund | F9: Vara | G9: Vínber – Meðaltal af netinu | H9: Vínber | I9: 50 | J9: 60 | L9: =IF(OR(F9 = "", G9 = ""), "", IF(F9 = "Vara", IFERROR(_xlfn.SINGLE(_xlfn.XLOOKUP(G9, Vöruskrá!A:A, Vöruskrá!E:E, "")), ""), IF(F9 = "Réttur", IFERROR(_xlfn.SINGLE(_xlfn.XLOOKUP(G9, Réttabanki!A:A, Réttabanki!AS:AS, "")), ""), ""))) | M9: =IF(OR(F9 = "", G9 = ""), "", IF(F9 = "Vara", IFERROR(_xlfn.SINGLE(_xlfn.XLOOKUP(G9, Vöruskrá!A:A, Vöruskrá!F:F, "")), ""), IF(F9 = "Réttur", IFERROR(_xlfn.SINGLE(_xlfn.XLOOKUP(G9, Réttabanki!A:A, Réttabanki!AT:AT, "")), ""), ""))) | N9: =IF(OR(F9 = "", G9 = ""), "", IF(F9 = "Vara", IFERROR(_xlfn.SINGLE(_xlfn.XLOOKUP(G9, Vöruskrá!A:A, Vöruskrá!G:G, "")), ""), IF(F9 = "Réttur", IFERROR(_xlfn.SINGLE(_xlfn.XLOOKUP(G9, Réttabanki!A:A, Réttabanki!AU:AU, "")), ""), ""))) | O9: =IF(OR(F9 = "", G9 = "", I9 = ""), "", IF(F9 = "Vara", IFERROR(_xlfn.SINGLE(_xlfn.XLOOKUP(G9, Vöruskrá!A:A, Vöruskrá!I:I, "")) * I9 / 100, ""), IF(F9 = "Réttur", IFERROR(_xlfn.SINGLE(_xlfn.XLOOKUP(G9, Réttabanki!A:A, Réttabanki!AV:AV, "")) * I9 / 100, ""), ""))) | P9: =IF(OR(F9 = "", G9 = "", I9 = ""), "", IF(F9 = "Vara", IFERROR(_xlfn.SINGLE(_xlfn.XLOOKUP(G9, Vöruskrá!A:A, Vöruskrá!J:J, "")) * I9 / 100, ""), IF(F9 = "Réttur", IFERROR(_xlfn.SINGLE(_xlfn.XLOOKUP(G9, Réttabanki!A:A, Réttabanki!AW:AW, "")) * I9 / 100, ""), ""))) | Q9: =IF(OR(F9 = "", G9 = "", I9 = ""), "", IF(F9 = "Vara", IFERROR(_xlfn.SINGLE(_xlfn.XLOOKUP(G9, Vöruskrá!A:A, Vöruskrá!N:N, "")) * I9 / 100, ""), IF(F9 = "Réttur", IFERROR(_xlfn.SINGLE(_xlfn.XLOOKUP(G9, Réttabanki!A:A, Réttabanki!BB:BB, "")) * I9 / 100, ""), "")))
A10: 46188 | B10: =IF(A10<>"",CHOOSE(WEEKDAY(A10,2),"Mánudagur","Þriðjudagur","Miðvikudagur","Fimmtudagur","Föstudagur","Laugardagur","Sunnudagur"),IF(B9<>"",B9,"")) -> Mánudagur | C10: =IF(A10<>"",WEEKNUM(A10,21),IF(C9<>"",C9,"")) -> 25 | D10: Leikskóli | E10: Aðalréttur | H10: Vanilluskyr með jarðaberjum og bláberjum | L10: =IF(OR(F10 = "", G10 = ""), "", IF(F10 = "Vara", IFERROR(_xlfn.SINGLE(_xlfn.XLOOKUP(G10, Vöruskrá!A:A, Vöruskrá!E:E, "")), ""), IF(F10 = "Réttur", IFERROR(_xlfn.SINGLE(_xlfn.XLOOKUP(G10, Réttabanki!A:A, Réttabanki!AS:AS, "")), ""), ""))) | M10: =IF(OR(F10 = "", G10 = ""), "", IF(F10 = "Vara", IFERROR(_xlfn.SINGLE(_xlfn.XLOOKUP(G10, Vöruskrá!A:A, Vöruskrá!F:F, "")), ""), IF(F10 = "Réttur", IFERROR(_xlfn.SINGLE(_xlfn.XLOOKUP(G10, Réttabanki!A:A, Réttabanki!AT:AT, "")), ""), ""))) | N10: =IF(OR(F10 = "", G10 = ""), "", IF(F10 = "Vara", IFERROR(_xlfn.SINGLE(_xlfn.XLOOKUP(G10, Vöruskrá!A:A, Vöruskrá!G:G, "")), ""), IF(F10 = "Réttur", IFERROR(_xlfn.SINGLE(_xlfn.XLOOKUP(G10, Réttabanki!A:A, Réttabanki!AU:AU, "")), ""), ""))) | O10: =IF(OR(F10 = "", G10 = "", I10 = ""), "", IF(F10 = "Vara", IFERROR(_xlfn.SINGLE(_xlfn.XLOOKUP(G10, Vöruskrá!A:A, Vöruskrá!I:I, "")) * I10 / 100, ""), IF(F10 = "Réttur", IFERROR(_xlfn.SINGLE(_xlfn.XLOOKUP(G10, Réttabanki!A:A, Réttabanki!AV:AV, "")) * I10 / 100, ""), ""))) | P10: =IF(OR(F10 = "", G10 = "", I10 = ""), "", IF(F10 = "Vara", IFERROR(_xlfn.SINGLE(_xlfn.XLOOKUP(G10, Vöruskrá!A:A, Vöruskrá!J:J, "")) * I10 / 100, ""), IF(F10 = "Réttur", IFERROR(_xlfn.SINGLE(_xlfn.XLOOKUP(G10, Réttabanki!A:A, Réttabanki!AW:AW, "")) * I10 / 100, ""), ""))) | Q10: =IF(OR(F10 = "", G10 = "", I10 = ""), "", IF(F10 = "Vara", IFERROR(_xlfn.SINGLE(_xlfn.XLOOKUP(G10, Vöruskrá!A:A, Vöruskrá!N:N, "")) * I10 / 100, ""), IF(F10 = "Réttur", IFERROR(_xlfn.SINGLE(_xlfn.XLOOKUP(G10, Réttabanki!A:A, Réttabanki!BB:BB, "")) * I10 / 100, ""), "")))
B11: =IF(A11<>"",CHOOSE(WEEKDAY(A11,2),"Mánudagur","Þriðjudagur","Miðvikudagur","Fimmtudagur","Föstudagur","Laugardagur","Sunnudagur"),IF(B10<>"",B10,"")) -> Mánudagur | C11: =IF(A11<>"",WEEKNUM(A11,21),IF(C10<>"",C10,"")) -> 25 | D11: Leikskóli | E11: Aðalréttur | F11: Vara | G11: Arna skyr vanillu – Arna / MS | H11: Vanilluskyr | I11: 250 | J11: 300 | L11: =IF(OR(F11 = "", G11 = ""), "", IF(F11 = "Vara", IFERROR(_xlfn.SINGLE(_xlfn.XLOOKUP(G11, Vöruskrá!A:A, Vöruskrá!E:E, "")), ""), IF(F11 = "Réttur", IFERROR(_xlfn.SINGLE(_xlfn.XLOOKUP(G11, Réttabanki!A:A, Réttabanki!AS:AS, "")), ""), ""))) | M11: =IF(OR(F11 = "", G11 = ""), "", IF(F11 = "Vara", IFERROR(_xlfn.SINGLE(_xlfn.XLOOKUP(G11, Vöruskrá!A:A, Vöruskrá!F:F, "")), ""), IF(F11 = "Réttur", IFERROR(_xlfn.SINGLE(_xlfn.XLOOKUP(G11, Réttabanki!A:A, Réttabanki!AT:AT, "")), ""), ""))) | N11: =IF(OR(F11 = "", G11 = ""), "", IF(F11 = "Vara", IFERROR(_xlfn.SINGLE(_xlfn.XLOOKUP(G11, Vöruskrá!A:A, Vöruskrá!G:G, "")), ""), IF(F11 = "Réttur", IFERROR(_xlfn.SINGLE(_xlfn.XLOOKUP(G11, Réttabanki!A:A, Réttabanki!AU:AU, "")), ""), ""))) | O11: =IF(OR(F11 = "", G11 = "", I11 = ""), "", IF(F11 = "Vara", IFERROR(_xlfn.SINGLE(_xlfn.XLOOKUP(G11, Vöruskrá!A:A, Vöruskrá!I:I, "")) * I11 / 100, ""), IF(F11 = "Réttur", IFERROR(_xlfn.SINGLE(_xlfn.XLOOKUP(G11, Réttabanki!A:A, Réttabanki!AV:AV, "")) * I11 / 100, ""), ""))) | P11: =IF(OR(F11 = "", G11 = "", I11 = ""), "", IF(F11 = "Vara", IFERROR(_xlfn.SINGLE(_xlfn.XLOOKUP(G11, Vöruskrá!A:A, Vöruskrá!J:J, "")) * I11 / 100, ""), IF(F11 = "Réttur", IFERROR(_xlfn.SINGLE(_xlfn.XLOOKUP(G11, Réttabanki!A:A, Réttabanki!AW:AW, "")) * I11 / 100, ""), ""))) | Q11: =IF(OR(F11 = "", G11 = "", I11 = ""), "", IF(F11 = "Vara", IFERROR(_xlfn.SINGLE(_xlfn.XLOOKUP(G11, Vöruskrá!A:A, Vöruskrá!N:N, "")) * I11 / 100, ""), IF(F11 = "Réttur", IFERROR(_xlfn.SINGLE(_xlfn.XLOOKUP(G11, Réttabanki!A:A, Réttabanki!BB:BB, "")) * I11 / 100, ""), "")))
B12: =IF(A12<>"",CHOOSE(WEEKDAY(A12,2),"Mánudagur","Þriðjudagur","Miðvikudagur","Fimmtudagur","Föstudagur","Laugardagur","Sunnudagur"),IF(B11<>"",B11,"")) -> Mánudagur | C12: =IF(A12<>"",WEEKNUM(A12,21),IF(C11<>"",C11,"")) -> 25 | D12: Leikskóli | E12: Aðalréttur | F12: Vara | G12: Jarðarber frosið – Global Food Link S.L.U. | H12: Jarðarber | I12: 50 | J12: 60 | L12: =IF(OR(F12 = "", G12 = ""), "", IF(F12 = "Vara", IFERROR(_xlfn.SINGLE(_xlfn.XLOOKUP(G12, Vöruskrá!A:A, Vöruskrá!E:E, "")), ""), IF(F12 = "Réttur", IFERROR(_xlfn.SINGLE(_xlfn.XLOOKUP(G12, Réttabanki!A:A, Réttabanki!AS:AS, "")), ""), ""))) | M12: =IF(OR(F12 = "", G12 = ""), "", IF(F12 = "Vara", IFERROR(_xlfn.SINGLE(_xlfn.XLOOKUP(G12, Vöruskrá!A:A, Vöruskrá!F:F, "")), ""), IF(F12 = "Réttur", IFERROR(_xlfn.SINGLE(_xlfn.XLOOKUP(G12, Réttabanki!A:A, Réttabanki!AT:AT, "")), ""), ""))) | N12: =IF(OR(F12 = "", G12 = ""), "", IF(F12 = "Vara", IFERROR(_xlfn.SINGLE(_xlfn.XLOOKUP(G12, Vöruskrá!A:A, Vöruskrá!G:G, "")), ""), IF(F12 = "Réttur", IFERROR(_xlfn.SINGLE(_xlfn.XLOOKUP(G12, Réttabanki!A:A, Réttabanki!AU:AU, "")), ""), ""))) | O12: =IF(OR(F12 = "", G12 = "", I12 = ""), "", IF(F12 = "Vara", IFERROR(_xlfn.SINGLE(_xlfn.XLOOKUP(G12, Vöruskrá!A:A, Vöruskrá!I:I, "")) * I12 / 100, ""), IF(F12 = "Réttur", IFERROR(_xlfn.SINGLE(_xlfn.XLOOKUP(G12, Réttabanki!A:A, Réttabanki!AV:AV, "")) * I12 / 100, ""), ""))) | P12: =IF(OR(F12 = "", G12 = "", I12 = ""), "", IF(F12 = "Vara", IFERROR(_xlfn.SINGLE(_xlfn.XLOOKUP(G12, Vöruskrá!A:A, Vöruskrá!J:J, "")) * I12 / 100, ""), IF(F12 = "Réttur", IFERROR(_xlfn.SINGLE(_xlfn.XLOOKUP(G12, Réttabanki!A:A, Réttabanki!AW:AW, "")) * I12 / 100, ""), ""))) | Q12: =IF(OR(F12 = "", G12 = "", I12 = ""), "", IF(F12 = "Vara", IFERROR(_xlfn.SINGLE(_xlfn.XLOOKUP(G12, Vöruskrá!A:A, Vöruskrá!N:N, "")) * I12 / 100, ""), IF(F12 = "Réttur", IFERROR(_xlfn.SINGLE(_xlfn.XLOOKUP(G12, Réttabanki!A:A, Réttabanki!BB:BB, "")) * I12 / 100, ""), "")))
B13: =IF(A13<>"",CHOOSE(WEEKDAY(A13,2),"Mánudagur","Þriðjudagur","Miðvikudagur","Fimmtudagur","Föstudagur","Laugardagur","Sunnudagur"),IF(B12<>"",B12,"")) -> Mánudagur | C13: =IF(A13<>"",WEEKNUM(A13,21),IF(C12<>"",C12,"")) -> 25 | D13: Leikskóli | E13: Aðalréttur | F13: Vara | G13: Bláber frosið (Wild Blueberries) – N.V. d'Arta | H13: Bláber | I13: 50 | J13: 60 | L13: =IF(OR(F13 = "", G13 = ""), "", IF(F13 = "Vara", IFERROR(_xlfn.SINGLE(_xlfn.XLOOKUP(G13, Vöruskrá!A:A, Vöruskrá!E:E, "")), ""), IF(F13 = "Réttur", IFERROR(_xlfn.SINGLE(_xlfn.XLOOKUP(G13, Réttabanki!A:A, Réttabanki!AS:AS, "")), ""), ""))) | M13: =IF(OR(F13 = "", G13 = ""), "", IF(F13 = "Vara", IFERROR(_xlfn.SINGLE(_xlfn.XLOOKUP(G13, Vöruskrá!A:A, Vöruskrá!F:F, "")), ""), IF(F13 = "Réttur", IFERROR(_xlfn.SINGLE(_xlfn.XLOOKUP(G13, Réttabanki!A:A, Réttabanki!AT:AT, "")), ""), ""))) | N13: =IF(OR(F13 = "", G13 = ""), "", IF(F13 = "Vara", IFERROR(_xlfn.SINGLE(_xlfn.XLOOKUP(G13, Vöruskrá!A:A, Vöruskrá!G:G, "")), ""), IF(F13 = "Réttur", IFERROR(_xlfn.SINGLE(_xlfn.XLOOKUP(G13, Réttabanki!A:A, Réttabanki!AU:AU, "")), ""), ""))) | O13: =IF(OR(F13 = "", G13 = "", I13 = ""), "", IF(F13 = "Vara", IFERROR(_xlfn.SINGLE(_xlfn.XLOOKUP(G13, Vöruskrá!A:A, Vöruskrá!I:I, "")) * I13 / 100, ""), IF(F13 = "Réttur", IFERROR(_xlfn.SINGLE(_xlfn.XLOOKUP(G13, Réttabanki!A:A, Réttabanki!AV:AV, "")) * I13 / 100, ""), ""))) | P13: =IF(OR(F13 = "", G13 = "", I13 = ""), "", IF(F13 = "Vara", IFERROR(_xlfn.SINGLE(_xlfn.XLOOKUP(G13, Vöruskrá!A:A, Vöruskrá!J:J, "")) * I13 / 100, ""), IF(F13 = "Réttur", IFERROR(_xlfn.SINGLE(_xlfn.XLOOKUP(G13, Réttabanki!A:A, Réttabanki!AW:AW, "")) * I13 / 100, ""), ""))) | Q13: =IF(OR(F13 = "", G13 = "", I13 = ""), "", IF(F13 = "Vara", IFERROR(_xlfn.SINGLE(_xlfn.XLOOKUP(G13, Vöruskrá!A:A, Vöruskrá!N:N, "")) * I13 / 100, ""), IF(F13 = "Réttur", IFERROR(_xlfn.SINGLE(_xlfn.XLOOKUP(G13, Réttabanki!A:A, Réttabanki!BB:BB, "")) * I13 / 100, ""), "")))
B14: =IF(A14<>"",CHOOSE(WEEKDAY(A14,2),"Mánudagur","Þriðjudagur","Miðvikudagur","Fimmtudagur","Föstudagur","Laugardagur","Sunnudagur"),IF(B13<>"",B13,"")) -> Mánudagur | C14: =IF(A14<>"",WEEKNUM(A14,21),IF(C13<>"",C13,"")) -> 25 | D14: Bæði | E14: Hliðarréttur | H14: Soja jógúrt með jarðaberja eða vanillubragði | L14: =IF(OR(F14 = "", G14 = ""), "", IF(F14 = "Vara", IFERROR(_xlfn.SINGLE(_xlfn.XLOOKUP(G14, Vöruskrá!A:A, Vöruskrá!E:E, "")), ""), IF(F14 = "Réttur", IFERROR(_xlfn.SINGLE(_xlfn.XLOOKUP(G14, Réttabanki!A:A, Réttabanki!AS:AS, "")), ""), ""))) | M14: =IF(OR(F14 = "", G14 = ""), "", IF(F14 = "Vara", IFERROR(_xlfn.SINGLE(_xlfn.XLOOKUP(G14, Vöruskrá!A:A, Vöruskrá!F:F, "")), ""), IF(F14 = "Réttur", IFERROR(_xlfn.SINGLE(_xlfn.XLOOKUP(G14, Réttabanki!A:A, Réttabanki!AT:AT, "")), ""), ""))) | N14: =IF(OR(F14 = "", G14 = ""), "", IF(F14 = "Vara", IFERROR(_xlfn.SINGLE(_xlfn.XLOOKUP(G14, Vöruskrá!A:A, Vöruskrá!G:G, "")), ""), IF(F14 = "Réttur", IFERROR(_xlfn.SINGLE(_xlfn.XLOOKUP(G14, Réttabanki!A:A, Réttabanki!AU:AU, "")), ""), ""))) | O14: =IF(OR(F14 = "", G14 = "", I14 = ""), "", IF(F14 = "Vara", IFERROR(_xlfn.SINGLE(_xlfn.XLOOKUP(G14, Vöruskrá!A:A, Vöruskrá!I:I, "")) * I14 / 100, ""), IF(F14 = "Réttur", IFERROR(_xlfn.SINGLE(_xlfn.XLOOKUP(G14, Réttabanki!A:A, Réttabanki!AV:AV, "")) * I14 / 100, ""), ""))) | P14: =IF(OR(F14 = "", G14 = "", I14 = ""), "", IF(F14 = "Vara", IFERROR(_xlfn.SINGLE(_xlfn.XLOOKUP(G14, Vöruskrá!A:A, Vöruskrá!J:J, "")) * I14 / 100, ""), IF(F14 = "Réttur", IFERROR(_xlfn.SINGLE(_xlfn.XLOOKUP(G14, Réttabanki!A:A, Réttabanki!AW:AW, "")) * I14 / 100, ""), ""))) | Q14: =IF(OR(F14 = "", G14 = "", I14 = ""), "", IF(F14 = "Vara", IFERROR(_xlfn.SINGLE(_xlfn.XLOOKUP(G14, Vöruskrá!A:A, Vöruskrá!N:N, "")) * I14 / 100, ""), IF(F14 = "Réttur", IFERROR(_xlfn.SINGLE(_xlfn.XLOOKUP(G14, Réttabanki!A:A, Réttabanki!BB:BB, "")) * I14 / 100, ""), "")))
B15: =IF(A15<>"",CHOOSE(WEEKDAY(A15,2),"Mánudagur","Þriðjudagur","Miðvikudagur","Fimmtudagur","Föstudagur","Laugardagur","Sunnudagur"),IF(B14<>"",B14,"")) -> Mánudagur | C15: =IF(A15<>"",WEEKNUM(A15,21),IF(C14<>"",C14,"")) -> 25 | D15: Bæði | E15: Hliðarréttur | F15: Vara | G15: Sojajógúrt jarðarberja (Oddlygood) – Oddlygood Sweden AB | H15: Soja jógúrt | I15: 150 | J15: 165 | L15: =IF(OR(F15 = "", G15 = ""), "", IF(F15 = "Vara", IFERROR(_xlfn.SINGLE(_xlfn.XLOOKUP(G15, Vöruskrá!A:A, Vöruskrá!E:E, "")), ""), IF(F15 = "Réttur", IFERROR(_xlfn.SINGLE(_xlfn.XLOOKUP(G15, Réttabanki!A:A, Réttabanki!AS:AS, "")), ""), ""))) | M15: =IF(OR(F15 = "", G15 = ""), "", IF(F15 = "Vara", IFERROR(_xlfn.SINGLE(_xlfn.XLOOKUP(G15, Vöruskrá!A:A, Vöruskrá!F:F, "")), ""), IF(F15 = "Réttur", IFERROR(_xlfn.SINGLE(_xlfn.XLOOKUP(G15, Réttabanki!A:A, Réttabanki!AT:AT, "")), ""), ""))) | N15: =IF(OR(F15 = "", G15 = ""), "", IF(F15 = "Vara", IFERROR(_xlfn.SINGLE(_xlfn.XLOOKUP(G15, Vöruskrá!A:A, Vöruskrá!G:G, "")), ""), IF(F15 = "Réttur", IFERROR(_xlfn.SINGLE(_xlfn.XLOOKUP(G15, Réttabanki!A:A, Réttabanki!AU:AU, "")), ""), ""))) | O15: =IF(OR(F15 = "", G15 = "", I15 = ""), "", IF(F15 = "Vara", IFERROR(_xlfn.SINGLE(_xlfn.XLOOKUP(G15, Vöruskrá!A:A, Vöruskrá!I:I, "")) * I15 / 100, ""), IF(F15 = "Réttur", IFERROR(_xlfn.SINGLE(_xlfn.XLOOKUP(G15, Réttabanki!A:A, Réttabanki!AV:AV, "")) * I15 / 100, ""), ""))) | P15: =IF(OR(F15 = "", G15 = "", I15 = ""), "", IF(F15 = "Vara", IFERROR(_xlfn.SINGLE(_xlfn.XLOOKUP(G15, Vöruskrá!A:A, Vöruskrá!J:J, "")) * I15 / 100, ""), IF(F15 = "Réttur", IFERROR(_xlfn.SINGLE(_xlfn.XLOOKUP(G15, Réttabanki!A:A, Réttabanki!AW:AW, "")) * I15 / 100, ""), ""))) | Q15: =IF(OR(F15 = "", G15 = "", I15 = ""), "", IF(F15 = "Vara", IFERROR(_xlfn.SINGLE(_xlfn.XLOOKUP(G15, Vöruskrá!A:A, Vöruskrá!N:N, "")) * I15 / 100, ""), IF(F15 = "Réttur", IFERROR(_xlfn.SINGLE(_xlfn.XLOOKUP(G15, Réttabanki!A:A, Réttabanki!BB:BB, "")) * I15 / 100, ""), "")))
B16: =IF(A16<>"",CHOOSE(WEEKDAY(A16,2),"Mánudagur","Þriðjudagur","Miðvikudagur","Fimmtudagur","Föstudagur","Laugardagur","Sunnudagur"),IF(B15<>"",B15,"")) -> Mánudagur | C16: =IF(A16<>"",WEEKNUM(A16,21),IF(C15<>"",C15,"")) -> 25 | D16: Bæði | E16: Hliðarréttur | F16: Vara | G16: Sojajógúrt vanillu (Oddlygood) – Oddlygood Sweden AB | H16: Soja jógúrt vanillu | I16: 150 | J16: 165 | L16: =IF(OR(F16 = "", G16 = ""), "", IF(F16 = "Vara", IFERROR(_xlfn.SINGLE(_xlfn.XLOOKUP(G16, Vöruskrá!A:A, Vöruskrá!E:E, "")), ""), IF(F16 = "Réttur", IFERROR(_xlfn.SINGLE(_xlfn.XLOOKUP(G16, Réttabanki!A:A, Réttabanki!AS:AS, "")), ""), ""))) | M16: =IF(OR(F16 = "", G16 = ""), "", IF(F16 = "Vara", IFERROR(_xlfn.SINGLE(_xlfn.XLOOKUP(G16, Vöruskrá!A:A, Vöruskrá!F:F, "")), ""), IF(F16 = "Réttur", IFERROR(_xlfn.SINGLE(_xlfn.XLOOKUP(G16, Réttabanki!A:A, Réttabanki!AT:AT, "")), ""), ""))) | N16: =IF(OR(F16 = "", G16 = ""), "", IF(F16 = "Vara", IFERROR(_xlfn.SINGLE(_xlfn.XLOOKUP(G16, Vöruskrá!A:A, Vöruskrá!G:G, "")), ""), IF(F16 = "Réttur", IFERROR(_xlfn.SINGLE(_xlfn.XLOOKUP(G16, Réttabanki!A:A, Réttabanki!AU:AU, "")), ""), ""))) | O16: =IF(OR(F16 = "", G16 = "", I16 = ""), "", IF(F16 = "Vara", IFERROR(_xlfn.SINGLE(_xlfn.XLOOKUP(G16, Vöruskrá!A:A, Vöruskrá!I:I, "")) * I16 / 100, ""), IF(F16 = "Réttur", IFERROR(_xlfn.SINGLE(_xlfn.XLOOKUP(G16, Réttabanki!A:A, Réttabanki!AV:AV, "")) * I16 / 100, ""), ""))) | P16: =IF(OR(F16 = "", G16 = "", I16 = ""), "", IF(F16 = "Vara", IFERROR(_xlfn.SINGLE(_xlfn.XLOOKUP(G16, Vöruskrá!A:A, Vöruskrá!J:J, "")) * I16 / 100, ""), IF(F16 = "Réttur", IFERROR(_xlfn.SINGLE(_xlfn.XLOOKUP(G16, Réttabanki!A:A, Réttabanki!AW:AW, "")) * I16 / 100, ""), ""))) | Q16: =IF(OR(F16 = "", G16 = "", I16 = ""), "", IF(F16 = "Vara", IFERROR(_xlfn.SINGLE(_xlfn.XLOOKUP(G16, Vöruskrá!A:A, Vöruskrá!N:N, "")) * I16 / 100, ""), IF(F16 = "Réttur", IFERROR(_xlfn.SINGLE(_xlfn.XLOOKUP(G16, Réttabanki!A:A, Réttabanki!BB:BB, "")) * I16 / 100, ""), "")))
B17: =IF(A17<>"",CHOOSE(WEEKDAY(A17,2),"Mánudagur","Þriðjudagur","Miðvikudagur","Fimmtudagur","Föstudagur","Laugardagur","Sunnudagur"),IF(B16<>"",B16,"")) -> Mánudagur | C17: =IF(A17<>"",WEEKNUM(A17,21),IF(C16<>"",C16,"")) -> 25 | D17: Bæði | E17: Meðlæti | H17: Rúnstykki, smjörvi, ostur og ávöxtur | L17: =IF(OR(F17 = "", G17 = ""), "", IF(F17 = "Vara", IFERROR(_xlfn.SINGLE(_xlfn.XLOOKUP(G17, Vöruskrá!A:A, Vöruskrá!E:E, "")), ""), IF(F17 = "Réttur", IFERROR(_xlfn.SINGLE(_xlfn.XLOOKUP(G17, Réttabanki!A:A, Réttabanki!AS:AS, "")), ""), ""))) | M17: =IF(OR(F17 = "", G17 = ""), "", IF(F17 = "Vara", IFERROR(_xlfn.SINGLE(_xlfn.XLOOKUP(G17, Vöruskrá!A:A, Vöruskrá!F:F, "")), ""), IF(F17 = "Réttur", IFERROR(_xlfn.SINGLE(_xlfn.XLOOKUP(G17, Réttabanki!A:A, Réttabanki!AT:AT, "")), ""), ""))) | N17: =IF(OR(F17 = "", G17 = ""), "", IF(F17 = "Vara", IFERROR(_xlfn.SINGLE(_xlfn.XLOOKUP(G17, Vöruskrá!A:A, Vöruskrá!G:G, "")), ""), IF(F17 = "Réttur", IFERROR(_xlfn.SINGLE(_xlfn.XLOOKUP(G17, Réttabanki!A:A, Réttabanki!AU:AU, "")), ""), ""))) | O17: =IF(OR(F17 = "", G17 = "", I17 = ""), "", IF(F17 = "Vara", IFERROR(_xlfn.SINGLE(_xlfn.XLOOKUP(G17, Vöruskrá!A:A, Vöruskrá!I:I, "")) * I17 / 100, ""), IF(F17 = "Réttur", IFERROR(_xlfn.SINGLE(_xlfn.XLOOKUP(G17, Réttabanki!A:A, Réttabanki!AV:AV, "")) * I17 / 100, ""), ""))) | P17: =IF(OR(F17 = "", G17 = "", I17 = ""), "", IF(F17 = "Vara", IFERROR(_xlfn.SINGLE(_xlfn.XLOOKUP(G17, Vöruskrá!A:A, Vöruskrá!J:J, "")) * I17 / 100, ""), IF(F17 = "Réttur", IFERROR(_xlfn.SINGLE(_xlfn.XLOOKUP(G17, Réttabanki!A:A, Réttabanki!AW:AW, "")) * I17 / 100, ""), ""))) | Q17: =IF(OR(F17 = "", G17 = "", I17 = ""), "", IF(F17 = "Vara", IFERROR(_xlfn.SINGLE(_xlfn.XLOOKUP(G17, Vöruskrá!A:A, Vöruskrá!N:N, "")) * I17 / 100, ""), IF(F17 = "Réttur", IFERROR(_xlfn.SINGLE(_xlfn.XLOOKUP(G17, Réttabanki!A:A, Réttabanki!BB:BB, "")) * I17 / 100, ""), "")))
B18: =IF(A18<>"",CHOOSE(WEEKDAY(A18,2),"Mánudagur","Þriðjudagur","Miðvikudagur","Fimmtudagur","Föstudagur","Laugardagur","Sunnudagur"),IF(B17<>"",B17,"")) -> Mánudagur | C18: =IF(A18<>"",WEEKNUM(A18,21),IF(C17<>"",C17,"")) -> 25 | D18: Bæði | E18: Meðlæti | F18: Vara | G18: Rúnstykki Kaiserbrauð 60 g (Diversi Foods) – Natan -Diversi Foods NV | H18: Rúnstykki | I18: 60 | J18: 120 | L18: =IF(OR(F18 = "", G18 = ""), "", IF(F18 = "Vara", IFERROR(_xlfn.SINGLE(_xlfn.XLOOKUP(G18, Vöruskrá!A:A, Vöruskrá!E:E, "")), ""), IF(F18 = "Réttur", IFERROR(_xlfn.SINGLE(_xlfn.XLOOKUP(G18, Réttabanki!A:A, Réttabanki!AS:AS, "")), ""), ""))) | M18: =IF(OR(F18 = "", G18 = ""), "", IF(F18 = "Vara", IFERROR(_xlfn.SINGLE(_xlfn.XLOOKUP(G18, Vöruskrá!A:A, Vöruskrá!F:F, "")), ""), IF(F18 = "Réttur", IFERROR(_xlfn.SINGLE(_xlfn.XLOOKUP(G18, Réttabanki!A:A, Réttabanki!AT:AT, "")), ""), ""))) | N18: =IF(OR(F18 = "", G18 = ""), "", IF(F18 = "Vara", IFERROR(_xlfn.SINGLE(_xlfn.XLOOKUP(G18, Vöruskrá!A:A, Vöruskrá!G:G, "")), ""), IF(F18 = "Réttur", IFERROR(_xlfn.SINGLE(_xlfn.XLOOKUP(G18, Réttabanki!A:A, Réttabanki!AU:AU, "")), ""), ""))) | O18: =IF(OR(F18 = "", G18 = "", I18 = ""), "", IF(F18 = "Vara", IFERROR(_xlfn.SINGLE(_xlfn.XLOOKUP(G18, Vöruskrá!A:A, Vöruskrá!I:I, "")) * I18 / 100, ""), IF(F18 = "Réttur", IFERROR(_xlfn.SINGLE(_xlfn.XLOOKUP(G18, Réttabanki!A:A, Réttabanki!AV:AV, "")) * I18 / 100, ""), ""))) | P18: =IF(OR(F18 = "", G18 = "", I18 = ""), "", IF(F18 = "Vara", IFERROR(_xlfn.SINGLE(_xlfn.XLOOKUP(G18, Vöruskrá!A:A, Vöruskrá!J:J, "")) * I18 / 100, ""), IF(F18 = "Réttur", IFERROR(_xlfn.SINGLE(_xlfn.XLOOKUP(G18, Réttabanki!A:A, Réttabanki!AW:AW, "")) * I18 / 100, ""), ""))) | Q18: =IF(OR(F18 = "", G18 = "", I18 = ""), "", IF(F18 = "Vara", IFERROR(_xlfn.SINGLE(_xlfn.XLOOKUP(G18, Vöruskrá!A:A, Vöruskrá!N:N, "")) * I18 / 100, ""), IF(F18 = "Réttur", IFERROR(_xlfn.SINGLE(_xlfn.XLOOKUP(G18, Réttabanki!A:A, Réttabanki!BB:BB, "")) * I18 / 100, ""), "")))
B19: =IF(A19<>"",CHOOSE(WEEKDAY(A19,2),"Mánudagur","Þriðjudagur","Miðvikudagur","Fimmtudagur","Föstudagur","Laugardagur","Sunnudagur"),IF(B18<>"",B18,"")) -> Mánudagur | C19: =IF(A19<>"",WEEKNUM(A19,21),IF(C18<>"",C18,"")) -> 25 | D19: Bæði | E19: Meðlæti | F19: Vara | G19: Smjörvi 400 g – MS (Mjólkursamsalan Íslands) | H19: Smjörvi | I19: 5 | J19: 10 | L19: =IF(OR(F19 = "", G19 = ""), "", IF(F19 = "Vara", IFERROR(_xlfn.SINGLE(_xlfn.XLOOKUP(G19, Vöruskrá!A:A, Vöruskrá!E:E, "")), ""), IF(F19 = "Réttur", IFERROR(_xlfn.SINGLE(_xlfn.XLOOKUP(G19, Réttabanki!A:A, Réttabanki!AS:AS, "")), ""), ""))) | M19: =IF(OR(F19 = "", G19 = ""), "", IF(F19 = "Vara", IFERROR(_xlfn.SINGLE(_xlfn.XLOOKUP(G19, Vöruskrá!A:A, Vöruskrá!F:F, "")), ""), IF(F19 = "Réttur", IFERROR(_xlfn.SINGLE(_xlfn.XLOOKUP(G19, Réttabanki!A:A, Réttabanki!AT:AT, "")), ""), ""))) | N19: =IF(OR(F19 = "", G19 = ""), "", IF(F19 = "Vara", IFERROR(_xlfn.SINGLE(_xlfn.XLOOKUP(G19, Vöruskrá!A:A, Vöruskrá!G:G, "")), ""), IF(F19 = "Réttur", IFERROR(_xlfn.SINGLE(_xlfn.XLOOKUP(G19, Réttabanki!A:A, Réttabanki!AU:AU, "")), ""), ""))) | O19: =IF(OR(F19 = "", G19 = "", I19 = ""), "", IF(F19 = "Vara", IFERROR(_xlfn.SINGLE(_xlfn.XLOOKUP(G19, Vöruskrá!A:A, Vöruskrá!I:I, "")) * I19 / 100, ""), IF(F19 = "Réttur", IFERROR(_xlfn.SINGLE(_xlfn.XLOOKUP(G19, Réttabanki!A:A, Réttabanki!AV:AV, "")) * I19 / 100, ""), ""))) | P19: =IF(OR(F19 = "", G19 = "", I19 = ""), "", IF(F19 = "Vara", IFERROR(_xlfn.SINGLE(_xlfn.XLOOKUP(G19, Vöruskrá!A:A, Vöruskrá!J:J, "")) * I19 / 100, ""), IF(F19 = "Réttur", IFERROR(_xlfn.SINGLE(_xlfn.XLOOKUP(G19, Réttabanki!A:A, Réttabanki!AW:AW, "")) * I19 / 100, ""), ""))) | Q19: =IF(OR(F19 = "", G19 = "", I19 = ""), "", IF(F19 = "Vara", IFERROR(_xlfn.SINGLE(_xlfn.XLOOKUP(G19, Vöruskrá!A:A, Vöruskrá!N:N, "")) * I19 / 100, ""), IF(F19 = "Réttur", IFERROR(_xlfn.SINGLE(_xlfn.XLOOKUP(G19, Réttabanki!A:A, Réttabanki!BB:BB, "")) * I19 / 100, ""), "")))
B20: =IF(A20<>"",CHOOSE(WEEKDAY(A20,2),"Mánudagur","Þriðjudagur","Miðvikudagur","Fimmtudagur","Föstudagur","Laugardagur","Sunnudagur"),IF(B19<>"",B19,"")) -> Mánudagur | C20: =IF(A20<>"",WEEKNUM(A20,21),IF(C19<>"",C19,"")) -> 25 | D20: Bæði | E20: Meðlæti | F20: Vara | G20: Góðostur 26% sneiðar – MS (Mjólkursamsalan Íslands) | H20: Ostur | I20: 15 | J20: 20 | L20: =IF(OR(F20 = "", G20 = ""), "", IF(F20 = "Vara", IFERROR(_xlfn.SINGLE(_xlfn.XLOOKUP(G20, Vöruskrá!A:A, Vöruskrá!E:E, "")), ""), IF(F20 = "Réttur", IFERROR(_xlfn.SINGLE(_xlfn.XLOOKUP(G20, Réttabanki!A:A, Réttabanki!AS:AS, "")), ""), ""))) | M20: =IF(OR(F20 = "", G20 = ""), "", IF(F20 = "Vara", IFERROR(_xlfn.SINGLE(_xlfn.XLOOKUP(G20, Vöruskrá!A:A, Vöruskrá!F:F, "")), ""), IF(F20 = "Réttur", IFERROR(_xlfn.SINGLE(_xlfn.XLOOKUP(G20, Réttabanki!A:A, Réttabanki!AT:AT, "")), ""), ""))) | N20: =IF(OR(F20 = "", G20 = ""), "", IF(F20 = "Vara", IFERROR(_xlfn.SINGLE(_xlfn.XLOOKUP(G20, Vöruskrá!A:A, Vöruskrá!G:G, "")), ""), IF(F20 = "Réttur", IFERROR(_xlfn.SINGLE(_xlfn.XLOOKUP(G20, Réttabanki!A:A, Réttabanki!AU:AU, "")), ""), ""))) | O20: =IF(OR(F20 = "", G20 = "", I20 = ""), "", IF(F20 = "Vara", IFERROR(_xlfn.SINGLE(_xlfn.XLOOKUP(G20, Vöruskrá!A:A, Vöruskrá!I:I, "")) * I20 / 100, ""), IF(F20 = "Réttur", IFERROR(_xlfn.SINGLE(_xlfn.XLOOKUP(G20, Réttabanki!A:A, Réttabanki!AV:AV, "")) * I20 / 100, ""), ""))) | P20: =IF(OR(F20 = "", G20 = "", I20 = ""), "", IF(F20 = "Vara", IFERROR(_xlfn.SINGLE(_xlfn.XLOOKUP(G20, Vöruskrá!A:A, Vöruskrá!J:J, "")) * I20 / 100, ""), IF(F20 = "Réttur", IFERROR(_xlfn.SINGLE(_xlfn.XLOOKUP(G20, Réttabanki!A:A, Réttabanki!AW:AW, "")) * I20 / 100, ""), ""))) | Q20: =IF(OR(F20 = "", G20 = "", I20 = ""), "", IF(F20 = "Vara", IFERROR(_xlfn.SINGLE(_xlfn.XLOOKUP(G20, Vöruskrá!A:A, Vöruskrá!N:N, "")) * I20 / 100, ""), IF(F20 = "Réttur", IFERROR(_xlfn.SINGLE(_xlfn.XLOOKUP(G20, Réttabanki!A:A, Réttabanki!BB:BB, "")) * I20 / 100, ""), "")))
B21: =IF(A21<>"",CHOOSE(WEEKDAY(A21,2),"Mánudagur","Þriðjudagur","Miðvikudagur","Fimmtudagur","Föstudagur","Laugardagur","Sunnudagur"),IF(B20<>"",B20,"")) -> Mánudagur | C21: =IF(A21<>"",WEEKNUM(A21,21),IF(C20<>"",C20,"")) -> 25 | D21: Bæði | E21: Síðdegishressing | H21: Heilhveitikex með osti, gúrku og ferskum ávöxtum | L21: =IF(OR(F21 = "", G21 = ""), "", IF(F21 = "Vara", IFERROR(_xlfn.SINGLE(_xlfn.XLOOKUP(G21, Vöruskrá!A:A, Vöruskrá!E:E, "")), ""), IF(F21 = "Réttur", IFERROR(_xlfn.SINGLE(_xlfn.XLOOKUP(G21, Réttabanki!A:A, Réttabanki!AS:AS, "")), ""), ""))) | M21: =IF(OR(F21 = "", G21 = ""), "", IF(F21 = "Vara", IFERROR(_xlfn.SINGLE(_xlfn.XLOOKUP(G21, Vöruskrá!A:A, Vöruskrá!F:F, "")), ""), IF(F21 = "Réttur", IFERROR(_xlfn.SINGLE(_xlfn.XLOOKUP(G21, Réttabanki!A:A, Réttabanki!AT:AT, "")), ""), ""))) | N21: =IF(OR(F21 = "", G21 = ""), "", IF(F21 = "Vara", IFERROR(_xlfn.SINGLE(_xlfn.XLOOKUP(G21, Vöruskrá!A:A, Vöruskrá!G:G, "")), ""), IF(F21 = "Réttur", IFERROR(_xlfn.SINGLE(_xlfn.XLOOKUP(G21, Réttabanki!A:A, Réttabanki!AU:AU, "")), ""), ""))) | O21: =IF(OR(F21 = "", G21 = "", I21 = ""), "", IF(F21 = "Vara", IFERROR(_xlfn.SINGLE(_xlfn.XLOOKUP(G21, Vöruskrá!A:A, Vöruskrá!I:I, "")) * I21 / 100, ""), IF(F21 = "Réttur", IFERROR(_xlfn.SINGLE(_xlfn.XLOOKUP(G21, Réttabanki!A:A, Réttabanki!AV:AV, "")) * I21 / 100, ""), ""))) | P21: =IF(OR(F21 = "", G21 = "", I21 = ""), "", IF(F21 = "Vara", IFERROR(_xlfn.SINGLE(_xlfn.XLOOKUP(G21, Vöruskrá!A:A, Vöruskrá!J:J, "")) * I21 / 100, ""), IF(F21 = "Réttur", IFERROR(_xlfn.SINGLE(_xlfn.XLOOKUP(G21, Réttabanki!A:A, Réttabanki!AW:AW, "")) * I21 / 100, ""), ""))) | Q21: =IF(OR(F21 = "", G21 = "", I21 = ""), "", IF(F21 = "Vara", IFERROR(_xlfn.SINGLE(_xlfn.XLOOKUP(G21, Vöruskrá!A:A, Vöruskrá!N:N, "")) * I21 / 100, ""), IF(F21 = "Réttur", IFERROR(_xlfn.SINGLE(_xlfn.XLOOKUP(G21, Réttabanki!A:A, Réttabanki!BB:BB, "")) * I21 / 100, ""), "")))
B22: =IF(A22<>"",CHOOSE(WEEKDAY(A22,2),"Mánudagur","Þriðjudagur","Miðvikudagur","Fimmtudagur","Föstudagur","Laugardagur","Sunnudagur"),IF(B21<>"",B21,"")) -> Mánudagur | C22: =IF(A22<>"",WEEKNUM(A22,21),IF(C21<>"",C21,"")) -> 25 | D22: Bæði | E22: Síðdegishressing | F22: Vara | G22: Heilhveitikex (HAUST Graham biscuit) – Continental Bakeries North Europe AB | H22: Heilhveitikex | I22: 20 | J22: 30 | L22: =IF(OR(F22 = "", G22 = ""), "", IF(F22 = "Vara", IFERROR(_xlfn.SINGLE(_xlfn.XLOOKUP(G22, Vöruskrá!A:A, Vöruskrá!E:E, "")), ""), IF(F22 = "Réttur", IFERROR(_xlfn.SINGLE(_xlfn.XLOOKUP(G22, Réttabanki!A:A, Réttabanki!AS:AS, "")), ""), ""))) | M22: =IF(OR(F22 = "", G22 = ""), "", IF(F22 = "Vara", IFERROR(_xlfn.SINGLE(_xlfn.XLOOKUP(G22, Vöruskrá!A:A, Vöruskrá!F:F, "")), ""), IF(F22 = "Réttur", IFERROR(_xlfn.SINGLE(_xlfn.XLOOKUP(G22, Réttabanki!A:A, Réttabanki!AT:AT, "")), ""), ""))) | N22: =IF(OR(F22 = "", G22 = ""), "", IF(F22 = "Vara", IFERROR(_xlfn.SINGLE(_xlfn.XLOOKUP(G22, Vöruskrá!A:A, Vöruskrá!G:G, "")), ""), IF(F22 = "Réttur", IFERROR(_xlfn.SINGLE(_xlfn.XLOOKUP(G22, Réttabanki!A:A, Réttabanki!AU:AU, "")), ""), ""))) | O22: =IF(OR(F22 = "", G22 = "", I22 = ""), "", IF(F22 = "Vara", IFERROR(_xlfn.SINGLE(_xlfn.XLOOKUP(G22, Vöruskrá!A:A, Vöruskrá!I:I, "")) * I22 / 100, ""), IF(F22 = "Réttur", IFERROR(_xlfn.SINGLE(_xlfn.XLOOKUP(G22, Réttabanki!A:A, Réttabanki!AV:AV, "")) * I22 / 100, ""), ""))) | P22: =IF(OR(F22 = "", G22 = "", I22 = ""), "", IF(F22 = "Vara", IFERROR(_xlfn.SINGLE(_xlfn.XLOOKUP(G22, Vöruskrá!A:A, Vöruskrá!J:J, "")) * I22 / 100, ""), IF(F22 = "Réttur", IFERROR(_xlfn.SINGLE(_xlfn.XLOOKUP(G22, Réttabanki!A:A, Réttabanki!AW:AW, "")) * I22 / 100, ""), ""))) | Q22: =IF(OR(F22 = "", G22 = "", I22 = ""), "", IF(F22 = "Vara", IFERROR(_xlfn.SINGLE(_xlfn.XLOOKUP(G22, Vöruskrá!A:A, Vöruskrá!N:N, "")) * I22 / 100, ""), IF(F22 = "Réttur", IFERROR(_xlfn.SINGLE(_xlfn.XLOOKUP(G22, Réttabanki!A:A, Réttabanki!BB:BB, "")) * I22 / 100, ""), "")))
B23: =IF(A23<>"",CHOOSE(WEEKDAY(A23,2),"Mánudagur","Þriðjudagur","Miðvikudagur","Fimmtudagur","Föstudagur","Laugardagur","Sunnudagur"),IF(B22<>"",B22,"")) -> Mánudagur | C23: =IF(A23<>"",WEEKNUM(A23,21),IF(C22<>"",C22,"")) -> 25 | D23: Bæði | E23: Síðdegishressing | F23: Vara | G23: Góðostur 26% sneiðar – MS (Mjólkursamsalan Íslands) | H23: Ostur | I23: 15 | J23: 20 | L23: =IF(OR(F23 = "", G23 = ""), "", IF(F23 = "Vara", IFERROR(_xlfn.SINGLE(_xlfn.XLOOKUP(G23, Vöruskrá!A:A, Vöruskrá!E:E, "")), ""), IF(F23 = "Réttur", IFERROR(_xlfn.SINGLE(_xlfn.XLOOKUP(G23, Réttabanki!A:A, Réttabanki!AS:AS, "")), ""), ""))) | M23: =IF(OR(F23 = "", G23 = ""), "", IF(F23 = "Vara", IFERROR(_xlfn.SINGLE(_xlfn.XLOOKUP(G23, Vöruskrá!A:A, Vöruskrá!F:F, "")), ""), IF(F23 = "Réttur", IFERROR(_xlfn.SINGLE(_xlfn.XLOOKUP(G23, Réttabanki!A:A, Réttabanki!AT:AT, "")), ""), ""))) | N23: =IF(OR(F23 = "", G23 = ""), "", IF(F23 = "Vara", IFERROR(_xlfn.SINGLE(_xlfn.XLOOKUP(G23, Vöruskrá!A:A, Vöruskrá!G:G, "")), ""), IF(F23 = "Réttur", IFERROR(_xlfn.SINGLE(_xlfn.XLOOKUP(G23, Réttabanki!A:A, Réttabanki!AU:AU, "")), ""), ""))) | O23: =IF(OR(F23 = "", G23 = "", I23 = ""), "", IF(F23 = "Vara", IFERROR(_xlfn.SINGLE(_xlfn.XLOOKUP(G23, Vöruskrá!A:A, Vöruskrá!I:I, "")) * I23 / 100, ""), IF(F23 = "Réttur", IFERROR(_xlfn.SINGLE(_xlfn.XLOOKUP(G23, Réttabanki!A:A, Réttabanki!AV:AV, "")) * I23 / 100, ""), ""))) | P23: =IF(OR(F23 = "", G23 = "", I23 = ""), "", IF(F23 = "Vara", IFERROR(_xlfn.SINGLE(_xlfn.XLOOKUP(G23, Vöruskrá!A:A, Vöruskrá!J:J, "")) * I23 / 100, ""), IF(F23 = "Réttur", IFERROR(_xlfn.SINGLE(_xlfn.XLOOKUP(G23, Réttabanki!A:A, Réttabanki!AW:AW, "")) * I23 / 100, ""), ""))) | Q23: =IF(OR(F23 = "", G23 = "", I23 = ""), "", IF(F23 = "Vara", IFERROR(_xlfn.SINGLE(_xlfn.XLOOKUP(G23, Vöruskrá!A:A, Vöruskrá!N:N, "")) * I23 / 100, ""), IF(F23 = "Réttur", IFERROR(_xlfn.SINGLE(_xlfn.XLOOKUP(G23, Réttabanki!A:A, Réttabanki!BB:BB, "")) * I23 / 100, ""), "")))
B24: =IF(A24<>"",CHOOSE(WEEKDAY(A24,2),"Mánudagur","Þriðjudagur","Miðvikudagur","Fimmtudagur","Föstudagur","Laugardagur","Sunnudagur"),IF(B23<>"",B23,"")) -> Mánudagur | C24: =IF(A24<>"",WEEKNUM(A24,21),IF(C23<>"",C23,"")) -> 25 | D24: Bæði | E24: Ávaxtastund | H24: Ferskir ávextir alla daga. | L24: =IF(OR(F24 = "", G24 = ""), "", IF(F24 = "Vara", IFERROR(_xlfn.SINGLE(_xlfn.XLOOKUP(G24, Vöruskrá!A:A, Vöruskrá!E:E, "")), ""), IF(F24 = "Réttur", IFERROR(_xlfn.SINGLE(_xlfn.XLOOKUP(G24, Réttabanki!A:A, Réttabanki!AS:AS, "")), ""), ""))) | M24: =IF(OR(F24 = "", G24 = ""), "", IF(F24 = "Vara", IFERROR(_xlfn.SINGLE(_xlfn.XLOOKUP(G24, Vöruskrá!A:A, Vöruskrá!F:F, "")), ""), IF(F24 = "Réttur", IFERROR(_xlfn.SINGLE(_xlfn.XLOOKUP(G24, Réttabanki!A:A, Réttabanki!AT:AT, "")), ""), ""))) | N24: =IF(OR(F24 = "", G24 = ""), "", IF(F24 = "Vara", IFERROR(_xlfn.SINGLE(_xlfn.XLOOKUP(G24, Vöruskrá!A:A, Vöruskrá!G:G, "")), ""), IF(F24 = "Réttur", IFERROR(_xlfn.SINGLE(_xlfn.XLOOKUP(G24, Réttabanki!A:A, Réttabanki!AU:AU, "")), ""), ""))) | O24: =IF(OR(F24 = "", G24 = "", I24 = ""), "", IF(F24 = "Vara", IFERROR(_xlfn.SINGLE(_xlfn.XLOOKUP(G24, Vöruskrá!A:A, Vöruskrá!I:I, "")) * I24 / 100, ""), IF(F24 = "Réttur", IFERROR(_xlfn.SINGLE(_xlfn.XLOOKUP(G24, Réttabanki!A:A, Réttabanki!AV:AV, "")) * I24 / 100, ""), ""))) | P24: =IF(OR(F24 = "", G24 = "", I24 = ""), "", IF(F24 = "Vara", IFERROR(_xlfn.SINGLE(_xlfn.XLOOKUP(G24, Vöruskrá!A:A, Vöruskrá!J:J, "")) * I24 / 100, ""), IF(F24 = "Réttur", IFERROR(_xlfn.SINGLE(_xlfn.XLOOKUP(G24, Réttabanki!A:A, Réttabanki!AW:AW, "")) * I24 / 100, ""), ""))) | Q24: =IF(OR(F24 = "", G24 = "", I24 = ""), "", IF(F24 = "Vara", IFERROR(_xlfn.SINGLE(_xlfn.XLOOKUP(G24, Vöruskrá!A:A, Vöruskrá!N:N, "")) * I24 / 100, ""), IF(F24 = "Réttur", IFERROR(_xlfn.SINGLE(_xlfn.XLOOKUP(G24, Réttabanki!A:A, Réttabanki!BB:BB, "")) * I24 / 100, ""), "")))
A25: 46189 | B25: =IF(A25<>"",CHOOSE(WEEKDAY(A25,2),"Mánudagur","Þriðjudagur","Miðvikudagur","Fimmtudagur","Föstudagur","Laugardagur","Sunnudagur"),IF(B24<>"",B24,"")) -> Þriðjudagur | C25: =IF(A25<>"",WEEKNUM(A25,21),IF(C24<>"",C24,"")) -> 25 | D25: Bæði | E25: Aðalréttur | H25: Mexico kjúklingasúpa, sýrður rjómi og rifinn ostur | L25: =IF(OR(F25 = "", G25 = ""), "", IF(F25 = "Vara", IFERROR(_xlfn.SINGLE(_xlfn.XLOOKUP(G25, Vöruskrá!A:A, Vöruskrá!E:E, "")), ""), IF(F25 = "Réttur", IFERROR(_xlfn.SINGLE(_xlfn.XLOOKUP(G25, Réttabanki!A:A, Réttabanki!AS:AS, "")), ""), ""))) | M25: =IF(OR(F25 = "", G25 = ""), "", IF(F25 = "Vara", IFERROR(_xlfn.SINGLE(_xlfn.XLOOKUP(G25, Vöruskrá!A:A, Vöruskrá!F:F, "")), ""), IF(F25 = "Réttur", IFERROR(_xlfn.SINGLE(_xlfn.XLOOKUP(G25, Réttabanki!A:A, Réttabanki!AT:AT, "")), ""), ""))) | N25: =IF(OR(F25 = "", G25 = ""), "", IF(F25 = "Vara", IFERROR(_xlfn.SINGLE(_xlfn.XLOOKUP(G25, Vöruskrá!A:A, Vöruskrá!G:G, "")), ""), IF(F25 = "Réttur", IFERROR(_xlfn.SINGLE(_xlfn.XLOOKUP(G25, Réttabanki!A:A, Réttabanki!AU:AU, "")), ""), ""))) | O25: =IF(OR(F25 = "", G25 = "", I25 = ""), "", IF(F25 = "Vara", IFERROR(_xlfn.SINGLE(_xlfn.XLOOKUP(G25, Vöruskrá!A:A, Vöruskrá!I:I, "")) * I25 / 100, ""), IF(F25 = "Réttur", IFERROR(_xlfn.SINGLE(_xlfn.XLOOKUP(G25, Réttabanki!A:A, Réttabanki!AV:AV, "")) * I25 / 100, ""), ""))) | P25: =IF(OR(F25 = "", G25 = "", I25 = ""), "", IF(F25 = "Vara", IFERROR(_xlfn.SINGLE(_xlfn.XLOOKUP(G25, Vöruskrá!A:A, Vöruskrá!J:J, "")) * I25 / 100, ""), IF(F25 = "Réttur", IFERROR(_xlfn.SINGLE(_xlfn.XLOOKUP(G25, Réttabanki!A:A, Réttabanki!AW:AW, "")) * I25 / 100, ""), ""))) | Q25: =IF(OR(F25 = "", G25 = "", I25 = ""), "", IF(F25 = "Vara", IFERROR(_xlfn.SINGLE(_xlfn.XLOOKUP(G25, Vöruskrá!A:A, Vöruskrá!N:N, "")) * I25 / 100, ""), IF(F25 = "Réttur", IFERROR(_xlfn.SINGLE(_xlfn.XLOOKUP(G25, Réttabanki!A:A, Réttabanki!BB:BB, "")) * I25 / 100, ""), "")))
B26: =IF(A26<>"",CHOOSE(WEEKDAY(A26,2),"Mánudagur","Þriðjudagur","Miðvikudagur","Fimmtudagur","Föstudagur","Laugardagur","Sunnudagur"),IF(B25<>"",B25,"")) -> Þriðjudagur | C26: =IF(A26<>"",WEEKNUM(A26,21),IF(C25<>"",C25,"")) -> 25 | D26: Bæði | E26: Aðalréttur | F26: Vara | G26: Mexico súpa með kjúkling – Í-MAT / Matarstund | H26: Mexico súpa | I26: 250 | J26: 300 | L26: =IF(OR(F26 = "", G26 = ""), "", IF(F26 = "Vara", IFERROR(_xlfn.SINGLE(_xlfn.XLOOKUP(G26, Vöruskrá!A:A, Vöruskrá!E:E, "")), ""), IF(F26 = "Réttur", IFERROR(_xlfn.SINGLE(_xlfn.XLOOKUP(G26, Réttabanki!A:A, Réttabanki!AS:AS, "")), ""), ""))) | M26: =IF(OR(F26 = "", G26 = ""), "", IF(F26 = "Vara", IFERROR(_xlfn.SINGLE(_xlfn.XLOOKUP(G26, Vöruskrá!A:A, Vöruskrá!F:F, "")), ""), IF(F26 = "Réttur", IFERROR(_xlfn.SINGLE(_xlfn.XLOOKUP(G26, Réttabanki!A:A, Réttabanki!AT:AT, "")), ""), ""))) | N26: =IF(OR(F26 = "", G26 = ""), "", IF(F26 = "Vara", IFERROR(_xlfn.SINGLE(_xlfn.XLOOKUP(G26, Vöruskrá!A:A, Vöruskrá!G:G, "")), ""), IF(F26 = "Réttur", IFERROR(_xlfn.SINGLE(_xlfn.XLOOKUP(G26, Réttabanki!A:A, Réttabanki!AU:AU, "")), ""), ""))) | O26: =IF(OR(F26 = "", G26 = "", I26 = ""), "", IF(F26 = "Vara", IFERROR(_xlfn.SINGLE(_xlfn.XLOOKUP(G26, Vöruskrá!A:A, Vöruskrá!I:I, "")) * I26 / 100, ""), IF(F26 = "Réttur", IFERROR(_xlfn.SINGLE(_xlfn.XLOOKUP(G26, Réttabanki!A:A, Réttabanki!AV:AV, "")) * I26 / 100, ""), ""))) | P26: =IF(OR(F26 = "", G26 = "", I26 = ""), "", IF(F26 = "Vara", IFERROR(_xlfn.SINGLE(_xlfn.XLOOKUP(G26, Vöruskrá!A:A, Vöruskrá!J:J, "")) * I26 / 100, ""), IF(F26 = "Réttur", IFERROR(_xlfn.SINGLE(_xlfn.XLOOKUP(G26, Réttabanki!A:A, Réttabanki!AW:AW, "")) * I26 / 100, ""), ""))) | Q26: =IF(OR(F26 = "", G26 = "", I26 = ""), "", IF(F26 = "Vara", IFERROR(_xlfn.SINGLE(_xlfn.XLOOKUP(G26, Vöruskrá!A:A, Vöruskrá!N:N, "")) * I26 / 100, ""), IF(F26 = "Réttur", IFERROR(_xlfn.SINGLE(_xlfn.XLOOKUP(G26, Réttabanki!A:A, Réttabanki!BB:BB, "")) * I26 / 100, ""), "")))
B27: =IF(A27<>"",CHOOSE(WEEKDAY(A27,2),"Mánudagur","Þriðjudagur","Miðvikudagur","Fimmtudagur","Föstudagur","Laugardagur","Sunnudagur"),IF(B26<>"",B26,"")) -> Þriðjudagur | C27: =IF(A27<>"",WEEKNUM(A27,21),IF(C26<>"",C26,"")) -> 25 | D27: Bæði | E27: Aðalréttur | F27: Vara | G27: Sýrður rjómi 10% – MS (Mjólkursamsalan Íslands) | H27: Sýrður rjómi | I27: 20 | J27: 30 | L27: =IF(OR(F27 = "", G27 = ""), "", IF(F27 = "Vara", IFERROR(_xlfn.SINGLE(_xlfn.XLOOKUP(G27, Vöruskrá!A:A, Vöruskrá!E:E, "")), ""), IF(F27 = "Réttur", IFERROR(_xlfn.SINGLE(_xlfn.XLOOKUP(G27, Réttabanki!A:A, Réttabanki!AS:AS, "")), ""), ""))) | M27: =IF(OR(F27 = "", G27 = ""), "", IF(F27 = "Vara", IFERROR(_xlfn.SINGLE(_xlfn.XLOOKUP(G27, Vöruskrá!A:A, Vöruskrá!F:F, "")), ""), IF(F27 = "Réttur", IFERROR(_xlfn.SINGLE(_xlfn.XLOOKUP(G27, Réttabanki!A:A, Réttabanki!AT:AT, "")), ""), ""))) | N27: =IF(OR(F27 = "", G27 = ""), "", IF(F27 = "Vara", IFERROR(_xlfn.SINGLE(_xlfn.XLOOKUP(G27, Vöruskrá!A:A, Vöruskrá!G:G, "")), ""), IF(F27 = "Réttur", IFERROR(_xlfn.SINGLE(_xlfn.XLOOKUP(G27, Réttabanki!A:A, Réttabanki!AU:AU, "")), ""), ""))) | O27: =IF(OR(F27 = "", G27 = "", I27 = ""), "", IF(F27 = "Vara", IFERROR(_xlfn.SINGLE(_xlfn.XLOOKUP(G27, Vöruskrá!A:A, Vöruskrá!I:I, "")) * I27 / 100, ""), IF(F27 = "Réttur", IFERROR(_xlfn.SINGLE(_xlfn.XLOOKUP(G27, Réttabanki!A:A, Réttabanki!AV:AV, "")) * I27 / 100, ""), ""))) | P27: =IF(OR(F27 = "", G27 = "", I27 = ""), "", IF(F27 = "Vara", IFERROR(_xlfn.SINGLE(_xlfn.XLOOKUP(G27, Vöruskrá!A:A, Vöruskrá!J:J, "")) * I27 / 100, ""), IF(F27 = "Réttur", IFERROR(_xlfn.SINGLE(_xlfn.XLOOKUP(G27, Réttabanki!A:A, Réttabanki!AW:AW, "")) * I27 / 100, ""), ""))) | Q27: =IF(OR(F27 = "", G27 = "", I27 = ""), "", IF(F27 = "Vara", IFERROR(_xlfn.SINGLE(_xlfn.XLOOKUP(G27, Vöruskrá!A:A, Vöruskrá!N:N, "")) * I27 / 100, ""), IF(F27 = "Réttur", IFERROR(_xlfn.SINGLE(_xlfn.XLOOKUP(G27, Réttabanki!A:A, Réttabanki!BB:BB, "")) * I27 / 100, ""), "")))
B28: =IF(A28<>"",CHOOSE(WEEKDAY(A28,2),"Mánudagur","Þriðjudagur","Miðvikudagur","Fimmtudagur","Föstudagur","Laugardagur","Sunnudagur"),IF(B27<>"",B27,"")) -> Þriðjudagur | C28: =IF(A28<>"",WEEKNUM(A28,21),IF(C27<>"",C27,"")) -> 25 | D28: Bæði | E28: Aðalréttur | F28: Vara | G28: Rifinn ostur – Pizzatopping mozzarella (Ulkjær) – Natan - Arla Foods / Ulkjær | H28: Rifinn ostur | I28: 10 | J28: 15 | L28: =IF(OR(F28 = "", G28 = ""), "", IF(F28 = "Vara", IFERROR(_xlfn.SINGLE(_xlfn.XLOOKUP(G28, Vöruskrá!A:A, Vöruskrá!E:E, "")), ""), IF(F28 = "Réttur", IFERROR(_xlfn.SINGLE(_xlfn.XLOOKUP(G28, Réttabanki!A:A, Réttabanki!AS:AS, "")), ""), ""))) | M28: =IF(OR(F28 = "", G28 = ""), "", IF(F28 = "Vara", IFERROR(_xlfn.SINGLE(_xlfn.XLOOKUP(G28, Vöruskrá!A:A, Vöruskrá!F:F, "")), ""), IF(F28 = "Réttur", IFERROR(_xlfn.SINGLE(_xlfn.XLOOKUP(G28, Réttabanki!A:A, Réttabanki!AT:AT, "")), ""), ""))) | N28: =IF(OR(F28 = "", G28 = ""), "", IF(F28 = "Vara", IFERROR(_xlfn.SINGLE(_xlfn.XLOOKUP(G28, Vöruskrá!A:A, Vöruskrá!G:G, "")), ""), IF(F28 = "Réttur", IFERROR(_xlfn.SINGLE(_xlfn.XLOOKUP(G28, Réttabanki!A:A, Réttabanki!AU:AU, "")), ""), ""))) | O28: =IF(OR(F28 = "", G28 = "", I28 = ""), "", IF(F28 = "Vara", IFERROR(_xlfn.SINGLE(_xlfn.XLOOKUP(G28, Vöruskrá!A:A, Vöruskrá!I:I, "")) * I28 / 100, ""), IF(F28 = "Réttur", IFERROR(_xlfn.SINGLE(_xlfn.XLOOKUP(G28, Réttabanki!A:A, Réttabanki!AV:AV, "")) * I28 / 100, ""), ""))) | P28: =IF(OR(F28 = "", G28 = "", I28 = ""), "", IF(F28 = "Vara", IFERROR(_xlfn.SINGLE(_xlfn.XLOOKUP(G28, Vöruskrá!A:A, Vöruskrá!J:J, "")) * I28 / 100, ""), IF(F28 = "Réttur", IFERROR(_xlfn.SINGLE(_xlfn.XLOOKUP(G28, Réttabanki!A:A, Réttabanki!AW:AW, "")) * I28 / 100, ""), ""))) | Q28: =IF(OR(F28 = "", G28 = "", I28 = ""), "", IF(F28 = "Vara", IFERROR(_xlfn.SINGLE(_xlfn.XLOOKUP(G28, Vöruskrá!A:A, Vöruskrá!N:N, "")) * I28 / 100, ""), IF(F28 = "Réttur", IFERROR(_xlfn.SINGLE(_xlfn.XLOOKUP(G28, Réttabanki!A:A, Réttabanki!BB:BB, "")) * I28 / 100, ""), "")))
B29: =IF(A29<>"",CHOOSE(WEEKDAY(A29,2),"Mánudagur","Þriðjudagur","Miðvikudagur","Fimmtudagur","Föstudagur","Laugardagur","Sunnudagur"),IF(B28<>"",B28,"")) -> Þriðjudagur | C29: =IF(A29<>"",WEEKNUM(A29,21),IF(C28<>"",C28,"")) -> 25 | D29: Bæði | E29: Hliðarréttur | H29: Mexico súpa með sýrðum hafrarjóma og vegan osti | L29: =IF(OR(F29 = "", G29 = ""), "", IF(F29 = "Vara", IFERROR(_xlfn.SINGLE(_xlfn.XLOOKUP(G29, Vöruskrá!A:A, Vöruskrá!E:E, "")), ""), IF(F29 = "Réttur", IFERROR(_xlfn.SINGLE(_xlfn.XLOOKUP(G29, Réttabanki!A:A, Réttabanki!AS:AS, "")), ""), ""))) | M29: =IF(OR(F29 = "", G29 = ""), "", IF(F29 = "Vara", IFERROR(_xlfn.SINGLE(_xlfn.XLOOKUP(G29, Vöruskrá!A:A, Vöruskrá!F:F, "")), ""), IF(F29 = "Réttur", IFERROR(_xlfn.SINGLE(_xlfn.XLOOKUP(G29, Réttabanki!A:A, Réttabanki!AT:AT, "")), ""), ""))) | N29: =IF(OR(F29 = "", G29 = ""), "", IF(F29 = "Vara", IFERROR(_xlfn.SINGLE(_xlfn.XLOOKUP(G29, Vöruskrá!A:A, Vöruskrá!G:G, "")), ""), IF(F29 = "Réttur", IFERROR(_xlfn.SINGLE(_xlfn.XLOOKUP(G29, Réttabanki!A:A, Réttabanki!AU:AU, "")), ""), ""))) | O29: =IF(OR(F29 = "", G29 = "", I29 = ""), "", IF(F29 = "Vara", IFERROR(_xlfn.SINGLE(_xlfn.XLOOKUP(G29, Vöruskrá!A:A, Vöruskrá!I:I, "")) * I29 / 100, ""), IF(F29 = "Réttur", IFERROR(_xlfn.SINGLE(_xlfn.XLOOKUP(G29, Réttabanki!A:A, Réttabanki!AV:AV, "")) * I29 / 100, ""), ""))) | P29: =IF(OR(F29 = "", G29 = "", I29 = ""), "", IF(F29 = "Vara", IFERROR(_xlfn.SINGLE(_xlfn.XLOOKUP(G29, Vöruskrá!A:A, Vöruskrá!J:J, "")) * I29 / 100, ""), IF(F29 = "Réttur", IFERROR(_xlfn.SINGLE(_xlfn.XLOOKUP(G29, Réttabanki!A:A, Réttabanki!AW:AW, "")) * I29 / 100, ""), ""))) | Q29: =IF(OR(F29 = "", G29 = "", I29 = ""), "", IF(F29 = "Vara", IFERROR(_xlfn.SINGLE(_xlfn.XLOOKUP(G29, Vöruskrá!A:A, Vöruskrá!N:N, "")) * I29 / 100, ""), IF(F29 = "Réttur", IFERROR(_xlfn.SINGLE(_xlfn.XLOOKUP(G29, Réttabanki!A:A, Réttabanki!BB:BB, "")) * I29 / 100, ""), "")))
B30: =IF(A30<>"",CHOOSE(WEEKDAY(A30,2),"Mánudagur","Þriðjudagur","Miðvikudagur","Fimmtudagur","Föstudagur","Laugardagur","Sunnudagur"),IF(B29<>"",B29,"")) -> Þriðjudagur | C30: =IF(A30<>"",WEEKNUM(A30,21),IF(C29<>"",C29,"")) -> 25 | D30: Bæði | E30: Hliðarréttur | F30: Vara | G30: Oatly iMat Fraiche (sýrður hafrarjómi) – Oatly | H30: Sýrður hafrarjómi | I30: 20 | J30: 30 | L30: =IF(OR(F30 = "", G30 = ""), "", IF(F30 = "Vara", IFERROR(_xlfn.SINGLE(_xlfn.XLOOKUP(G30, Vöruskrá!A:A, Vöruskrá!E:E, "")), ""), IF(F30 = "Réttur", IFERROR(_xlfn.SINGLE(_xlfn.XLOOKUP(G30, Réttabanki!A:A, Réttabanki!AS:AS, "")), ""), ""))) | M30: =IF(OR(F30 = "", G30 = ""), "", IF(F30 = "Vara", IFERROR(_xlfn.SINGLE(_xlfn.XLOOKUP(G30, Vöruskrá!A:A, Vöruskrá!F:F, "")), ""), IF(F30 = "Réttur", IFERROR(_xlfn.SINGLE(_xlfn.XLOOKUP(G30, Réttabanki!A:A, Réttabanki!AT:AT, "")), ""), ""))) | N30: =IF(OR(F30 = "", G30 = ""), "", IF(F30 = "Vara", IFERROR(_xlfn.SINGLE(_xlfn.XLOOKUP(G30, Vöruskrá!A:A, Vöruskrá!G:G, "")), ""), IF(F30 = "Réttur", IFERROR(_xlfn.SINGLE(_xlfn.XLOOKUP(G30, Réttabanki!A:A, Réttabanki!AU:AU, "")), ""), ""))) | O30: =IF(OR(F30 = "", G30 = "", I30 = ""), "", IF(F30 = "Vara", IFERROR(_xlfn.SINGLE(_xlfn.XLOOKUP(G30, Vöruskrá!A:A, Vöruskrá!I:I, "")) * I30 / 100, ""), IF(F30 = "Réttur", IFERROR(_xlfn.SINGLE(_xlfn.XLOOKUP(G30, Réttabanki!A:A, Réttabanki!AV:AV, "")) * I30 / 100, ""), ""))) | P30: =IF(OR(F30 = "", G30 = "", I30 = ""), "", IF(F30 = "Vara", IFERROR(_xlfn.SINGLE(_xlfn.XLOOKUP(G30, Vöruskrá!A:A, Vöruskrá!J:J, "")) * I30 / 100, ""), IF(F30 = "Réttur", IFERROR(_xlfn.SINGLE(_xlfn.XLOOKUP(G30, Réttabanki!A:A, Réttabanki!AW:AW, "")) * I30 / 100, ""), ""))) | Q30: =IF(OR(F30 = "", G30 = "", I30 = ""), "", IF(F30 = "Vara", IFERROR(_xlfn.SINGLE(_xlfn.XLOOKUP(G30, Vöruskrá!A:A, Vöruskrá!N:N, "")) * I30 / 100, ""), IF(F30 = "Réttur", IFERROR(_xlfn.SINGLE(_xlfn.XLOOKUP(G30, Réttabanki!A:A, Réttabanki!BB:BB, "")) * I30 / 100, ""), "")))
B31: =IF(A31<>"",CHOOSE(WEEKDAY(A31,2),"Mánudagur","Þriðjudagur","Miðvikudagur","Fimmtudagur","Föstudagur","Laugardagur","Sunnudagur"),IF(B30<>"",B30,"")) -> Þriðjudagur | C31: =IF(A31<>"",WEEKNUM(A31,21),IF(C30<>"",C30,"")) -> 25 | D31: Bæði | E31: Hliðarréttur | F31: Vara | G31: Violife Grated Mozzarella Flavour – Arivia S.A. | H31: Rifinn vegan ostur | I31: 10 | J31: 15 | L31: =IF(OR(F31 = "", G31 = ""), "", IF(F31 = "Vara", IFERROR(_xlfn.SINGLE(_xlfn.XLOOKUP(G31, Vöruskrá!A:A, Vöruskrá!E:E, "")), ""), IF(F31 = "Réttur", IFERROR(_xlfn.SINGLE(_xlfn.XLOOKUP(G31, Réttabanki!A:A, Réttabanki!AS:AS, "")), ""), ""))) | M31: =IF(OR(F31 = "", G31 = ""), "", IF(F31 = "Vara", IFERROR(_xlfn.SINGLE(_xlfn.XLOOKUP(G31, Vöruskrá!A:A, Vöruskrá!F:F, "")), ""), IF(F31 = "Réttur", IFERROR(_xlfn.SINGLE(_xlfn.XLOOKUP(G31, Réttabanki!A:A, Réttabanki!AT:AT, "")), ""), ""))) | N31: =IF(OR(F31 = "", G31 = ""), "", IF(F31 = "Vara", IFERROR(_xlfn.SINGLE(_xlfn.XLOOKUP(G31, Vöruskrá!A:A, Vöruskrá!G:G, "")), ""), IF(F31 = "Réttur", IFERROR(_xlfn.SINGLE(_xlfn.XLOOKUP(G31, Réttabanki!A:A, Réttabanki!AU:AU, "")), ""), ""))) | O31: =IF(OR(F31 = "", G31 = "", I31 = ""), "", IF(F31 = "Vara", IFERROR(_xlfn.SINGLE(_xlfn.XLOOKUP(G31, Vöruskrá!A:A, Vöruskrá!I:I, "")) * I31 / 100, ""), IF(F31 = "Réttur", IFERROR(_xlfn.SINGLE(_xlfn.XLOOKUP(G31, Réttabanki!A:A, Réttabanki!AV:AV, "")) * I31 / 100, ""), ""))) | P31: =IF(OR(F31 = "", G31 = "", I31 = ""), "", IF(F31 = "Vara", IFERROR(_xlfn.SINGLE(_xlfn.XLOOKUP(G31, Vöruskrá!A:A, Vöruskrá!J:J, "")) * I31 / 100, ""), IF(F31 = "Réttur", IFERROR(_xlfn.SINGLE(_xlfn.XLOOKUP(G31, Réttabanki!A:A, Réttabanki!AW:AW, "")) * I31 / 100, ""), ""))) | Q31: =IF(OR(F31 = "", G31 = "", I31 = ""), "", IF(F31 = "Vara", IFERROR(_xlfn.SINGLE(_xlfn.XLOOKUP(G31, Vöruskrá!A:A, Vöruskrá!N:N, "")) * I31 / 100, ""), IF(F31 = "Réttur", IFERROR(_xlfn.SINGLE(_xlfn.XLOOKUP(G31, Réttabanki!A:A, Réttabanki!BB:BB, "")) * I31 / 100, ""), "")))
B32: =IF(A32<>"",CHOOSE(WEEKDAY(A32,2),"Mánudagur","Þriðjudagur","Miðvikudagur","Fimmtudagur","Föstudagur","Laugardagur","Sunnudagur"),IF(B31<>"",B31,"")) -> Þriðjudagur | C32: =IF(A32<>"",WEEKNUM(A32,21),IF(C31<>"",C31,"")) -> 25 | D32: Bæði | E32: Meðlæti | H32: Nachos, gúrka, tómatur og ávöxtur | L32: =IF(OR(F32 = "", G32 = ""), "", IF(F32 = "Vara", IFERROR(_xlfn.SINGLE(_xlfn.XLOOKUP(G32, Vöruskrá!A:A, Vöruskrá!E:E, "")), ""), IF(F32 = "Réttur", IFERROR(_xlfn.SINGLE(_xlfn.XLOOKUP(G32, Réttabanki!A:A, Réttabanki!AS:AS, "")), ""), ""))) | M32: =IF(OR(F32 = "", G32 = ""), "", IF(F32 = "Vara", IFERROR(_xlfn.SINGLE(_xlfn.XLOOKUP(G32, Vöruskrá!A:A, Vöruskrá!F:F, "")), ""), IF(F32 = "Réttur", IFERROR(_xlfn.SINGLE(_xlfn.XLOOKUP(G32, Réttabanki!A:A, Réttabanki!AT:AT, "")), ""), ""))) | N32: =IF(OR(F32 = "", G32 = ""), "", IF(F32 = "Vara", IFERROR(_xlfn.SINGLE(_xlfn.XLOOKUP(G32, Vöruskrá!A:A, Vöruskrá!G:G, "")), ""), IF(F32 = "Réttur", IFERROR(_xlfn.SINGLE(_xlfn.XLOOKUP(G32, Réttabanki!A:A, Réttabanki!AU:AU, "")), ""), ""))) | O32: =IF(OR(F32 = "", G32 = "", I32 = ""), "", IF(F32 = "Vara", IFERROR(_xlfn.SINGLE(_xlfn.XLOOKUP(G32, Vöruskrá!A:A, Vöruskrá!I:I, "")) * I32 / 100, ""), IF(F32 = "Réttur", IFERROR(_xlfn.SINGLE(_xlfn.XLOOKUP(G32, Réttabanki!A:A, Réttabanki!AV:AV, "")) * I32 / 100, ""), ""))) | P32: =IF(OR(F32 = "", G32 = "", I32 = ""), "", IF(F32 = "Vara", IFERROR(_xlfn.SINGLE(_xlfn.XLOOKUP(G32, Vöruskrá!A:A, Vöruskrá!J:J, "")) * I32 / 100, ""), IF(F32 = "Réttur", IFERROR(_xlfn.SINGLE(_xlfn.XLOOKUP(G32, Réttabanki!A:A, Réttabanki!AW:AW, "")) * I32 / 100, ""), ""))) | Q32: =IF(OR(F32 = "", G32 = "", I32 = ""), "", IF(F32 = "Vara", IFERROR(_xlfn.SINGLE(_xlfn.XLOOKUP(G32, Vöruskrá!A:A, Vöruskrá!N:N, "")) * I32 / 100, ""), IF(F32 = "Réttur", IFERROR(_xlfn.SINGLE(_xlfn.XLOOKUP(G32, Réttabanki!A:A, Réttabanki!BB:BB, "")) * I32 / 100, ""), "")))
B33: =IF(A33<>"",CHOOSE(WEEKDAY(A33,2),"Mánudagur","Þriðjudagur","Miðvikudagur","Fimmtudagur","Föstudagur","Laugardagur","Sunnudagur"),IF(B32<>"",B32,"")) -> Þriðjudagur | C33: =IF(A33<>"",WEEKNUM(A33,21),IF(C32<>"",C32,"")) -> 25 | D33: Bæði | E33: Meðlæti | F33: Vara | G33: Nachos Tortilla Chips Salted (Santa Maria) – Paulig / Santa Maria | H33: Nachos | I33: 30 | J33: 40 | L33: =IF(OR(F33 = "", G33 = ""), "", IF(F33 = "Vara", IFERROR(_xlfn.SINGLE(_xlfn.XLOOKUP(G33, Vöruskrá!A:A, Vöruskrá!E:E, "")), ""), IF(F33 = "Réttur", IFERROR(_xlfn.SINGLE(_xlfn.XLOOKUP(G33, Réttabanki!A:A, Réttabanki!AS:AS, "")), ""), ""))) | M33: =IF(OR(F33 = "", G33 = ""), "", IF(F33 = "Vara", IFERROR(_xlfn.SINGLE(_xlfn.XLOOKUP(G33, Vöruskrá!A:A, Vöruskrá!F:F, "")), ""), IF(F33 = "Réttur", IFERROR(_xlfn.SINGLE(_xlfn.XLOOKUP(G33, Réttabanki!A:A, Réttabanki!AT:AT, "")), ""), ""))) | N33: =IF(OR(F33 = "", G33 = ""), "", IF(F33 = "Vara", IFERROR(_xlfn.SINGLE(_xlfn.XLOOKUP(G33, Vöruskrá!A:A, Vöruskrá!G:G, "")), ""), IF(F33 = "Réttur", IFERROR(_xlfn.SINGLE(_xlfn.XLOOKUP(G33, Réttabanki!A:A, Réttabanki!AU:AU, "")), ""), ""))) | O33: =IF(OR(F33 = "", G33 = "", I33 = ""), "", IF(F33 = "Vara", IFERROR(_xlfn.SINGLE(_xlfn.XLOOKUP(G33, Vöruskrá!A:A, Vöruskrá!I:I, "")) * I33 / 100, ""), IF(F33 = "Réttur", IFERROR(_xlfn.SINGLE(_xlfn.XLOOKUP(G33, Réttabanki!A:A, Réttabanki!AV:AV, "")) * I33 / 100, ""), ""))) | P33: =IF(OR(F33 = "", G33 = "", I33 = ""), "", IF(F33 = "Vara", IFERROR(_xlfn.SINGLE(_xlfn.XLOOKUP(G33, Vöruskrá!A:A, Vöruskrá!J:J, "")) * I33 / 100, ""), IF(F33 = "Réttur", IFERROR(_xlfn.SINGLE(_xlfn.XLOOKUP(G33, Réttabanki!A:A, Réttabanki!AW:AW, "")) * I33 / 100, ""), ""))) | Q33: =IF(OR(F33 = "", G33 = "", I33 = ""), "", IF(F33 = "Vara", IFERROR(_xlfn.SINGLE(_xlfn.XLOOKUP(G33, Vöruskrá!A:A, Vöruskrá!N:N, "")) * I33 / 100, ""), IF(F33 = "Réttur", IFERROR(_xlfn.SINGLE(_xlfn.XLOOKUP(G33, Réttabanki!A:A, Réttabanki!BB:BB, "")) * I33 / 100, ""), "")))
B34: =IF(A34<>"",CHOOSE(WEEKDAY(A34,2),"Mánudagur","Þriðjudagur","Miðvikudagur","Fimmtudagur","Föstudagur","Laugardagur","Sunnudagur"),IF(B33<>"",B33,"")) -> Þriðjudagur | C34: =IF(A34<>"",WEEKNUM(A34,21),IF(C33<>"",C33,"")) -> 25 | D34: Bæði | E34: Síðdegishressing | H34: Heilkornabrauð með lifrakæfu, tómat og ávöxt | L34: =IF(OR(F34 = "", G34 = ""), "", IF(F34 = "Vara", IFERROR(_xlfn.SINGLE(_xlfn.XLOOKUP(G34, Vöruskrá!A:A, Vöruskrá!E:E, "")), ""), IF(F34 = "Réttur", IFERROR(_xlfn.SINGLE(_xlfn.XLOOKUP(G34, Réttabanki!A:A, Réttabanki!AS:AS, "")), ""), ""))) | M34: =IF(OR(F34 = "", G34 = ""), "", IF(F34 = "Vara", IFERROR(_xlfn.SINGLE(_xlfn.XLOOKUP(G34, Vöruskrá!A:A, Vöruskrá!F:F, "")), ""), IF(F34 = "Réttur", IFERROR(_xlfn.SINGLE(_xlfn.XLOOKUP(G34, Réttabanki!A:A, Réttabanki!AT:AT, "")), ""), ""))) | N34: =IF(OR(F34 = "", G34 = ""), "", IF(F34 = "Vara", IFERROR(_xlfn.SINGLE(_xlfn.XLOOKUP(G34, Vöruskrá!A:A, Vöruskrá!G:G, "")), ""), IF(F34 = "Réttur", IFERROR(_xlfn.SINGLE(_xlfn.XLOOKUP(G34, Réttabanki!A:A, Réttabanki!AU:AU, "")), ""), ""))) | O34: =IF(OR(F34 = "", G34 = "", I34 = ""), "", IF(F34 = "Vara", IFERROR(_xlfn.SINGLE(_xlfn.XLOOKUP(G34, Vöruskrá!A:A, Vöruskrá!I:I, "")) * I34 / 100, ""), IF(F34 = "Réttur", IFERROR(_xlfn.SINGLE(_xlfn.XLOOKUP(G34, Réttabanki!A:A, Réttabanki!AV:AV, "")) * I34 / 100, ""), ""))) | P34: =IF(OR(F34 = "", G34 = "", I34 = ""), "", IF(F34 = "Vara", IFERROR(_xlfn.SINGLE(_xlfn.XLOOKUP(G34, Vöruskrá!A:A, Vöruskrá!J:J, "")) * I34 / 100, ""), IF(F34 = "Réttur", IFERROR(_xlfn.SINGLE(_xlfn.XLOOKUP(G34, Réttabanki!A:A, Réttabanki!AW:AW, "")) * I34 / 100, ""), ""))) | Q34: =IF(OR(F34 = "", G34 = "", I34 = ""), "", IF(F34 = "Vara", IFERROR(_xlfn.SINGLE(_xlfn.XLOOKUP(G34, Vöruskrá!A:A, Vöruskrá!N:N, "")) * I34 / 100, ""), IF(F34 = "Réttur", IFERROR(_xlfn.SINGLE(_xlfn.XLOOKUP(G34, Réttabanki!A:A, Réttabanki!BB:BB, "")) * I34 / 100, ""), "")))
B35: =IF(A35<>"",CHOOSE(WEEKDAY(A35,2),"Mánudagur","Þriðjudagur","Miðvikudagur","Fimmtudagur","Föstudagur","Laugardagur","Sunnudagur"),IF(B34<>"",B34,"")) -> Þriðjudagur | C35: =IF(A35<>"",WEEKNUM(A35,21),IF(C34<>"",C34,"")) -> 25 | D35: Bæði | E35: Síðdegishressing | F35: Vara | G35: Heilkornasamlokubrauð stórt – Myllan | H35: Heilkornabrauð | I35: 30 | J35: 40 | L35: =IF(OR(F35 = "", G35 = ""), "", IF(F35 = "Vara", IFERROR(_xlfn.SINGLE(_xlfn.XLOOKUP(G35, Vöruskrá!A:A, Vöruskrá!E:E, "")), ""), IF(F35 = "Réttur", IFERROR(_xlfn.SINGLE(_xlfn.XLOOKUP(G35, Réttabanki!A:A, Réttabanki!AS:AS, "")), ""), ""))) | M35: =IF(OR(F35 = "", G35 = ""), "", IF(F35 = "Vara", IFERROR(_xlfn.SINGLE(_xlfn.XLOOKUP(G35, Vöruskrá!A:A, Vöruskrá!F:F, "")), ""), IF(F35 = "Réttur", IFERROR(_xlfn.SINGLE(_xlfn.XLOOKUP(G35, Réttabanki!A:A, Réttabanki!AT:AT, "")), ""), ""))) | N35: =IF(OR(F35 = "", G35 = ""), "", IF(F35 = "Vara", IFERROR(_xlfn.SINGLE(_xlfn.XLOOKUP(G35, Vöruskrá!A:A, Vöruskrá!G:G, "")), ""), IF(F35 = "Réttur", IFERROR(_xlfn.SINGLE(_xlfn.XLOOKUP(G35, Réttabanki!A:A, Réttabanki!AU:AU, "")), ""), ""))) | O35: =IF(OR(F35 = "", G35 = "", I35 = ""), "", IF(F35 = "Vara", IFERROR(_xlfn.SINGLE(_xlfn.XLOOKUP(G35, Vöruskrá!A:A, Vöruskrá!I:I, "")) * I35 / 100, ""), IF(F35 = "Réttur", IFERROR(_xlfn.SINGLE(_xlfn.XLOOKUP(G35, Réttabanki!A:A, Réttabanki!AV:AV, "")) * I35 / 100, ""), ""))) | P35: =IF(OR(F35 = "", G35 = "", I35 = ""), "", IF(F35 = "Vara", IFERROR(_xlfn.SINGLE(_xlfn.XLOOKUP(G35, Vöruskrá!A:A, Vöruskrá!J:J, "")) * I35 / 100, ""), IF(F35 = "Réttur", IFERROR(_xlfn.SINGLE(_xlfn.XLOOKUP(G35, Réttabanki!A:A, Réttabanki!AW:AW, "")) * I35 / 100, ""), ""))) | Q35: =IF(OR(F35 = "", G35 = "", I35 = ""), "", IF(F35 = "Vara", IFERROR(_xlfn.SINGLE(_xlfn.XLOOKUP(G35, Vöruskrá!A:A, Vöruskrá!N:N, "")) * I35 / 100, ""), IF(F35 = "Réttur", IFERROR(_xlfn.SINGLE(_xlfn.XLOOKUP(G35, Réttabanki!A:A, Réttabanki!BB:BB, "")) * I35 / 100, ""), "")))
B36: =IF(A36<>"",CHOOSE(WEEKDAY(A36,2),"Mánudagur","Þriðjudagur","Miðvikudagur","Fimmtudagur","Föstudagur","Laugardagur","Sunnudagur"),IF(B35<>"",B35,"")) -> Þriðjudagur | C36: =IF(A36<>"",WEEKNUM(A36,21),IF(C35<>"",C35,"")) -> 25 | D36: Bæði | E36: Síðdegishressing | F36: Vara | G36: Dönsk lifrarkæfa – Kjarnafæði Norðlenska hf. | H36: Lifrakæfa | I36: 20 | J36: 30 | L36: =IF(OR(F36 = "", G36 = ""), "", IF(F36 = "Vara", IFERROR(_xlfn.SINGLE(_xlfn.XLOOKUP(G36, Vöruskrá!A:A, Vöruskrá!E:E, "")), ""), IF(F36 = "Réttur", IFERROR(_xlfn.SINGLE(_xlfn.XLOOKUP(G36, Réttabanki!A:A, Réttabanki!AS:AS, "")), ""), ""))) | M36: =IF(OR(F36 = "", G36 = ""), "", IF(F36 = "Vara", IFERROR(_xlfn.SINGLE(_xlfn.XLOOKUP(G36, Vöruskrá!A:A, Vöruskrá!F:F, "")), ""), IF(F36 = "Réttur", IFERROR(_xlfn.SINGLE(_xlfn.XLOOKUP(G36, Réttabanki!A:A, Réttabanki!AT:AT, "")), ""), ""))) | N36: =IF(OR(F36 = "", G36 = ""), "", IF(F36 = "Vara", IFERROR(_xlfn.SINGLE(_xlfn.XLOOKUP(G36, Vöruskrá!A:A, Vöruskrá!G:G, "")), ""), IF(F36 = "Réttur", IFERROR(_xlfn.SINGLE(_xlfn.XLOOKUP(G36, Réttabanki!A:A, Réttabanki!AU:AU, "")), ""), ""))) | O36: =IF(OR(F36 = "", G36 = "", I36 = ""), "", IF(F36 = "Vara", IFERROR(_xlfn.SINGLE(_xlfn.XLOOKUP(G36, Vöruskrá!A:A, Vöruskrá!I:I, "")) * I36 / 100, ""), IF(F36 = "Réttur", IFERROR(_xlfn.SINGLE(_xlfn.XLOOKUP(G36, Réttabanki!A:A, Réttabanki!AV:AV, "")) * I36 / 100, ""), ""))) | P36: =IF(OR(F36 = "", G36 = "", I36 = ""), "", IF(F36 = "Vara", IFERROR(_xlfn.SINGLE(_xlfn.XLOOKUP(G36, Vöruskrá!A:A, Vöruskrá!J:J, "")) * I36 / 100, ""), IF(F36 = "Réttur", IFERROR(_xlfn.SINGLE(_xlfn.XLOOKUP(G36, Réttabanki!A:A, Réttabanki!AW:AW, "")) * I36 / 100, ""), ""))) | Q36: =IF(OR(F36 = "", G36 = "", I36 = ""), "", IF(F36 = "Vara", IFERROR(_xlfn.SINGLE(_xlfn.XLOOKUP(G36, Vöruskrá!A:A, Vöruskrá!N:N, "")) * I36 / 100, ""), IF(F36 = "Réttur", IFERROR(_xlfn.SINGLE(_xlfn.XLOOKUP(G36, Réttabanki!A:A, Réttabanki!BB:BB, "")) * I36 / 100, ""), "")))
A37: 46190 | B37: =IF(A37<>"",CHOOSE(WEEKDAY(A37,2),"Mánudagur","Þriðjudagur","Miðvikudagur","Fimmtudagur","Föstudagur","Laugardagur","Sunnudagur"),IF(#REF!<>"",#REF!,"")) -> Miðvikudagur | C37: =IF(A37<>"",WEEKNUM(A37,21),IF(#REF!<>"",#REF!,"")) -> 25 | D37: Bæði | E37: Aðalréttur | H37: Soðin ýsa, kartöflur og brætt smjör | L37: =IF(OR(F37 = "", G37 = ""), "", IF(F37 = "Vara", IFERROR(_xlfn.SINGLE(_xlfn.XLOOKUP(G37, Vöruskrá!A:A, Vöruskrá!E:E, "")), ""), IF(F37 = "Réttur", IFERROR(_xlfn.SINGLE(_xlfn.XLOOKUP(G37, Réttabanki!A:A, Réttabanki!AS:AS, "")), ""), ""))) | M37: =IF(OR(F37 = "", G37 = ""), "", IF(F37 = "Vara", IFERROR(_xlfn.SINGLE(_xlfn.XLOOKUP(G37, Vöruskrá!A:A, Vöruskrá!F:F, "")), ""), IF(F37 = "Réttur", IFERROR(_xlfn.SINGLE(_xlfn.XLOOKUP(G37, Réttabanki!A:A, Réttabanki!AT:AT, "")), ""), ""))) | N37: =IF(OR(F37 = "", G37 = ""), "", IF(F37 = "Vara", IFERROR(_xlfn.SINGLE(_xlfn.XLOOKUP(G37, Vöruskrá!A:A, Vöruskrá!G:G, "")), ""), IF(F37 = "Réttur", IFERROR(_xlfn.SINGLE(_xlfn.XLOOKUP(G37, Réttabanki!A:A, Réttabanki!AU:AU, "")), ""), ""))) | O37: =IF(OR(F37 = "", G37 = "", I37 = ""), "", IF(F37 = "Vara", IFERROR(_xlfn.SINGLE(_xlfn.XLOOKUP(G37, Vöruskrá!A:A, Vöruskrá!I:I, "")) * I37 / 100, ""), IF(F37 = "Réttur", IFERROR(_xlfn.SINGLE(_xlfn.XLOOKUP(G37, Réttabanki!A:A, Réttabanki!AV:AV, "")) * I37 / 100, ""), ""))) | P37: =IF(OR(F37 = "", G37 = "", I37 = ""), "", IF(F37 = "Vara", IFERROR(_xlfn.SINGLE(_xlfn.XLOOKUP(G37, Vöruskrá!A:A, Vöruskrá!J:J, "")) * I37 / 100, ""), IF(F37 = "Réttur", IFERROR(_xlfn.SINGLE(_xlfn.XLOOKUP(G37, Réttabanki!A:A, Réttabanki!AW:AW, "")) * I37 / 100, ""), ""))) | Q37: =IF(OR(F37 = "", G37 = "", I37 = ""), "", IF(F37 = "Vara", IFERROR(_xlfn.SINGLE(_xlfn.XLOOKUP(G37, Vöruskrá!A:A, Vöruskrá!N:N, "")) * I37 / 100, ""), IF(F37 = "Réttur", IFERROR(_xlfn.SINGLE(_xlfn.XLOOKUP(G37, Réttabanki!A:A, Réttabanki!BB:BB, "")) * I37 / 100, ""), "")))
B38: =IF(A38<>"",CHOOSE(WEEKDAY(A38,2),"Mánudagur","Þriðjudagur","Miðvikudagur","Fimmtudagur","Föstudagur","Laugardagur","Sunnudagur"),IF(B37<>"",B37,"")) -> Miðvikudagur | C38: =IF(A38<>"",WEEKNUM(A38,21),IF(C37<>"",C37,"")) -> 25 | D38: Bæði | E38: Aðalréttur | F38: Vara | G38: Ýsa | H38: Ýsa | I38: 100 | J38: 130 | L38: =IF(OR(F38 = "", G38 = ""), "", IF(F38 = "Vara", IFERROR(_xlfn.SINGLE(_xlfn.XLOOKUP(G38, Vöruskrá!A:A, Vöruskrá!E:E, "")), ""), IF(F38 = "Réttur", IFERROR(_xlfn.SINGLE(_xlfn.XLOOKUP(G38, Réttabanki!A:A, Réttabanki!AS:AS, "")), ""), ""))) -> Ýsa | M38: =IF(OR(F38 = "", G38 = ""), "", IF(F38 = "Vara", IFERROR(_xlfn.SINGLE(_xlfn.XLOOKUP(G38, Vöruskrá!A:A, Vöruskrá!F:F, "")), ""), IF(F38 = "Réttur", IFERROR(_xlfn.SINGLE(_xlfn.XLOOKUP(G38, Réttabanki!A:A, Réttabanki!AT:AT, "")), ""), ""))) -> Fiskur | N38: =IF(OR(F38 = "", G38 = ""), "", IF(F38 = "Vara", IFERROR(_xlfn.SINGLE(_xlfn.XLOOKUP(G38, Vöruskrá!A:A, Vöruskrá!G:G, "")), ""), IF(F38 = "Réttur", IFERROR(_xlfn.SINGLE(_xlfn.XLOOKUP(G38, Réttabanki!A:A, Réttabanki!AU:AU, "")), ""), ""))) -> 0 | O38: =IF(OR(F38 = "", G38 = "", I38 = ""), "", IF(F38 = "Vara", IFERROR(_xlfn.SINGLE(_xlfn.XLOOKUP(G38, Vöruskrá!A:A, Vöruskrá!I:I, "")) * I38 / 100, ""), IF(F38 = "Réttur", IFERROR(_xlfn.SINGLE(_xlfn.XLOOKUP(G38, Réttabanki!A:A, Réttabanki!AV:AV, "")) * I38 / 100, ""), ""))) -> 100 | P38: =IF(OR(F38 = "", G38 = "", I38 = ""), "", IF(F38 = "Vara", IFERROR(_xlfn.SINGLE(_xlfn.XLOOKUP(G38, Vöruskrá!A:A, Vöruskrá!J:J, "")) * I38 / 100, ""), IF(F38 = "Réttur", IFERROR(_xlfn.SINGLE(_xlfn.XLOOKUP(G38, Réttabanki!A:A, Réttabanki!AW:AW, "")) * I38 / 100, ""), ""))) -> 0.7 | Q38: =IF(OR(F38 = "", G38 = "", I38 = ""), "", IF(F38 = "Vara", IFERROR(_xlfn.SINGLE(_xlfn.XLOOKUP(G38, Vöruskrá!A:A, Vöruskrá!N:N, "")) * I38 / 100, ""), IF(F38 = "Réttur", IFERROR(_xlfn.SINGLE(_xlfn.XLOOKUP(G38, Réttabanki!A:A, Réttabanki!BB:BB, "")) * I38 / 100, ""), ""))) -> 23
B39: =IF(A39<>"",CHOOSE(WEEKDAY(A39,2),"Mánudagur","Þriðjudagur","Miðvikudagur","Fimmtudagur","Föstudagur","Laugardagur","Sunnudagur"),IF(B38<>"",B38,"")) -> Miðvikudagur | C39: =IF(A39<>"",WEEKNUM(A39,21),IF(C38<>"",C38,"")) -> 25 | D39: Bæði | E39: Aðalréttur | F39: Vara | G39: Forsoðnar kartöflur – Þykkvabæjar | H39: Kartöflur | I39: 100 | J39: 130 | L39: =IF(OR(F39 = "", G39 = ""), "", IF(F39 = "Vara", IFERROR(_xlfn.SINGLE(_xlfn.XLOOKUP(G39, Vöruskrá!A:A, Vöruskrá!E:E, "")), ""), IF(F39 = "Réttur", IFERROR(_xlfn.SINGLE(_xlfn.XLOOKUP(G39, Réttabanki!A:A, Réttabanki!AS:AS, "")), ""), ""))) | M39: =IF(OR(F39 = "", G39 = ""), "", IF(F39 = "Vara", IFERROR(_xlfn.SINGLE(_xlfn.XLOOKUP(G39, Vöruskrá!A:A, Vöruskrá!F:F, "")), ""), IF(F39 = "Réttur", IFERROR(_xlfn.SINGLE(_xlfn.XLOOKUP(G39, Réttabanki!A:A, Réttabanki!AT:AT, "")), ""), ""))) | N39: =IF(OR(F39 = "", G39 = ""), "", IF(F39 = "Vara", IFERROR(_xlfn.SINGLE(_xlfn.XLOOKUP(G39, Vöruskrá!A:A, Vöruskrá!G:G, "")), ""), IF(F39 = "Réttur", IFERROR(_xlfn.SINGLE(_xlfn.XLOOKUP(G39, Réttabanki!A:A, Réttabanki!AU:AU, "")), ""), ""))) | O39: =IF(OR(F39 = "", G39 = "", I39 = ""), "", IF(F39 = "Vara", IFERROR(_xlfn.SINGLE(_xlfn.XLOOKUP(G39, Vöruskrá!A:A, Vöruskrá!I:I, "")) * I39 / 100, ""), IF(F39 = "Réttur", IFERROR(_xlfn.SINGLE(_xlfn.XLOOKUP(G39, Réttabanki!A:A, Réttabanki!AV:AV, "")) * I39 / 100, ""), ""))) | P39: =IF(OR(F39 = "", G39 = "", I39 = ""), "", IF(F39 = "Vara", IFERROR(_xlfn.SINGLE(_xlfn.XLOOKUP(G39, Vöruskrá!A:A, Vöruskrá!J:J, "")) * I39 / 100, ""), IF(F39 = "Réttur", IFERROR(_xlfn.SINGLE(_xlfn.XLOOKUP(G39, Réttabanki!A:A, Réttabanki!AW:AW, "")) * I39 / 100, ""), ""))) | Q39: =IF(OR(F39 = "", G39 = "", I39 = ""), "", IF(F39 = "Vara", IFERROR(_xlfn.SINGLE(_xlfn.XLOOKUP(G39, Vöruskrá!A:A, Vöruskrá!N:N, "")) * I39 / 100, ""), IF(F39 = "Réttur", IFERROR(_xlfn.SINGLE(_xlfn.XLOOKUP(G39, Réttabanki!A:A, Réttabanki!BB:BB, "")) * I39 / 100, ""), "")))
B40: =IF(A40<>"",CHOOSE(WEEKDAY(A40,2),"Mánudagur","Þriðjudagur","Miðvikudagur","Fimmtudagur","Föstudagur","Laugardagur","Sunnudagur"),IF(B39<>"",B39,"")) -> Miðvikudagur | C40: =IF(A40<>"",WEEKNUM(A40,21),IF(C39<>"",C39,"")) -> 25 | D40: Bæði | E40: Aðalréttur | F40: Vara | G40: Smjör 500 g – MS (Mjólkursamsalan Íslands) | H40: Smjör | I40: 10 | J40: 15 | L40: =IF(OR(F40 = "", G40 = ""), "", IF(F40 = "Vara", IFERROR(_xlfn.SINGLE(_xlfn.XLOOKUP(G40, Vöruskrá!A:A, Vöruskrá!E:E, "")), ""), IF(F40 = "Réttur", IFERROR(_xlfn.SINGLE(_xlfn.XLOOKUP(G40, Réttabanki!A:A, Réttabanki!AS:AS, "")), ""), ""))) | M40: =IF(OR(F40 = "", G40 = ""), "", IF(F40 = "Vara", IFERROR(_xlfn.SINGLE(_xlfn.XLOOKUP(G40, Vöruskrá!A:A, Vöruskrá!F:F, "")), ""), IF(F40 = "Réttur", IFERROR(_xlfn.SINGLE(_xlfn.XLOOKUP(G40, Réttabanki!A:A, Réttabanki!AT:AT, "")), ""), ""))) | N40: =IF(OR(F40 = "", G40 = ""), "", IF(F40 = "Vara", IFERROR(_xlfn.SINGLE(_xlfn.XLOOKUP(G40, Vöruskrá!A:A, Vöruskrá!G:G, "")), ""), IF(F40 = "Réttur", IFERROR(_xlfn.SINGLE(_xlfn.XLOOKUP(G40, Réttabanki!A:A, Réttabanki!AU:AU, "")), ""), ""))) | O40: =IF(OR(F40 = "", G40 = "", I40 = ""), "", IF(F40 = "Vara", IFERROR(_xlfn.SINGLE(_xlfn.XLOOKUP(G40, Vöruskrá!A:A, Vöruskrá!I:I, "")) * I40 / 100, ""), IF(F40 = "Réttur", IFERROR(_xlfn.SINGLE(_xlfn.XLOOKUP(G40, Réttabanki!A:A, Réttabanki!AV:AV, "")) * I40 / 100, ""), ""))) | P40: =IF(OR(F40 = "", G40 = "", I40 = ""), "", IF(F40 = "Vara", IFERROR(_xlfn.SINGLE(_xlfn.XLOOKUP(G40, Vöruskrá!A:A, Vöruskrá!J:J, "")) * I40 / 100, ""), IF(F40 = "Réttur", IFERROR(_xlfn.SINGLE(_xlfn.XLOOKUP(G40, Réttabanki!A:A, Réttabanki!AW:AW, "")) * I40 / 100, ""), ""))) | Q40: =IF(OR(F40 = "", G40 = "", I40 = ""), "", IF(F40 = "Vara", IFERROR(_xlfn.SINGLE(_xlfn.XLOOKUP(G40, Vöruskrá!A:A, Vöruskrá!N:N, "")) * I40 / 100, ""), IF(F40 = "Réttur", IFERROR(_xlfn.SINGLE(_xlfn.XLOOKUP(G40, Réttabanki!A:A, Réttabanki!BB:BB, "")) * I40 / 100, ""), "")))
B41: =IF(A41<>"",CHOOSE(WEEKDAY(A41,2),"Mánudagur","Þriðjudagur","Miðvikudagur","Fimmtudagur","Föstudagur","Laugardagur","Sunnudagur"),IF(B40<>"",B40,"")) -> Miðvikudagur | C41: =IF(A41<>"",WEEKNUM(A41,21),IF(C40<>"",C40,"")) -> 25 | D41: Bæði | E41: Hliðarréttur | H41: Grænmetisnaggar með kartöflum og kokteilsósu | L41: =IF(OR(F41 = "", G41 = ""), "", IF(F41 = "Vara", IFERROR(_xlfn.SINGLE(_xlfn.XLOOKUP(G41, Vöruskrá!A:A, Vöruskrá!E:E, "")), ""), IF(F41 = "Réttur", IFERROR(_xlfn.SINGLE(_xlfn.XLOOKUP(G41, Réttabanki!A:A, Réttabanki!AS:AS, "")), ""), ""))) | M41: =IF(OR(F41 = "", G41 = ""), "", IF(F41 = "Vara", IFERROR(_xlfn.SINGLE(_xlfn.XLOOKUP(G41, Vöruskrá!A:A, Vöruskrá!F:F, "")), ""), IF(F41 = "Réttur", IFERROR(_xlfn.SINGLE(_xlfn.XLOOKUP(G41, Réttabanki!A:A, Réttabanki!AT:AT, "")), ""), ""))) | N41: =IF(OR(F41 = "", G41 = ""), "", IF(F41 = "Vara", IFERROR(_xlfn.SINGLE(_xlfn.XLOOKUP(G41, Vöruskrá!A:A, Vöruskrá!G:G, "")), ""), IF(F41 = "Réttur", IFERROR(_xlfn.SINGLE(_xlfn.XLOOKUP(G41, Réttabanki!A:A, Réttabanki!AU:AU, "")), ""), ""))) | O41: =IF(OR(F41 = "", G41 = "", I41 = ""), "", IF(F41 = "Vara", IFERROR(_xlfn.SINGLE(_xlfn.XLOOKUP(G41, Vöruskrá!A:A, Vöruskrá!I:I, "")) * I41 / 100, ""), IF(F41 = "Réttur", IFERROR(_xlfn.SINGLE(_xlfn.XLOOKUP(G41, Réttabanki!A:A, Réttabanki!AV:AV, "")) * I41 / 100, ""), ""))) | P41: =IF(OR(F41 = "", G41 = "", I41 = ""), "", IF(F41 = "Vara", IFERROR(_xlfn.SINGLE(_xlfn.XLOOKUP(G41, Vöruskrá!A:A, Vöruskrá!J:J, "")) * I41 / 100, ""), IF(F41 = "Réttur", IFERROR(_xlfn.SINGLE(_xlfn.XLOOKUP(G41, Réttabanki!A:A, Réttabanki!AW:AW, "")) * I41 / 100, ""), ""))) | Q41: =IF(OR(F41 = "", G41 = "", I41 = ""), "", IF(F41 = "Vara", IFERROR(_xlfn.SINGLE(_xlfn.XLOOKUP(G41, Vöruskrá!A:A, Vöruskrá!N:N, "")) * I41 / 100, ""), IF(F41 = "Réttur", IFERROR(_xlfn.SINGLE(_xlfn.XLOOKUP(G41, Réttabanki!A:A, Réttabanki!BB:BB, "")) * I41 / 100, ""), "")))
B42: =IF(A42<>"",CHOOSE(WEEKDAY(A42,2),"Mánudagur","Þriðjudagur","Miðvikudagur","Fimmtudagur","Föstudagur","Laugardagur","Sunnudagur"),IF(B41<>"",B41,"")) -> Miðvikudagur | C42: =IF(A42<>"",WEEKNUM(A42,21),IF(C41<>"",C41,"")) -> 25 | D42: Bæði | E42: Hliðarréttur | F42: Vara | G42: Anamma Vegan Nuggets Pea – Anamma / Orkla Foods Sweden | H42: Naggar | I42: 130 | J42: 160 | L42: =IF(OR(F42 = "", G42 = ""), "", IF(F42 = "Vara", IFERROR(_xlfn.SINGLE(_xlfn.XLOOKUP(G42, Vöruskrá!A:A, Vöruskrá!E:E, "")), ""), IF(F42 = "Réttur", IFERROR(_xlfn.SINGLE(_xlfn.XLOOKUP(G42, Réttabanki!A:A, Réttabanki!AS:AS, "")), ""), ""))) | M42: =IF(OR(F42 = "", G42 = ""), "", IF(F42 = "Vara", IFERROR(_xlfn.SINGLE(_xlfn.XLOOKUP(G42, Vöruskrá!A:A, Vöruskrá!F:F, "")), ""), IF(F42 = "Réttur", IFERROR(_xlfn.SINGLE(_xlfn.XLOOKUP(G42, Réttabanki!A:A, Réttabanki!AT:AT, "")), ""), ""))) | N42: =IF(OR(F42 = "", G42 = ""), "", IF(F42 = "Vara", IFERROR(_xlfn.SINGLE(_xlfn.XLOOKUP(G42, Vöruskrá!A:A, Vöruskrá!G:G, "")), ""), IF(F42 = "Réttur", IFERROR(_xlfn.SINGLE(_xlfn.XLOOKUP(G42, Réttabanki!A:A, Réttabanki!AU:AU, "")), ""), ""))) | O42: =IF(OR(F42 = "", G42 = "", I42 = ""), "", IF(F42 = "Vara", IFERROR(_xlfn.SINGLE(_xlfn.XLOOKUP(G42, Vöruskrá!A:A, Vöruskrá!I:I, "")) * I42 / 100, ""), IF(F42 = "Réttur", IFERROR(_xlfn.SINGLE(_xlfn.XLOOKUP(G42, Réttabanki!A:A, Réttabanki!AV:AV, "")) * I42 / 100, ""), ""))) | P42: =IF(OR(F42 = "", G42 = "", I42 = ""), "", IF(F42 = "Vara", IFERROR(_xlfn.SINGLE(_xlfn.XLOOKUP(G42, Vöruskrá!A:A, Vöruskrá!J:J, "")) * I42 / 100, ""), IF(F42 = "Réttur", IFERROR(_xlfn.SINGLE(_xlfn.XLOOKUP(G42, Réttabanki!A:A, Réttabanki!AW:AW, "")) * I42 / 100, ""), ""))) | Q42: =IF(OR(F42 = "", G42 = "", I42 = ""), "", IF(F42 = "Vara", IFERROR(_xlfn.SINGLE(_xlfn.XLOOKUP(G42, Vöruskrá!A:A, Vöruskrá!N:N, "")) * I42 / 100, ""), IF(F42 = "Réttur", IFERROR(_xlfn.SINGLE(_xlfn.XLOOKUP(G42, Réttabanki!A:A, Réttabanki!BB:BB, "")) * I42 / 100, ""), "")))
B43: =IF(A43<>"",CHOOSE(WEEKDAY(A43,2),"Mánudagur","Þriðjudagur","Miðvikudagur","Fimmtudagur","Föstudagur","Laugardagur","Sunnudagur"),IF(B42<>"",B42,"")) -> Miðvikudagur | C43: =IF(A43<>"",WEEKNUM(A43,21),IF(C42<>"",C42,"")) -> 25 | D43: Bæði | E43: Hliðarréttur | F43: Vara | G43: Kokteilsósa | H43: Kokteilsósa | I43: 30 | J43: 40 | L43: =IF(OR(F43 = "", G43 = ""), "", IF(F43 = "Vara", IFERROR(_xlfn.SINGLE(_xlfn.XLOOKUP(G43, Vöruskrá!A:A, Vöruskrá!E:E, "")), ""), IF(F43 = "Réttur", IFERROR(_xlfn.SINGLE(_xlfn.XLOOKUP(G43, Réttabanki!A:A, Réttabanki!AS:AS, "")), ""), ""))) -> Vegan majones 60% (repjuolía, vatn, sætt **SINNEP**, sykur, **sinnep**sduft, umbreytt sterkja, bindiefni, rotvarnarefni), tómatsósa 40% (vatn, tómatpúrra 28%, sykur, síróp, rotvarnarefni, bragðefni, litarefni, salt, sýra, bindiefni, umbreytt sterkja, hvítur pipar). | M43: =IF(OR(F43 = "", G43 = ""), "", IF(F43 = "Vara", IFERROR(_xlfn.SINGLE(_xlfn.XLOOKUP(G43, Vöruskrá!A:A, Vöruskrá!F:F, "")), ""), IF(F43 = "Réttur", IFERROR(_xlfn.SINGLE(_xlfn.XLOOKUP(G43, Réttabanki!A:A, Réttabanki!AT:AT, "")), ""), ""))) -> Sinnep | N43: =IF(OR(F43 = "", G43 = ""), "", IF(F43 = "Vara", IFERROR(_xlfn.SINGLE(_xlfn.XLOOKUP(G43, Vöruskrá!A:A, Vöruskrá!G:G, "")), ""), IF(F43 = "Réttur", IFERROR(_xlfn.SINGLE(_xlfn.XLOOKUP(G43, Réttabanki!A:A, Réttabanki!AU:AU, "")), ""), ""))) -> 0 | O43: =IF(OR(F43 = "", G43 = "", I43 = ""), "", IF(F43 = "Vara", IFERROR(_xlfn.SINGLE(_xlfn.XLOOKUP(G43, Vöruskrá!A:A, Vöruskrá!I:I, "")) * I43 / 100, ""), IF(F43 = "Réttur", IFERROR(_xlfn.SINGLE(_xlfn.XLOOKUP(G43, Réttabanki!A:A, Réttabanki!AV:AV, "")) * I43 / 100, ""), ""))) -> 83.1 | P43: =IF(OR(F43 = "", G43 = "", I43 = ""), "", IF(F43 = "Vara", IFERROR(_xlfn.SINGLE(_xlfn.XLOOKUP(G43, Vöruskrá!A:A, Vöruskrá!J:J, "")) * I43 / 100, ""), IF(F43 = "Réttur", IFERROR(_xlfn.SINGLE(_xlfn.XLOOKUP(G43, Réttabanki!A:A, Réttabanki!AW:AW, "")) * I43 / 100, ""), ""))) -> 4.23 | Q43: =IF(OR(F43 = "", G43 = "", I43 = ""), "", IF(F43 = "Vara", IFERROR(_xlfn.SINGLE(_xlfn.XLOOKUP(G43, Vöruskrá!A:A, Vöruskrá!N:N, "")) * I43 / 100, ""), IF(F43 = "Réttur", IFERROR(_xlfn.SINGLE(_xlfn.XLOOKUP(G43, Réttabanki!A:A, Réttabanki!BB:BB, "")) * I43 / 100, ""), ""))) -> 0.27
B44: =IF(A44<>"",CHOOSE(WEEKDAY(A44,2),"Mánudagur","Þriðjudagur","Miðvikudagur","Fimmtudagur","Föstudagur","Laugardagur","Sunnudagur"),IF(B43<>"",B43,"")) -> Miðvikudagur | C44: =IF(A44<>"",WEEKNUM(A44,21),IF(C43<>"",C43,"")) -> 25 | D44: Bæði | E44: Meðlæti | H44: Rúgbrauð, pastasalat og grænmeti | L44: =IF(OR(F44 = "", G44 = ""), "", IF(F44 = "Vara", IFERROR(_xlfn.SINGLE(_xlfn.XLOOKUP(G44, Vöruskrá!A:A, Vöruskrá!E:E, "")), ""), IF(F44 = "Réttur", IFERROR(_xlfn.SINGLE(_xlfn.XLOOKUP(G44, Réttabanki!A:A, Réttabanki!AS:AS, "")), ""), ""))) | M44: =IF(OR(F44 = "", G44 = ""), "", IF(F44 = "Vara", IFERROR(_xlfn.SINGLE(_xlfn.XLOOKUP(G44, Vöruskrá!A:A, Vöruskrá!F:F, "")), ""), IF(F44 = "Réttur", IFERROR(_xlfn.SINGLE(_xlfn.XLOOKUP(G44, Réttabanki!A:A, Réttabanki!AT:AT, "")), ""), ""))) | N44: =IF(OR(F44 = "", G44 = ""), "", IF(F44 = "Vara", IFERROR(_xlfn.SINGLE(_xlfn.XLOOKUP(G44, Vöruskrá!A:A, Vöruskrá!G:G, "")), ""), IF(F44 = "Réttur", IFERROR(_xlfn.SINGLE(_xlfn.XLOOKUP(G44, Réttabanki!A:A, Réttabanki!AU:AU, "")), ""), ""))) | O44: =IF(OR(F44 = "", G44 = "", I44 = ""), "", IF(F44 = "Vara", IFERROR(_xlfn.SINGLE(_xlfn.XLOOKUP(G44, Vöruskrá!A:A, Vöruskrá!I:I, "")) * I44 / 100, ""), IF(F44 = "Réttur", IFERROR(_xlfn.SINGLE(_xlfn.XLOOKUP(G44, Réttabanki!A:A, Réttabanki!AV:AV, "")) * I44 / 100, ""), ""))) | P44: =IF(OR(F44 = "", G44 = "", I44 = ""), "", IF(F44 = "Vara", IFERROR(_xlfn.SINGLE(_xlfn.XLOOKUP(G44, Vöruskrá!A:A, Vöruskrá!J:J, "")) * I44 / 100, ""), IF(F44 = "Réttur", IFERROR(_xlfn.SINGLE(_xlfn.XLOOKUP(G44, Réttabanki!A:A, Réttabanki!AW:AW, "")) * I44 / 100, ""), ""))) | Q44: =IF(OR(F44 = "", G44 = "", I44 = ""), "", IF(F44 = "Vara", IFERROR(_xlfn.SINGLE(_xlfn.XLOOKUP(G44, Vöruskrá!A:A, Vöruskrá!N:N, "")) * I44 / 100, ""), IF(F44 = "Réttur", IFERROR(_xlfn.SINGLE(_xlfn.XLOOKUP(G44, Réttabanki!A:A, Réttabanki!BB:BB, "")) * I44 / 100, ""), "")))
B45: =IF(A45<>"",CHOOSE(WEEKDAY(A45,2),"Mánudagur","Þriðjudagur","Miðvikudagur","Fimmtudagur","Föstudagur","Laugardagur","Sunnudagur"),IF(B44<>"",B44,"")) -> Miðvikudagur | C45: =IF(A45<>"",WEEKNUM(A45,21),IF(C44<>"",C44,"")) -> 25 | D45: Bæði | E45: Meðlæti | F45: Vara | G45: Ömmu rúgbrauð (mjólkurlaust) – Gæðabakstur / Ömmubakstur ehf. | H45: Rúgbrauð | I45: 30 | J45: 40 | L45: =IF(OR(F45 = "", G45 = ""), "", IF(F45 = "Vara", IFERROR(_xlfn.SINGLE(_xlfn.XLOOKUP(G45, Vöruskrá!A:A, Vöruskrá!E:E, "")), ""), IF(F45 = "Réttur", IFERROR(_xlfn.SINGLE(_xlfn.XLOOKUP(G45, Réttabanki!A:A, Réttabanki!AS:AS, "")), ""), ""))) | M45: =IF(OR(F45 = "", G45 = ""), "", IF(F45 = "Vara", IFERROR(_xlfn.SINGLE(_xlfn.XLOOKUP(G45, Vöruskrá!A:A, Vöruskrá!F:F, "")), ""), IF(F45 = "Réttur", IFERROR(_xlfn.SINGLE(_xlfn.XLOOKUP(G45, Réttabanki!A:A, Réttabanki!AT:AT, "")), ""), ""))) | N45: =IF(OR(F45 = "", G45 = ""), "", IF(F45 = "Vara", IFERROR(_xlfn.SINGLE(_xlfn.XLOOKUP(G45, Vöruskrá!A:A, Vöruskrá!G:G, "")), ""), IF(F45 = "Réttur", IFERROR(_xlfn.SINGLE(_xlfn.XLOOKUP(G45, Réttabanki!A:A, Réttabanki!AU:AU, "")), ""), ""))) | O45: =IF(OR(F45 = "", G45 = "", I45 = ""), "", IF(F45 = "Vara", IFERROR(_xlfn.SINGLE(_xlfn.XLOOKUP(G45, Vöruskrá!A:A, Vöruskrá!I:I, "")) * I45 / 100, ""), IF(F45 = "Réttur", IFERROR(_xlfn.SINGLE(_xlfn.XLOOKUP(G45, Réttabanki!A:A, Réttabanki!AV:AV, "")) * I45 / 100, ""), ""))) | P45: =IF(OR(F45 = "", G45 = "", I45 = ""), "", IF(F45 = "Vara", IFERROR(_xlfn.SINGLE(_xlfn.XLOOKUP(G45, Vöruskrá!A:A, Vöruskrá!J:J, "")) * I45 / 100, ""), IF(F45 = "Réttur", IFERROR(_xlfn.SINGLE(_xlfn.XLOOKUP(G45, Réttabanki!A:A, Réttabanki!AW:AW, "")) * I45 / 100, ""), ""))) | Q45: =IF(OR(F45 = "", G45 = "", I45 = ""), "", IF(F45 = "Vara", IFERROR(_xlfn.SINGLE(_xlfn.XLOOKUP(G45, Vöruskrá!A:A, Vöruskrá!N:N, "")) * I45 / 100, ""), IF(F45 = "Réttur", IFERROR(_xlfn.SINGLE(_xlfn.XLOOKUP(G45, Réttabanki!A:A, Réttabanki!BB:BB, "")) * I45 / 100, ""), "")))
B46: =IF(A46<>"",CHOOSE(WEEKDAY(A46,2),"Mánudagur","Þriðjudagur","Miðvikudagur","Fimmtudagur","Föstudagur","Laugardagur","Sunnudagur"),IF(B45<>"",B45,"")) -> Miðvikudagur | C46: =IF(A46<>"",WEEKNUM(A46,21),IF(C45<>"",C45,"")) -> 25 | D46: Bæði | E46: Meðlæti | F46: Vara | G46: Pastasalat - Grænmetissósa | H46: Pastasalat | I46: 50 | J46: 60 | L46: =IF(OR(F46 = "", G46 = ""), "", IF(F46 = "Vara", IFERROR(_xlfn.SINGLE(_xlfn.XLOOKUP(G46, Vöruskrá!A:A, Vöruskrá!E:E, "")), ""), IF(F46 = "Réttur", IFERROR(_xlfn.SINGLE(_xlfn.XLOOKUP(G46, Réttabanki!A:A, Réttabanki!AS:AS, "")), ""), ""))) -> Pastaskrúfur (**DURUM HVEITI** semolina, vatn), grænmetissósa (repjuolía, gulrætur (16%), brokkólí (16%), vatn, **SINNEP** edik, **SINNEP**sduft, umbreytt maíssterkja, karrí, rotvarnarefni (E211), kryddblanda, sambal oelek, kryddblanda, eplaedik, umbreytt kartöflusterkja, sykur, salt, rotvarnarefni (E202), bindiefni (E412)). | M46: =IF(OR(F46 = "", G46 = ""), "", IF(F46 = "Vara", IFERROR(_xlfn.SINGLE(_xlfn.XLOOKUP(G46, Vöruskrá!A:A, Vöruskrá!F:F, "")), ""), IF(F46 = "Réttur", IFERROR(_xlfn.SINGLE(_xlfn.XLOOKUP(G46, Réttabanki!A:A, Réttabanki!AT:AT, "")), ""), ""))) -> Glúten (hveiti), sinnep | N46: =IF(OR(F46 = "", G46 = ""), "", IF(F46 = "Vara", IFERROR(_xlfn.SINGLE(_xlfn.XLOOKUP(G46, Vöruskrá!A:A, Vöruskrá!G:G, "")), ""), IF(F46 = "Réttur", IFERROR(_xlfn.SINGLE(_xlfn.XLOOKUP(G46, Réttabanki!A:A, Réttabanki!AU:AU, "")), ""), ""))) -> Getur innihaldið egg, soja. | O46: =IF(OR(F46 = "", G46 = "", I46 = ""), "", IF(F46 = "Vara", IFERROR(_xlfn.SINGLE(_xlfn.XLOOKUP(G46, Vöruskrá!A:A, Vöruskrá!I:I, "")) * I46 / 100, ""), IF(F46 = "Réttur", IFERROR(_xlfn.SINGLE(_xlfn.XLOOKUP(G46, Réttabanki!A:A, Réttabanki!AV:AV, "")) * I46 / 100, ""), ""))) -> 74 | P46: =IF(OR(F46 = "", G46 = "", I46 = ""), "", IF(F46 = "Vara", IFERROR(_xlfn.SINGLE(_xlfn.XLOOKUP(G46, Vöruskrá!A:A, Vöruskrá!J:J, "")) * I46 / 100, ""), IF(F46 = "Réttur", IFERROR(_xlfn.SINGLE(_xlfn.XLOOKUP(G46, Réttabanki!A:A, Réttabanki!AW:AW, "")) * I46 / 100, ""), ""))) -> 4.8 | Q46: =IF(OR(F46 = "", G46 = "", I46 = ""), "", IF(F46 = "Vara", IFERROR(_xlfn.SINGLE(_xlfn.XLOOKUP(G46, Vöruskrá!A:A, Vöruskrá!N:N, "")) * I46 / 100, ""), IF(F46 = "Réttur", IFERROR(_xlfn.SINGLE(_xlfn.XLOOKUP(G46, Réttabanki!A:A, Réttabanki!BB:BB, "")) * I46 / 100, ""), ""))) -> 2.75
B47: =IF(A47<>"",CHOOSE(WEEKDAY(A47,2),"Mánudagur","Þriðjudagur","Miðvikudagur","Fimmtudagur","Föstudagur","Laugardagur","Sunnudagur"),IF(B46<>"",B46,"")) -> Miðvikudagur | C47: =IF(A47<>"",WEEKNUM(A47,21),IF(C46<>"",C46,"")) -> 25 | D47: Bæði | E47: Síðdegishressing | H47: Samlokubrauð með papriku og skinku ásamt ávöxtum | L47: =IF(OR(F47 = "", G47 = ""), "", IF(F47 = "Vara", IFERROR(_xlfn.SINGLE(_xlfn.XLOOKUP(G47, Vöruskrá!A:A, Vöruskrá!E:E, "")), ""), IF(F47 = "Réttur", IFERROR(_xlfn.SINGLE(_xlfn.XLOOKUP(G47, Réttabanki!A:A, Réttabanki!AS:AS, "")), ""), ""))) | M47: =IF(OR(F47 = "", G47 = ""), "", IF(F47 = "Vara", IFERROR(_xlfn.SINGLE(_xlfn.XLOOKUP(G47, Vöruskrá!A:A, Vöruskrá!F:F, "")), ""), IF(F47 = "Réttur", IFERROR(_xlfn.SINGLE(_xlfn.XLOOKUP(G47, Réttabanki!A:A, Réttabanki!AT:AT, "")), ""), ""))) | N47: =IF(OR(F47 = "", G47 = ""), "", IF(F47 = "Vara", IFERROR(_xlfn.SINGLE(_xlfn.XLOOKUP(G47, Vöruskrá!A:A, Vöruskrá!G:G, "")), ""), IF(F47 = "Réttur", IFERROR(_xlfn.SINGLE(_xlfn.XLOOKUP(G47, Réttabanki!A:A, Réttabanki!AU:AU, "")), ""), ""))) | O47: =IF(OR(F47 = "", G47 = "", I47 = ""), "", IF(F47 = "Vara", IFERROR(_xlfn.SINGLE(_xlfn.XLOOKUP(G47, Vöruskrá!A:A, Vöruskrá!I:I, "")) * I47 / 100, ""), IF(F47 = "Réttur", IFERROR(_xlfn.SINGLE(_xlfn.XLOOKUP(G47, Réttabanki!A:A, Réttabanki!AV:AV, "")) * I47 / 100, ""), ""))) | P47: =IF(OR(F47 = "", G47 = "", I47 = ""), "", IF(F47 = "Vara", IFERROR(_xlfn.SINGLE(_xlfn.XLOOKUP(G47, Vöruskrá!A:A, Vöruskrá!J:J, "")) * I47 / 100, ""), IF(F47 = "Réttur", IFERROR(_xlfn.SINGLE(_xlfn.XLOOKUP(G47, Réttabanki!A:A, Réttabanki!AW:AW, "")) * I47 / 100, ""), ""))) | Q47: =IF(OR(F47 = "", G47 = "", I47 = ""), "", IF(F47 = "Vara", IFERROR(_xlfn.SINGLE(_xlfn.XLOOKUP(G47, Vöruskrá!A:A, Vöruskrá!N:N, "")) * I47 / 100, ""), IF(F47 = "Réttur", IFERROR(_xlfn.SINGLE(_xlfn.XLOOKUP(G47, Réttabanki!A:A, Réttabanki!BB:BB, "")) * I47 / 100, ""), "")))
B48: =IF(A48<>"",CHOOSE(WEEKDAY(A48,2),"Mánudagur","Þriðjudagur","Miðvikudagur","Fimmtudagur","Föstudagur","Laugardagur","Sunnudagur"),IF(B47<>"",B47,"")) -> Miðvikudagur | C48: =IF(A48<>"",WEEKNUM(A48,21),IF(C47<>"",C47,"")) -> 25 | D48: Bæði | E48: Síðdegishressing | F48: Vara | G48: Stórt hvítt samlokubrauð – Myllan | H48: Samlokubrauð | L48: =IF(OR(F48 = "", G48 = ""), "", IF(F48 = "Vara", IFERROR(_xlfn.SINGLE(_xlfn.XLOOKUP(G48, Vöruskrá!A:A, Vöruskrá!E:E, "")), ""), IF(F48 = "Réttur", IFERROR(_xlfn.SINGLE(_xlfn.XLOOKUP(G48, Réttabanki!A:A, Réttabanki!AS:AS, "")), ""), ""))) | M48: =IF(OR(F48 = "", G48 = ""), "", IF(F48 = "Vara", IFERROR(_xlfn.SINGLE(_xlfn.XLOOKUP(G48, Vöruskrá!A:A, Vöruskrá!F:F, "")), ""), IF(F48 = "Réttur", IFERROR(_xlfn.SINGLE(_xlfn.XLOOKUP(G48, Réttabanki!A:A, Réttabanki!AT:AT, "")), ""), ""))) | N48: =IF(OR(F48 = "", G48 = ""), "", IF(F48 = "Vara", IFERROR(_xlfn.SINGLE(_xlfn.XLOOKUP(G48, Vöruskrá!A:A, Vöruskrá!G:G, "")), ""), IF(F48 = "Réttur", IFERROR(_xlfn.SINGLE(_xlfn.XLOOKUP(G48, Réttabanki!A:A, Réttabanki!AU:AU, "")), ""), ""))) | O48: =IF(OR(F48 = "", G48 = "", I48 = ""), "", IF(F48 = "Vara", IFERROR(_xlfn.SINGLE(_xlfn.XLOOKUP(G48, Vöruskrá!A:A, Vöruskrá!I:I, "")) * I48 / 100, ""), IF(F48 = "Réttur", IFERROR(_xlfn.SINGLE(_xlfn.XLOOKUP(G48, Réttabanki!A:A, Réttabanki!AV:AV, "")) * I48 / 100, ""), ""))) | P48: =IF(OR(F48 = "", G48 = "", I48 = ""), "", IF(F48 = "Vara", IFERROR(_xlfn.SINGLE(_xlfn.XLOOKUP(G48, Vöruskrá!A:A, Vöruskrá!J:J, "")) * I48 / 100, ""), IF(F48 = "Réttur", IFERROR(_xlfn.SINGLE(_xlfn.XLOOKUP(G48, Réttabanki!A:A, Réttabanki!AW:AW, "")) * I48 / 100, ""), ""))) | Q48: =IF(OR(F48 = "", G48 = "", I48 = ""), "", IF(F48 = "Vara", IFERROR(_xlfn.SINGLE(_xlfn.XLOOKUP(G48, Vöruskrá!A:A, Vöruskrá!N:N, "")) * I48 / 100, ""), IF(F48 = "Réttur", IFERROR(_xlfn.SINGLE(_xlfn.XLOOKUP(G48, Réttabanki!A:A, Réttabanki!BB:BB, "")) * I48 / 100, ""), "")))
B49: =IF(A49<>"",CHOOSE(WEEKDAY(A49,2),"Mánudagur","Þriðjudagur","Miðvikudagur","Fimmtudagur","Föstudagur","Laugardagur","Sunnudagur"),IF(B48<>"",B48,"")) -> Miðvikudagur | C49: =IF(A49<>"",WEEKNUM(A49,21),IF(C48<>"",C48,"")) -> 25 | D49: Bæði | E49: Síðdegishressing | F49: Vara | G49: Ali brauðskinka 62% – Síldar og Fiskur ehf. | H49: Skinka | I49: 20 | J49: 30 | L49: =IF(OR(F49 = "", G49 = ""), "", IF(F49 = "Vara", IFERROR(_xlfn.SINGLE(_xlfn.XLOOKUP(G49, Vöruskrá!A:A, Vöruskrá!E:E, "")), ""), IF(F49 = "Réttur", IFERROR(_xlfn.SINGLE(_xlfn.XLOOKUP(G49, Réttabanki!A:A, Réttabanki!AS:AS, "")), ""), ""))) | M49: =IF(OR(F49 = "", G49 = ""), "", IF(F49 = "Vara", IFERROR(_xlfn.SINGLE(_xlfn.XLOOKUP(G49, Vöruskrá!A:A, Vöruskrá!F:F, "")), ""), IF(F49 = "Réttur", IFERROR(_xlfn.SINGLE(_xlfn.XLOOKUP(G49, Réttabanki!A:A, Réttabanki!AT:AT, "")), ""), ""))) | N49: =IF(OR(F49 = "", G49 = ""), "", IF(F49 = "Vara", IFERROR(_xlfn.SINGLE(_xlfn.XLOOKUP(G49, Vöruskrá!A:A, Vöruskrá!G:G, "")), ""), IF(F49 = "Réttur", IFERROR(_xlfn.SINGLE(_xlfn.XLOOKUP(G49, Réttabanki!A:A, Réttabanki!AU:AU, "")), ""), ""))) | O49: =IF(OR(F49 = "", G49 = "", I49 = ""), "", IF(F49 = "Vara", IFERROR(_xlfn.SINGLE(_xlfn.XLOOKUP(G49, Vöruskrá!A:A, Vöruskrá!I:I, "")) * I49 / 100, ""), IF(F49 = "Réttur", IFERROR(_xlfn.SINGLE(_xlfn.XLOOKUP(G49, Réttabanki!A:A, Réttabanki!AV:AV, "")) * I49 / 100, ""), ""))) | P49: =IF(OR(F49 = "", G49 = "", I49 = ""), "", IF(F49 = "Vara", IFERROR(_xlfn.SINGLE(_xlfn.XLOOKUP(G49, Vöruskrá!A:A, Vöruskrá!J:J, "")) * I49 / 100, ""), IF(F49 = "Réttur", IFERROR(_xlfn.SINGLE(_xlfn.XLOOKUP(G49, Réttabanki!A:A, Réttabanki!AW:AW, "")) * I49 / 100, ""), ""))) | Q49: =IF(OR(F49 = "", G49 = "", I49 = ""), "", IF(F49 = "Vara", IFERROR(_xlfn.SINGLE(_xlfn.XLOOKUP(G49, Vöruskrá!A:A, Vöruskrá!N:N, "")) * I49 / 100, ""), IF(F49 = "Réttur", IFERROR(_xlfn.SINGLE(_xlfn.XLOOKUP(G49, Réttabanki!A:A, Réttabanki!BB:BB, "")) * I49 / 100, ""), "")))
A50: 46191 | B50: =IF(A50<>"",CHOOSE(WEEKDAY(A50,2),"Mánudagur","Þriðjudagur","Miðvikudagur","Fimmtudagur","Föstudagur","Laugardagur","Sunnudagur"),IF(B49<>"",B49,"")) -> Fimmtudagur | C50: =IF(A50<>"",WEEKNUM(A50,21),IF(C49<>"",C49,"")) -> 25 | D50: Bæði | E50: Aðalréttur | H50: Lokað – 1. maí (frídagur) | L50: =IF(OR(F50 = "", G50 = ""), "", IF(F50 = "Vara", IFERROR(_xlfn.SINGLE(_xlfn.XLOOKUP(G50, Vöruskrá!A:A, Vöruskrá!E:E, "")), ""), IF(F50 = "Réttur", IFERROR(_xlfn.SINGLE(_xlfn.XLOOKUP(G50, Réttabanki!A:A, Réttabanki!AS:AS, "")), ""), ""))) | M50: =IF(OR(F50 = "", G50 = ""), "", IF(F50 = "Vara", IFERROR(_xlfn.SINGLE(_xlfn.XLOOKUP(G50, Vöruskrá!A:A, Vöruskrá!F:F, "")), ""), IF(F50 = "Réttur", IFERROR(_xlfn.SINGLE(_xlfn.XLOOKUP(G50, Réttabanki!A:A, Réttabanki!AT:AT, "")), ""), ""))) | N50: =IF(OR(F50 = "", G50 = ""), "", IF(F50 = "Vara", IFERROR(_xlfn.SINGLE(_xlfn.XLOOKUP(G50, Vöruskrá!A:A, Vöruskrá!G:G, "")), ""), IF(F50 = "Réttur", IFERROR(_xlfn.SINGLE(_xlfn.XLOOKUP(G50, Réttabanki!A:A, Réttabanki!AU:AU, "")), ""), ""))) | O50: =IF(OR(F50 = "", G50 = "", I50 = ""), "", IF(F50 = "Vara", IFERROR(_xlfn.SINGLE(_xlfn.XLOOKUP(G50, Vöruskrá!A:A, Vöruskrá!I:I, "")) * I50 / 100, ""), IF(F50 = "Réttur", IFERROR(_xlfn.SINGLE(_xlfn.XLOOKUP(G50, Réttabanki!A:A, Réttabanki!AV:AV, "")) * I50 / 100, ""), ""))) | P50: =IF(OR(F50 = "", G50 = "", I50 = ""), "", IF(F50 = "Vara", IFERROR(_xlfn.SINGLE(_xlfn.XLOOKUP(G50, Vöruskrá!A:A, Vöruskrá!J:J, "")) * I50 / 100, ""), IF(F50 = "Réttur", IFERROR(_xlfn.SINGLE(_xlfn.XLOOKUP(G50, Réttabanki!A:A, Réttabanki!AW:AW, "")) * I50 / 100, ""), ""))) | Q50: =IF(OR(F50 = "", G50 = "", I50 = ""), "", IF(F50 = "Vara", IFERROR(_xlfn.SINGLE(_xlfn.XLOOKUP(G50, Vöruskrá!A:A, Vöruskrá!N:N, "")) * I50 / 100, ""), IF(F50 = "Réttur", IFERROR(_xlfn.SINGLE(_xlfn.XLOOKUP(G50, Réttabanki!A:A, Réttabanki!BB:BB, "")) * I50 / 100, ""), "")))
B51: =IF(A51<>"",CHOOSE(WEEKDAY(A51,2),"Mánudagur","Þriðjudagur","Miðvikudagur","Fimmtudagur","Föstudagur","Laugardagur","Sunnudagur"),IF(B50<>"",B50,"")) -> Fimmtudagur | C51: =IF(A51<>"",WEEKNUM(A51,21),IF(C50<>"",C50,"")) -> 25 | D51: Bæði | E51: Aðalréttur | H51: Bolognese hakkréttur með spaghetti | L51: =IF(OR(F51 = "", G51 = ""), "", IF(F51 = "Vara", IFERROR(_xlfn.SINGLE(_xlfn.XLOOKUP(G51, Vöruskrá!A:A, Vöruskrá!E:E, "")), ""), IF(F51 = "Réttur", IFERROR(_xlfn.SINGLE(_xlfn.XLOOKUP(G51, Réttabanki!A:A, Réttabanki!AS:AS, "")), ""), ""))) | M51: =IF(OR(F51 = "", G51 = ""), "", IF(F51 = "Vara", IFERROR(_xlfn.SINGLE(_xlfn.XLOOKUP(G51, Vöruskrá!A:A, Vöruskrá!F:F, "")), ""), IF(F51 = "Réttur", IFERROR(_xlfn.SINGLE(_xlfn.XLOOKUP(G51, Réttabanki!A:A, Réttabanki!AT:AT, "")), ""), ""))) | N51: =IF(OR(F51 = "", G51 = ""), "", IF(F51 = "Vara", IFERROR(_xlfn.SINGLE(_xlfn.XLOOKUP(G51, Vöruskrá!A:A, Vöruskrá!G:G, "")), ""), IF(F51 = "Réttur", IFERROR(_xlfn.SINGLE(_xlfn.XLOOKUP(G51, Réttabanki!A:A, Réttabanki!AU:AU, "")), ""), ""))) | O51: =IF(OR(F51 = "", G51 = "", I51 = ""), "", IF(F51 = "Vara", IFERROR(_xlfn.SINGLE(_xlfn.XLOOKUP(G51, Vöruskrá!A:A, Vöruskrá!I:I, "")) * I51 / 100, ""), IF(F51 = "Réttur", IFERROR(_xlfn.SINGLE(_xlfn.XLOOKUP(G51, Réttabanki!A:A, Réttabanki!AV:AV, "")) * I51 / 100, ""), ""))) | P51: =IF(OR(F51 = "", G51 = "", I51 = ""), "", IF(F51 = "Vara", IFERROR(_xlfn.SINGLE(_xlfn.XLOOKUP(G51, Vöruskrá!A:A, Vöruskrá!J:J, "")) * I51 / 100, ""), IF(F51 = "Réttur", IFERROR(_xlfn.SINGLE(_xlfn.XLOOKUP(G51, Réttabanki!A:A, Réttabanki!AW:AW, "")) * I51 / 100, ""), ""))) | Q51: =IF(OR(F51 = "", G51 = "", I51 = ""), "", IF(F51 = "Vara", IFERROR(_xlfn.SINGLE(_xlfn.XLOOKUP(G51, Vöruskrá!A:A, Vöruskrá!N:N, "")) * I51 / 100, ""), IF(F51 = "Réttur", IFERROR(_xlfn.SINGLE(_xlfn.XLOOKUP(G51, Réttabanki!A:A, Réttabanki!BB:BB, "")) * I51 / 100, ""), "")))
B52: =IF(A52<>"",CHOOSE(WEEKDAY(A52,2),"Mánudagur","Þriðjudagur","Miðvikudagur","Fimmtudagur","Föstudagur","Laugardagur","Sunnudagur"),IF(B51<>"",B51,"")) -> Fimmtudagur | C52: =IF(A52<>"",WEEKNUM(A52,21),IF(C51<>"",C51,"")) -> 25 | D52: Bæði | E52: Aðalréttur | F52: Vara | G52: Bolognese | I52: 100 | J52: 130 | L52: =IF(OR(F52 = "", G52 = ""), "", IF(F52 = "Vara", IFERROR(_xlfn.SINGLE(_xlfn.XLOOKUP(G52, Vöruskrá!A:A, Vöruskrá!E:E, "")), ""), IF(F52 = "Réttur", IFERROR(_xlfn.SINGLE(_xlfn.XLOOKUP(G52, Réttabanki!A:A, Réttabanki!AS:AS, "")), ""), ""))) -> Nautahakk, maukaðir tómatar, tómatmauk, nautasoð, sólblómaolía, grænmeti (tómatar, kúrbítur, eggaldin, laukur, rauð paprika, græn paprika, **SELLERÍ**, gulrætur, blaðlaukur), hvítlauksmauk, kryddblanda, salt, svartur pipar, þurrkað oregano, múskat, lárviðarlauf. | M52: =IF(OR(F52 = "", G52 = ""), "", IF(F52 = "Vara", IFERROR(_xlfn.SINGLE(_xlfn.XLOOKUP(G52, Vöruskrá!A:A, Vöruskrá!F:F, "")), ""), IF(F52 = "Réttur", IFERROR(_xlfn.SINGLE(_xlfn.XLOOKUP(G52, Réttabanki!A:A, Réttabanki!AT:AT, "")), ""), ""))) -> Sellerí | N52: =IF(OR(F52 = "", G52 = ""), "", IF(F52 = "Vara", IFERROR(_xlfn.SINGLE(_xlfn.XLOOKUP(G52, Vöruskrá!A:A, Vöruskrá!G:G, "")), ""), IF(F52 = "Réttur", IFERROR(_xlfn.SINGLE(_xlfn.XLOOKUP(G52, Réttabanki!A:A, Réttabanki!AU:AU, "")), ""), ""))) -> 0 | O52: =IF(OR(F52 = "", G52 = "", I52 = ""), "", IF(F52 = "Vara", IFERROR(_xlfn.SINGLE(_xlfn.XLOOKUP(G52, Vöruskrá!A:A, Vöruskrá!I:I, "")) * I52 / 100, ""), IF(F52 = "Réttur", IFERROR(_xlfn.SINGLE(_xlfn.XLOOKUP(G52, Réttabanki!A:A, Réttabanki!AV:AV, "")) * I52 / 100, ""), ""))) -> 96 | P52: =IF(OR(F52 = "", G52 = "", I52 = ""), "", IF(F52 = "Vara", IFERROR(_xlfn.SINGLE(_xlfn.XLOOKUP(G52, Vöruskrá!A:A, Vöruskrá!J:J, "")) * I52 / 100, ""), IF(F52 = "Réttur", IFERROR(_xlfn.SINGLE(_xlfn.XLOOKUP(G52, Réttabanki!A:A, Réttabanki!AW:AW, "")) * I52 / 100, ""), ""))) -> 5.2 | Q52: =IF(OR(F52 = "", G52 = "", I52 = ""), "", IF(F52 = "Vara", IFERROR(_xlfn.SINGLE(_xlfn.XLOOKUP(G52, Vöruskrá!A:A, Vöruskrá!N:N, "")) * I52 / 100, ""), IF(F52 = "Réttur", IFERROR(_xlfn.SINGLE(_xlfn.XLOOKUP(G52, Réttabanki!A:A, Réttabanki!BB:BB, "")) * I52 / 100, ""), ""))) -> 8.6
B53: =IF(A53<>"",CHOOSE(WEEKDAY(A53,2),"Mánudagur","Þriðjudagur","Miðvikudagur","Fimmtudagur","Föstudagur","Laugardagur","Sunnudagur"),IF(B52<>"",B52,"")) -> Fimmtudagur | C53: =IF(A53<>"",WEEKNUM(A53,21),IF(C52<>"",C52,"")) -> 25 | D53: Bæði | E53: Aðalréttur | F53: Vara | G53: Spaghetti | H53: Spaghetti | I53: 100 | J53: 130 | L53: =IF(OR(F53 = "", G53 = ""), "", IF(F53 = "Vara", IFERROR(_xlfn.SINGLE(_xlfn.XLOOKUP(G53, Vöruskrá!A:A, Vöruskrá!E:E, "")), ""), IF(F53 = "Réttur", IFERROR(_xlfn.SINGLE(_xlfn.XLOOKUP(G53, Réttabanki!A:A, Réttabanki!AS:AS, "")), ""), ""))) -> **DURUM HVEITI** semolina, vatn. | M53: =IF(OR(F53 = "", G53 = ""), "", IF(F53 = "Vara", IFERROR(_xlfn.SINGLE(_xlfn.XLOOKUP(G53, Vöruskrá!A:A, Vöruskrá!F:F, "")), ""), IF(F53 = "Réttur", IFERROR(_xlfn.SINGLE(_xlfn.XLOOKUP(G53, Réttabanki!A:A, Réttabanki!AT:AT, "")), ""), ""))) -> Glúten (hveiti) | N53: =IF(OR(F53 = "", G53 = ""), "", IF(F53 = "Vara", IFERROR(_xlfn.SINGLE(_xlfn.XLOOKUP(G53, Vöruskrá!A:A, Vöruskrá!G:G, "")), ""), IF(F53 = "Réttur", IFERROR(_xlfn.SINGLE(_xlfn.XLOOKUP(G53, Réttabanki!A:A, Réttabanki!AU:AU, "")), ""), ""))) -> Getur innihaldið egg, soja, sinnep | O53: =IF(OR(F53 = "", G53 = "", I53 = ""), "", IF(F53 = "Vara", IFERROR(_xlfn.SINGLE(_xlfn.XLOOKUP(G53, Vöruskrá!A:A, Vöruskrá!I:I, "")) * I53 / 100, ""), IF(F53 = "Réttur", IFERROR(_xlfn.SINGLE(_xlfn.XLOOKUP(G53, Réttabanki!A:A, Réttabanki!AV:AV, "")) * I53 / 100, ""), ""))) -> 353 | P53: =IF(OR(F53 = "", G53 = "", I53 = ""), "", IF(F53 = "Vara", IFERROR(_xlfn.SINGLE(_xlfn.XLOOKUP(G53, Vöruskrá!A:A, Vöruskrá!J:J, "")) * I53 / 100, ""), IF(F53 = "Réttur", IFERROR(_xlfn.SINGLE(_xlfn.XLOOKUP(G53, Réttabanki!A:A, Réttabanki!AW:AW, "")) * I53 / 100, ""), ""))) -> 1.2 | Q53: =IF(OR(F53 = "", G53 = "", I53 = ""), "", IF(F53 = "Vara", IFERROR(_xlfn.SINGLE(_xlfn.XLOOKUP(G53, Vöruskrá!A:A, Vöruskrá!N:N, "")) * I53 / 100, ""), IF(F53 = "Réttur", IFERROR(_xlfn.SINGLE(_xlfn.XLOOKUP(G53, Réttabanki!A:A, Réttabanki!BB:BB, "")) * I53 / 100, ""), ""))) -> 12
B54: =IF(A54<>"",CHOOSE(WEEKDAY(A54,2),"Mánudagur","Þriðjudagur","Miðvikudagur","Fimmtudagur","Föstudagur","Laugardagur","Sunnudagur"),IF(B53<>"",B53,"")) -> Fimmtudagur | C54: =IF(A54<>"",WEEKNUM(A54,21),IF(C53<>"",C53,"")) -> 25 | D54: Bæði | E54: Hliðarréttur | H54: Vegan bolognese réttur með spaghetti | L54: =IF(OR(F54 = "", G54 = ""), "", IF(F54 = "Vara", IFERROR(_xlfn.SINGLE(_xlfn.XLOOKUP(G54, Vöruskrá!A:A, Vöruskrá!E:E, "")), ""), IF(F54 = "Réttur", IFERROR(_xlfn.SINGLE(_xlfn.XLOOKUP(G54, Réttabanki!A:A, Réttabanki!AS:AS, "")), ""), ""))) | M54: =IF(OR(F54 = "", G54 = ""), "", IF(F54 = "Vara", IFERROR(_xlfn.SINGLE(_xlfn.XLOOKUP(G54, Vöruskrá!A:A, Vöruskrá!F:F, "")), ""), IF(F54 = "Réttur", IFERROR(_xlfn.SINGLE(_xlfn.XLOOKUP(G54, Réttabanki!A:A, Réttabanki!AT:AT, "")), ""), ""))) | N54: =IF(OR(F54 = "", G54 = ""), "", IF(F54 = "Vara", IFERROR(_xlfn.SINGLE(_xlfn.XLOOKUP(G54, Vöruskrá!A:A, Vöruskrá!G:G, "")), ""), IF(F54 = "Réttur", IFERROR(_xlfn.SINGLE(_xlfn.XLOOKUP(G54, Réttabanki!A:A, Réttabanki!AU:AU, "")), ""), ""))) | O54: =IF(OR(F54 = "", G54 = "", I54 = ""), "", IF(F54 = "Vara", IFERROR(_xlfn.SINGLE(_xlfn.XLOOKUP(G54, Vöruskrá!A:A, Vöruskrá!I:I, "")) * I54 / 100, ""), IF(F54 = "Réttur", IFERROR(_xlfn.SINGLE(_xlfn.XLOOKUP(G54, Réttabanki!A:A, Réttabanki!AV:AV, "")) * I54 / 100, ""), ""))) | P54: =IF(OR(F54 = "", G54 = "", I54 = ""), "", IF(F54 = "Vara", IFERROR(_xlfn.SINGLE(_xlfn.XLOOKUP(G54, Vöruskrá!A:A, Vöruskrá!J:J, "")) * I54 / 100, ""), IF(F54 = "Réttur", IFERROR(_xlfn.SINGLE(_xlfn.XLOOKUP(G54, Réttabanki!A:A, Réttabanki!AW:AW, "")) * I54 / 100, ""), ""))) | Q54: =IF(OR(F54 = "", G54 = "", I54 = ""), "", IF(F54 = "Vara", IFERROR(_xlfn.SINGLE(_xlfn.XLOOKUP(G54, Vöruskrá!A:A, Vöruskrá!N:N, "")) * I54 / 100, ""), IF(F54 = "Réttur", IFERROR(_xlfn.SINGLE(_xlfn.XLOOKUP(G54, Réttabanki!A:A, Réttabanki!BB:BB, "")) * I54 / 100, ""), "")))
B55: =IF(A55<>"",CHOOSE(WEEKDAY(A55,2),"Mánudagur","Þriðjudagur","Miðvikudagur","Fimmtudagur","Föstudagur","Laugardagur","Sunnudagur"),IF(B54<>"",B54,"")) -> Fimmtudagur | C55: =IF(A55<>"",WEEKNUM(A55,21),IF(C54<>"",C54,"")) -> 25 | D55: Bæði | E55: Hliðarréttur | F55: Vara | G55: Vegan Bolognese | I55: 100 | J55: 130 | L55: =IF(OR(F55 = "", G55 = ""), "", IF(F55 = "Vara", IFERROR(_xlfn.SINGLE(_xlfn.XLOOKUP(G55, Vöruskrá!A:A, Vöruskrá!E:E, "")), ""), IF(F55 = "Réttur", IFERROR(_xlfn.SINGLE(_xlfn.XLOOKUP(G55, Réttabanki!A:A, Réttabanki!AS:AS, "")), ""), ""))) -> Vegan hakk (vatn, **SOJAPRÓTEIN** þykkni, repjuolía, kryddblanda, þykkingarefni (metýlsellulósi), litarefni), maukaðir tómatar, tómatmauk, sósuduft, grænmeti (tómatar, kúrbítur, eggaldin, laukur, rauð paprika, græn paprika, **SELLERÍ**rót, gulrætur, blaðlaukur, laukur), sólblómaolía, hvítlauksmauk, kryddblanda, salt, svartur pipar, þurrkað oregano, múskat, lárviðarlauf. | M55: =IF(OR(F55 = "", G55 = ""), "", IF(F55 = "Vara", IFERROR(_xlfn.SINGLE(_xlfn.XLOOKUP(G55, Vöruskrá!A:A, Vöruskrá!F:F, "")), ""), IF(F55 = "Réttur", IFERROR(_xlfn.SINGLE(_xlfn.XLOOKUP(G55, Réttabanki!A:A, Réttabanki!AT:AT, "")), ""), ""))) -> Soja, Sellerí | N55: =IF(OR(F55 = "", G55 = ""), "", IF(F55 = "Vara", IFERROR(_xlfn.SINGLE(_xlfn.XLOOKUP(G55, Vöruskrá!A:A, Vöruskrá!G:G, "")), ""), IF(F55 = "Réttur", IFERROR(_xlfn.SINGLE(_xlfn.XLOOKUP(G55, Réttabanki!A:A, Réttabanki!AU:AU, "")), ""), ""))) -> 0 | O55: =IF(OR(F55 = "", G55 = "", I55 = ""), "", IF(F55 = "Vara", IFERROR(_xlfn.SINGLE(_xlfn.XLOOKUP(G55, Vöruskrá!A:A, Vöruskrá!I:I, "")) * I55 / 100, ""), IF(F55 = "Réttur", IFERROR(_xlfn.SINGLE(_xlfn.XLOOKUP(G55, Réttabanki!A:A, Réttabanki!AV:AV, "")) * I55 / 100, ""), ""))) -> 72 | P55: =IF(OR(F55 = "", G55 = "", I55 = ""), "", IF(F55 = "Vara", IFERROR(_xlfn.SINGLE(_xlfn.XLOOKUP(G55, Vöruskrá!A:A, Vöruskrá!J:J, "")) * I55 / 100, ""), IF(F55 = "Réttur", IFERROR(_xlfn.SINGLE(_xlfn.XLOOKUP(G55, Réttabanki!A:A, Réttabanki!AW:AW, "")) * I55 / 100, ""), ""))) -> 3.3 | Q55: =IF(OR(F55 = "", G55 = "", I55 = ""), "", IF(F55 = "Vara", IFERROR(_xlfn.SINGLE(_xlfn.XLOOKUP(G55, Vöruskrá!A:A, Vöruskrá!N:N, "")) * I55 / 100, ""), IF(F55 = "Réttur", IFERROR(_xlfn.SINGLE(_xlfn.XLOOKUP(G55, Réttabanki!A:A, Réttabanki!BB:BB, "")) * I55 / 100, ""), ""))) -> 5.6
B56: =IF(A56<>"",CHOOSE(WEEKDAY(A56,2),"Mánudagur","Þriðjudagur","Miðvikudagur","Fimmtudagur","Föstudagur","Laugardagur","Sunnudagur"),IF(B55<>"",B55,"")) -> Fimmtudagur | C56: =IF(A56<>"",WEEKNUM(A56,21),IF(C55<>"",C55,"")) -> 25 | D56: Bæði | E56: Hliðarréttur | F56: Vara | G56: Spaghetti | H56: Spaghetti | I56: 100 | J56: 130 | L56: =IF(OR(F56 = "", G56 = ""), "", IF(F56 = "Vara", IFERROR(_xlfn.SINGLE(_xlfn.XLOOKUP(G56, Vöruskrá!A:A, Vöruskrá!E:E, "")), ""), IF(F56 = "Réttur", IFERROR(_xlfn.SINGLE(_xlfn.XLOOKUP(G56, Réttabanki!A:A, Réttabanki!AS:AS, "")), ""), ""))) -> **DURUM HVEITI** semolina, vatn. | M56: =IF(OR(F56 = "", G56 = ""), "", IF(F56 = "Vara", IFERROR(_xlfn.SINGLE(_xlfn.XLOOKUP(G56, Vöruskrá!A:A, Vöruskrá!F:F, "")), ""), IF(F56 = "Réttur", IFERROR(_xlfn.SINGLE(_xlfn.XLOOKUP(G56, Réttabanki!A:A, Réttabanki!AT:AT, "")), ""), ""))) -> Glúten (hveiti) | N56: =IF(OR(F56 = "", G56 = ""), "", IF(F56 = "Vara", IFERROR(_xlfn.SINGLE(_xlfn.XLOOKUP(G56, Vöruskrá!A:A, Vöruskrá!G:G, "")), ""), IF(F56 = "Réttur", IFERROR(_xlfn.SINGLE(_xlfn.XLOOKUP(G56, Réttabanki!A:A, Réttabanki!AU:AU, "")), ""), ""))) -> Getur innihaldið egg, soja, sinnep | O56: =IF(OR(F56 = "", G56 = "", I56 = ""), "", IF(F56 = "Vara", IFERROR(_xlfn.SINGLE(_xlfn.XLOOKUP(G56, Vöruskrá!A:A, Vöruskrá!I:I, "")) * I56 / 100, ""), IF(F56 = "Réttur", IFERROR(_xlfn.SINGLE(_xlfn.XLOOKUP(G56, Réttabanki!A:A, Réttabanki!AV:AV, "")) * I56 / 100, ""), ""))) -> 353 | P56: =IF(OR(F56 = "", G56 = "", I56 = ""), "", IF(F56 = "Vara", IFERROR(_xlfn.SINGLE(_xlfn.XLOOKUP(G56, Vöruskrá!A:A, Vöruskrá!J:J, "")) * I56 / 100, ""), IF(F56 = "Réttur", IFERROR(_xlfn.SINGLE(_xlfn.XLOOKUP(G56, Réttabanki!A:A, Réttabanki!AW:AW, "")) * I56 / 100, ""), ""))) -> 1.2 | Q56: =IF(OR(F56 = "", G56 = "", I56 = ""), "", IF(F56 = "Vara", IFERROR(_xlfn.SINGLE(_xlfn.XLOOKUP(G56, Vöruskrá!A:A, Vöruskrá!N:N, "")) * I56 / 100, ""), IF(F56 = "Réttur", IFERROR(_xlfn.SINGLE(_xlfn.XLOOKUP(G56, Réttabanki!A:A, Réttabanki!BB:BB, "")) * I56 / 100, ""), ""))) -> 12
B57: =IF(A57<>"",CHOOSE(WEEKDAY(A57,2),"Mánudagur","Þriðjudagur","Miðvikudagur","Fimmtudagur","Föstudagur","Laugardagur","Sunnudagur"),IF(B56<>"",B56,"")) -> Fimmtudagur | C57: =IF(A57<>"",WEEKNUM(A57,21),IF(C56<>"",C56,"")) -> 25 | D57: Bæði | E57: Meðlæti | H57: Ferskt hrásalat, paprika og ávöxtur | L57: =IF(OR(F57 = "", G57 = ""), "", IF(F57 = "Vara", IFERROR(_xlfn.SINGLE(_xlfn.XLOOKUP(G57, Vöruskrá!A:A, Vöruskrá!E:E, "")), ""), IF(F57 = "Réttur", IFERROR(_xlfn.SINGLE(_xlfn.XLOOKUP(G57, Réttabanki!A:A, Réttabanki!AS:AS, "")), ""), ""))) | M57: =IF(OR(F57 = "", G57 = ""), "", IF(F57 = "Vara", IFERROR(_xlfn.SINGLE(_xlfn.XLOOKUP(G57, Vöruskrá!A:A, Vöruskrá!F:F, "")), ""), IF(F57 = "Réttur", IFERROR(_xlfn.SINGLE(_xlfn.XLOOKUP(G57, Réttabanki!A:A, Réttabanki!AT:AT, "")), ""), ""))) | N57: =IF(OR(F57 = "", G57 = ""), "", IF(F57 = "Vara", IFERROR(_xlfn.SINGLE(_xlfn.XLOOKUP(G57, Vöruskrá!A:A, Vöruskrá!G:G, "")), ""), IF(F57 = "Réttur", IFERROR(_xlfn.SINGLE(_xlfn.XLOOKUP(G57, Réttabanki!A:A, Réttabanki!AU:AU, "")), ""), ""))) | O57: =IF(OR(F57 = "", G57 = "", I57 = ""), "", IF(F57 = "Vara", IFERROR(_xlfn.SINGLE(_xlfn.XLOOKUP(G57, Vöruskrá!A:A, Vöruskrá!I:I, "")) * I57 / 100, ""), IF(F57 = "Réttur", IFERROR(_xlfn.SINGLE(_xlfn.XLOOKUP(G57, Réttabanki!A:A, Réttabanki!AV:AV, "")) * I57 / 100, ""), ""))) | P57: =IF(OR(F57 = "", G57 = "", I57 = ""), "", IF(F57 = "Vara", IFERROR(_xlfn.SINGLE(_xlfn.XLOOKUP(G57, Vöruskrá!A:A, Vöruskrá!J:J, "")) * I57 / 100, ""), IF(F57 = "Réttur", IFERROR(_xlfn.SINGLE(_xlfn.XLOOKUP(G57, Réttabanki!A:A, Réttabanki!AW:AW, "")) * I57 / 100, ""), ""))) | Q57: =IF(OR(F57 = "", G57 = "", I57 = ""), "", IF(F57 = "Vara", IFERROR(_xlfn.SINGLE(_xlfn.XLOOKUP(G57, Vöruskrá!A:A, Vöruskrá!N:N, "")) * I57 / 100, ""), IF(F57 = "Réttur", IFERROR(_xlfn.SINGLE(_xlfn.XLOOKUP(G57, Réttabanki!A:A, Réttabanki!BB:BB, "")) * I57 / 100, ""), "")))
B58: =IF(A58<>"",CHOOSE(WEEKDAY(A58,2),"Mánudagur","Þriðjudagur","Miðvikudagur","Fimmtudagur","Föstudagur","Laugardagur","Sunnudagur"),IF(B57<>"",B57,"")) -> Fimmtudagur | C58: =IF(A58<>"",WEEKNUM(A58,21),IF(C57<>"",C57,"")) -> 25 | D58: Bæði | E58: Meðlæti | F58: Vara | G58: Hrásalat, ferskt – Hollt og Gott ehf. | H58: Hrásalat | I58: 20 | J58: 30 | L58: =IF(OR(F58 = "", G58 = ""), "", IF(F58 = "Vara", IFERROR(_xlfn.SINGLE(_xlfn.XLOOKUP(G58, Vöruskrá!A:A, Vöruskrá!E:E, "")), ""), IF(F58 = "Réttur", IFERROR(_xlfn.SINGLE(_xlfn.XLOOKUP(G58, Réttabanki!A:A, Réttabanki!AS:AS, "")), ""), ""))) | M58: =IF(OR(F58 = "", G58 = ""), "", IF(F58 = "Vara", IFERROR(_xlfn.SINGLE(_xlfn.XLOOKUP(G58, Vöruskrá!A:A, Vöruskrá!F:F, "")), ""), IF(F58 = "Réttur", IFERROR(_xlfn.SINGLE(_xlfn.XLOOKUP(G58, Réttabanki!A:A, Réttabanki!AT:AT, "")), ""), ""))) | N58: =IF(OR(F58 = "", G58 = ""), "", IF(F58 = "Vara", IFERROR(_xlfn.SINGLE(_xlfn.XLOOKUP(G58, Vöruskrá!A:A, Vöruskrá!G:G, "")), ""), IF(F58 = "Réttur", IFERROR(_xlfn.SINGLE(_xlfn.XLOOKUP(G58, Réttabanki!A:A, Réttabanki!AU:AU, "")), ""), ""))) | O58: =IF(OR(F58 = "", G58 = "", I58 = ""), "", IF(F58 = "Vara", IFERROR(_xlfn.SINGLE(_xlfn.XLOOKUP(G58, Vöruskrá!A:A, Vöruskrá!I:I, "")) * I58 / 100, ""), IF(F58 = "Réttur", IFERROR(_xlfn.SINGLE(_xlfn.XLOOKUP(G58, Réttabanki!A:A, Réttabanki!AV:AV, "")) * I58 / 100, ""), ""))) | P58: =IF(OR(F58 = "", G58 = "", I58 = ""), "", IF(F58 = "Vara", IFERROR(_xlfn.SINGLE(_xlfn.XLOOKUP(G58, Vöruskrá!A:A, Vöruskrá!J:J, "")) * I58 / 100, ""), IF(F58 = "Réttur", IFERROR(_xlfn.SINGLE(_xlfn.XLOOKUP(G58, Réttabanki!A:A, Réttabanki!AW:AW, "")) * I58 / 100, ""), ""))) | Q58: =IF(OR(F58 = "", G58 = "", I58 = ""), "", IF(F58 = "Vara", IFERROR(_xlfn.SINGLE(_xlfn.XLOOKUP(G58, Vöruskrá!A:A, Vöruskrá!N:N, "")) * I58 / 100, ""), IF(F58 = "Réttur", IFERROR(_xlfn.SINGLE(_xlfn.XLOOKUP(G58, Réttabanki!A:A, Réttabanki!BB:BB, "")) * I58 / 100, ""), "")))
B59: =IF(A59<>"",CHOOSE(WEEKDAY(A59,2),"Mánudagur","Þriðjudagur","Miðvikudagur","Fimmtudagur","Föstudagur","Laugardagur","Sunnudagur"),IF(B58<>"",B58,"")) -> Fimmtudagur | C59: =IF(A59<>"",WEEKNUM(A59,21),IF(C58<>"",C58,"")) -> 25 | D59: Bæði | E59: Síðdegishressing | H59: Pizzasnúður ásamt ávöxtum | L59: =IF(OR(F59 = "", G59 = ""), "", IF(F59 = "Vara", IFERROR(_xlfn.SINGLE(_xlfn.XLOOKUP(G59, Vöruskrá!A:A, Vöruskrá!E:E, "")), ""), IF(F59 = "Réttur", IFERROR(_xlfn.SINGLE(_xlfn.XLOOKUP(G59, Réttabanki!A:A, Réttabanki!AS:AS, "")), ""), ""))) | M59: =IF(OR(F59 = "", G59 = ""), "", IF(F59 = "Vara", IFERROR(_xlfn.SINGLE(_xlfn.XLOOKUP(G59, Vöruskrá!A:A, Vöruskrá!F:F, "")), ""), IF(F59 = "Réttur", IFERROR(_xlfn.SINGLE(_xlfn.XLOOKUP(G59, Réttabanki!A:A, Réttabanki!AT:AT, "")), ""), ""))) | N59: =IF(OR(F59 = "", G59 = ""), "", IF(F59 = "Vara", IFERROR(_xlfn.SINGLE(_xlfn.XLOOKUP(G59, Vöruskrá!A:A, Vöruskrá!G:G, "")), ""), IF(F59 = "Réttur", IFERROR(_xlfn.SINGLE(_xlfn.XLOOKUP(G59, Réttabanki!A:A, Réttabanki!AU:AU, "")), ""), ""))) | O59: =IF(OR(F59 = "", G59 = "", I59 = ""), "", IF(F59 = "Vara", IFERROR(_xlfn.SINGLE(_xlfn.XLOOKUP(G59, Vöruskrá!A:A, Vöruskrá!I:I, "")) * I59 / 100, ""), IF(F59 = "Réttur", IFERROR(_xlfn.SINGLE(_xlfn.XLOOKUP(G59, Réttabanki!A:A, Réttabanki!AV:AV, "")) * I59 / 100, ""), ""))) | P59: =IF(OR(F59 = "", G59 = "", I59 = ""), "", IF(F59 = "Vara", IFERROR(_xlfn.SINGLE(_xlfn.XLOOKUP(G59, Vöruskrá!A:A, Vöruskrá!J:J, "")) * I59 / 100, ""), IF(F59 = "Réttur", IFERROR(_xlfn.SINGLE(_xlfn.XLOOKUP(G59, Réttabanki!A:A, Réttabanki!AW:AW, "")) * I59 / 100, ""), ""))) | Q59: =IF(OR(F59 = "", G59 = "", I59 = ""), "", IF(F59 = "Vara", IFERROR(_xlfn.SINGLE(_xlfn.XLOOKUP(G59, Vöruskrá!A:A, Vöruskrá!N:N, "")) * I59 / 100, ""), IF(F59 = "Réttur", IFERROR(_xlfn.SINGLE(_xlfn.XLOOKUP(G59, Réttabanki!A:A, Réttabanki!BB:BB, "")) * I59 / 100, ""), "")))
B60: =IF(A60<>"",CHOOSE(WEEKDAY(A60,2),"Mánudagur","Þriðjudagur","Miðvikudagur","Fimmtudagur","Föstudagur","Laugardagur","Sunnudagur"),IF(B59<>"",B59,"")) -> Fimmtudagur | C60: =IF(A60<>"",WEEKNUM(A60,21),IF(C59<>"",C59,"")) -> 25 | D60: Bæði | E60: Síðdegishressing | F60: Vara | G60: Pizzasnúðar 8 stk – Myllan | H60: Pizzasnúður | I60: 75 | J60: 100 | L60: =IF(OR(F60 = "", G60 = ""), "", IF(F60 = "Vara", IFERROR(_xlfn.SINGLE(_xlfn.XLOOKUP(G60, Vöruskrá!A:A, Vöruskrá!E:E, "")), ""), IF(F60 = "Réttur", IFERROR(_xlfn.SINGLE(_xlfn.XLOOKUP(G60, Réttabanki!A:A, Réttabanki!AS:AS, "")), ""), ""))) | M60: =IF(OR(F60 = "", G60 = ""), "", IF(F60 = "Vara", IFERROR(_xlfn.SINGLE(_xlfn.XLOOKUP(G60, Vöruskrá!A:A, Vöruskrá!F:F, "")), ""), IF(F60 = "Réttur", IFERROR(_xlfn.SINGLE(_xlfn.XLOOKUP(G60, Réttabanki!A:A, Réttabanki!AT:AT, "")), ""), ""))) | N60: =IF(OR(F60 = "", G60 = ""), "", IF(F60 = "Vara", IFERROR(_xlfn.SINGLE(_xlfn.XLOOKUP(G60, Vöruskrá!A:A, Vöruskrá!G:G, "")), ""), IF(F60 = "Réttur", IFERROR(_xlfn.SINGLE(_xlfn.XLOOKUP(G60, Réttabanki!A:A, Réttabanki!AU:AU, "")), ""), ""))) | O60: =IF(OR(F60 = "", G60 = "", I60 = ""), "", IF(F60 = "Vara", IFERROR(_xlfn.SINGLE(_xlfn.XLOOKUP(G60, Vöruskrá!A:A, Vöruskrá!I:I, "")) * I60 / 100, ""), IF(F60 = "Réttur", IFERROR(_xlfn.SINGLE(_xlfn.XLOOKUP(G60, Réttabanki!A:A, Réttabanki!AV:AV, "")) * I60 / 100, ""), ""))) | P60: =IF(OR(F60 = "", G60 = "", I60 = ""), "", IF(F60 = "Vara", IFERROR(_xlfn.SINGLE(_xlfn.XLOOKUP(G60, Vöruskrá!A:A, Vöruskrá!J:J, "")) * I60 / 100, ""), IF(F60 = "Réttur", IFERROR(_xlfn.SINGLE(_xlfn.XLOOKUP(G60, Réttabanki!A:A, Réttabanki!AW:AW, "")) * I60 / 100, ""), ""))) | Q60: =IF(OR(F60 = "", G60 = "", I60 = ""), "", IF(F60 = "Vara", IFERROR(_xlfn.SINGLE(_xlfn.XLOOKUP(G60, Vöruskrá!A:A, Vöruskrá!N:N, "")) * I60 / 100, ""), IF(F60 = "Réttur", IFERROR(_xlfn.SINGLE(_xlfn.XLOOKUP(G60, Réttabanki!A:A, Réttabanki!BB:BB, "")) * I60 / 100, ""), "")))
B61: =IF(A61<>"",CHOOSE(WEEKDAY(A61,2),"Mánudagur","Þriðjudagur","Miðvikudagur","Fimmtudagur","Föstudagur","Laugardagur","Sunnudagur"),IF(B60<>"",B60,"")) -> Fimmtudagur | C61: =IF(A61<>"",WEEKNUM(A61,21),IF(C60<>"",C60,"")) -> 25 | D61: Bæði | E61: Síðdegishressing | F61: Vara | G61: Vegan pizzasnúður | H61: Vegan pizzasnúður | I61: 75 | J61: 100 | L61: =IF(OR(F61 = "", G61 = ""), "", IF(F61 = "Vara", IFERROR(_xlfn.SINGLE(_xlfn.XLOOKUP(G61, Vöruskrá!A:A, Vöruskrá!E:E, "")), ""), IF(F61 = "Réttur", IFERROR(_xlfn.SINGLE(_xlfn.XLOOKUP(G61, Réttabanki!A:A, Réttabanki!AS:AS, "")), ""), ""))) | M61: =IF(OR(F61 = "", G61 = ""), "", IF(F61 = "Vara", IFERROR(_xlfn.SINGLE(_xlfn.XLOOKUP(G61, Vöruskrá!A:A, Vöruskrá!F:F, "")), ""), IF(F61 = "Réttur", IFERROR(_xlfn.SINGLE(_xlfn.XLOOKUP(G61, Réttabanki!A:A, Réttabanki!AT:AT, "")), ""), ""))) | N61: =IF(OR(F61 = "", G61 = ""), "", IF(F61 = "Vara", IFERROR(_xlfn.SINGLE(_xlfn.XLOOKUP(G61, Vöruskrá!A:A, Vöruskrá!G:G, "")), ""), IF(F61 = "Réttur", IFERROR(_xlfn.SINGLE(_xlfn.XLOOKUP(G61, Réttabanki!A:A, Réttabanki!AU:AU, "")), ""), ""))) | O61: =IF(OR(F61 = "", G61 = "", I61 = ""), "", IF(F61 = "Vara", IFERROR(_xlfn.SINGLE(_xlfn.XLOOKUP(G61, Vöruskrá!A:A, Vöruskrá!I:I, "")) * I61 / 100, ""), IF(F61 = "Réttur", IFERROR(_xlfn.SINGLE(_xlfn.XLOOKUP(G61, Réttabanki!A:A, Réttabanki!AV:AV, "")) * I61 / 100, ""), ""))) | P61: =IF(OR(F61 = "", G61 = "", I61 = ""), "", IF(F61 = "Vara", IFERROR(_xlfn.SINGLE(_xlfn.XLOOKUP(G61, Vöruskrá!A:A, Vöruskrá!J:J, "")) * I61 / 100, ""), IF(F61 = "Réttur", IFERROR(_xlfn.SINGLE(_xlfn.XLOOKUP(G61, Réttabanki!A:A, Réttabanki!AW:AW, "")) * I61 / 100, ""), ""))) | Q61: =IF(OR(F61 = "", G61 = "", I61 = ""), "", IF(F61 = "Vara", IFERROR(_xlfn.SINGLE(_xlfn.XLOOKUP(G61, Vöruskrá!A:A, Vöruskrá!N:N, "")) * I61 / 100, ""), IF(F61 = "Réttur", IFERROR(_xlfn.SINGLE(_xlfn.XLOOKUP(G61, Réttabanki!A:A, Réttabanki!BB:BB, "")) * I61 / 100, ""), "")))
A62: 46192 | B62: =IF(A62<>"",CHOOSE(WEEKDAY(A62,2),"Mánudagur","Þriðjudagur","Miðvikudagur","Fimmtudagur","Föstudagur","Laugardagur","Sunnudagur"),IF(B61<>"",B61,"")) -> Föstudagur | C62: =IF(A62<>"",WEEKNUM(A62,21),IF(C61<>"",C61,"")) -> 25 | D62: Bæði | E62: Aðalréttur | H62: Kjötbollur, hrísgrjón og súrsæt sósa | L62: =IF(OR(F62 = "", G62 = ""), "", IF(F62 = "Vara", IFERROR(_xlfn.SINGLE(_xlfn.XLOOKUP(G62, Vöruskrá!A:A, Vöruskrá!E:E, "")), ""), IF(F62 = "Réttur", IFERROR(_xlfn.SINGLE(_xlfn.XLOOKUP(G62, Réttabanki!A:A, Réttabanki!AS:AS, "")), ""), ""))) | M62: =IF(OR(F62 = "", G62 = ""), "", IF(F62 = "Vara", IFERROR(_xlfn.SINGLE(_xlfn.XLOOKUP(G62, Vöruskrá!A:A, Vöruskrá!F:F, "")), ""), IF(F62 = "Réttur", IFERROR(_xlfn.SINGLE(_xlfn.XLOOKUP(G62, Réttabanki!A:A, Réttabanki!AT:AT, "")), ""), ""))) | N62: =IF(OR(F62 = "", G62 = ""), "", IF(F62 = "Vara", IFERROR(_xlfn.SINGLE(_xlfn.XLOOKUP(G62, Vöruskrá!A:A, Vöruskrá!G:G, "")), ""), IF(F62 = "Réttur", IFERROR(_xlfn.SINGLE(_xlfn.XLOOKUP(G62, Réttabanki!A:A, Réttabanki!AU:AU, "")), ""), ""))) | O62: =IF(OR(F62 = "", G62 = "", I62 = ""), "", IF(F62 = "Vara", IFERROR(_xlfn.SINGLE(_xlfn.XLOOKUP(G62, Vöruskrá!A:A, Vöruskrá!I:I, "")) * I62 / 100, ""), IF(F62 = "Réttur", IFERROR(_xlfn.SINGLE(_xlfn.XLOOKUP(G62, Réttabanki!A:A, Réttabanki!AV:AV, "")) * I62 / 100, ""), ""))) | P62: =IF(OR(F62 = "", G62 = "", I62 = ""), "", IF(F62 = "Vara", IFERROR(_xlfn.SINGLE(_xlfn.XLOOKUP(G62, Vöruskrá!A:A, Vöruskrá!J:J, "")) * I62 / 100, ""), IF(F62 = "Réttur", IFERROR(_xlfn.SINGLE(_xlfn.XLOOKUP(G62, Réttabanki!A:A, Réttabanki!AW:AW, "")) * I62 / 100, ""), ""))) | Q62: =IF(OR(F62 = "", G62 = "", I62 = ""), "", IF(F62 = "Vara", IFERROR(_xlfn.SINGLE(_xlfn.XLOOKUP(G62, Vöruskrá!A:A, Vöruskrá!N:N, "")) * I62 / 100, ""), IF(F62 = "Réttur", IFERROR(_xlfn.SINGLE(_xlfn.XLOOKUP(G62, Réttabanki!A:A, Réttabanki!BB:BB, "")) * I62 / 100, ""), "")))
B63: =IF(A63<>"",CHOOSE(WEEKDAY(A63,2),"Mánudagur","Þriðjudagur","Miðvikudagur","Fimmtudagur","Föstudagur","Laugardagur","Sunnudagur"),IF(B62<>"",B62,"")) -> Föstudagur | C63: =IF(A63<>"",WEEKNUM(A63,21),IF(C62<>"",C62,"")) -> 25 | D63: Bæði | E63: Aðalréttur | F63: Vara | G63: Skólabollur, Kjöt og grænmeti – Kjarnafæði Norðlenska hf. | H63: Kjötbollur | I63: 140 | J63: 160 | L63: =IF(OR(F63 = "", G63 = ""), "", IF(F63 = "Vara", IFERROR(_xlfn.SINGLE(_xlfn.XLOOKUP(G63, Vöruskrá!A:A, Vöruskrá!E:E, "")), ""), IF(F63 = "Réttur", IFERROR(_xlfn.SINGLE(_xlfn.XLOOKUP(G63, Réttabanki!A:A, Réttabanki!AS:AS, "")), ""), ""))) | M63: =IF(OR(F63 = "", G63 = ""), "", IF(F63 = "Vara", IFERROR(_xlfn.SINGLE(_xlfn.XLOOKUP(G63, Vöruskrá!A:A, Vöruskrá!F:F, "")), ""), IF(F63 = "Réttur", IFERROR(_xlfn.SINGLE(_xlfn.XLOOKUP(G63, Réttabanki!A:A, Réttabanki!AT:AT, "")), ""), ""))) | N63: =IF(OR(F63 = "", G63 = ""), "", IF(F63 = "Vara", IFERROR(_xlfn.SINGLE(_xlfn.XLOOKUP(G63, Vöruskrá!A:A, Vöruskrá!G:G, "")), ""), IF(F63 = "Réttur", IFERROR(_xlfn.SINGLE(_xlfn.XLOOKUP(G63, Réttabanki!A:A, Réttabanki!AU:AU, "")), ""), ""))) | O63: =IF(OR(F63 = "", G63 = "", I63 = ""), "", IF(F63 = "Vara", IFERROR(_xlfn.SINGLE(_xlfn.XLOOKUP(G63, Vöruskrá!A:A, Vöruskrá!I:I, "")) * I63 / 100, ""), IF(F63 = "Réttur", IFERROR(_xlfn.SINGLE(_xlfn.XLOOKUP(G63, Réttabanki!A:A, Réttabanki!AV:AV, "")) * I63 / 100, ""), ""))) | P63: =IF(OR(F63 = "", G63 = "", I63 = ""), "", IF(F63 = "Vara", IFERROR(_xlfn.SINGLE(_xlfn.XLOOKUP(G63, Vöruskrá!A:A, Vöruskrá!J:J, "")) * I63 / 100, ""), IF(F63 = "Réttur", IFERROR(_xlfn.SINGLE(_xlfn.XLOOKUP(G63, Réttabanki!A:A, Réttabanki!AW:AW, "")) * I63 / 100, ""), ""))) | Q63: =IF(OR(F63 = "", G63 = "", I63 = ""), "", IF(F63 = "Vara", IFERROR(_xlfn.SINGLE(_xlfn.XLOOKUP(G63, Vöruskrá!A:A, Vöruskrá!N:N, "")) * I63 / 100, ""), IF(F63 = "Réttur", IFERROR(_xlfn.SINGLE(_xlfn.XLOOKUP(G63, Réttabanki!A:A, Réttabanki!BB:BB, "")) * I63 / 100, ""), "")))
B64: =IF(A64<>"",CHOOSE(WEEKDAY(A64,2),"Mánudagur","Þriðjudagur","Miðvikudagur","Fimmtudagur","Föstudagur","Laugardagur","Sunnudagur"),IF(B63<>"",B63,"")) -> Föstudagur | C64: =IF(A64<>"",WEEKNUM(A64,21),IF(C63<>"",C63,"")) -> 25 | D64: Bæði | E64: Aðalréttur | F64: Vara | G64: Hrísgrjón Thai Hom Mali (Royal Umbrella) – Khao C.P. Co., Ltd. | H64: Hrísgrjón | L64: =IF(OR(F64 = "", G64 = ""), "", IF(F64 = "Vara", IFERROR(_xlfn.SINGLE(_xlfn.XLOOKUP(G64, Vöruskrá!A:A, Vöruskrá!E:E, "")), ""), IF(F64 = "Réttur", IFERROR(_xlfn.SINGLE(_xlfn.XLOOKUP(G64, Réttabanki!A:A, Réttabanki!AS:AS, "")), ""), ""))) | M64: =IF(OR(F64 = "", G64 = ""), "", IF(F64 = "Vara", IFERROR(_xlfn.SINGLE(_xlfn.XLOOKUP(G64, Vöruskrá!A:A, Vöruskrá!F:F, "")), ""), IF(F64 = "Réttur", IFERROR(_xlfn.SINGLE(_xlfn.XLOOKUP(G64, Réttabanki!A:A, Réttabanki!AT:AT, "")), ""), ""))) | N64: =IF(OR(F64 = "", G64 = ""), "", IF(F64 = "Vara", IFERROR(_xlfn.SINGLE(_xlfn.XLOOKUP(G64, Vöruskrá!A:A, Vöruskrá!G:G, "")), ""), IF(F64 = "Réttur", IFERROR(_xlfn.SINGLE(_xlfn.XLOOKUP(G64, Réttabanki!A:A, Réttabanki!AU:AU, "")), ""), ""))) | O64: =IF(OR(F64 = "", G64 = "", I64 = ""), "", IF(F64 = "Vara", IFERROR(_xlfn.SINGLE(_xlfn.XLOOKUP(G64, Vöruskrá!A:A, Vöruskrá!I:I, "")) * I64 / 100, ""), IF(F64 = "Réttur", IFERROR(_xlfn.SINGLE(_xlfn.XLOOKUP(G64, Réttabanki!A:A, Réttabanki!AV:AV, "")) * I64 / 100, ""), ""))) | P64: =IF(OR(F64 = "", G64 = "", I64 = ""), "", IF(F64 = "Vara", IFERROR(_xlfn.SINGLE(_xlfn.XLOOKUP(G64, Vöruskrá!A:A, Vöruskrá!J:J, "")) * I64 / 100, ""), IF(F64 = "Réttur", IFERROR(_xlfn.SINGLE(_xlfn.XLOOKUP(G64, Réttabanki!A:A, Réttabanki!AW:AW, "")) * I64 / 100, ""), ""))) | Q64: =IF(OR(F64 = "", G64 = "", I64 = ""), "", IF(F64 = "Vara", IFERROR(_xlfn.SINGLE(_xlfn.XLOOKUP(G64, Vöruskrá!A:A, Vöruskrá!N:N, "")) * I64 / 100, ""), IF(F64 = "Réttur", IFERROR(_xlfn.SINGLE(_xlfn.XLOOKUP(G64, Réttabanki!A:A, Réttabanki!BB:BB, "")) * I64 / 100, ""), "")))
B65: =IF(A65<>"",CHOOSE(WEEKDAY(A65,2),"Mánudagur","Þriðjudagur","Miðvikudagur","Fimmtudagur","Föstudagur","Laugardagur","Sunnudagur"),IF(B64<>"",B64,"")) -> Föstudagur | C65: =IF(A65<>"",WEEKNUM(A65,21),IF(C64<>"",C64,"")) -> 25 | D65: Bæði | E65: Aðalréttur | F65: Vara | G65: La Choy Sweet & Sour Sauce (Súrsæt sósa) – ConAgra Brands / La Choy | H65: Súrsæt sósa | L65: =IF(OR(F65 = "", G65 = ""), "", IF(F65 = "Vara", IFERROR(_xlfn.SINGLE(_xlfn.XLOOKUP(G65, Vöruskrá!A:A, Vöruskrá!E:E, "")), ""), IF(F65 = "Réttur", IFERROR(_xlfn.SINGLE(_xlfn.XLOOKUP(G65, Réttabanki!A:A, Réttabanki!AS:AS, "")), ""), ""))) | M65: =IF(OR(F65 = "", G65 = ""), "", IF(F65 = "Vara", IFERROR(_xlfn.SINGLE(_xlfn.XLOOKUP(G65, Vöruskrá!A:A, Vöruskrá!F:F, "")), ""), IF(F65 = "Réttur", IFERROR(_xlfn.SINGLE(_xlfn.XLOOKUP(G65, Réttabanki!A:A, Réttabanki!AT:AT, "")), ""), ""))) | N65: =IF(OR(F65 = "", G65 = ""), "", IF(F65 = "Vara", IFERROR(_xlfn.SINGLE(_xlfn.XLOOKUP(G65, Vöruskrá!A:A, Vöruskrá!G:G, "")), ""), IF(F65 = "Réttur", IFERROR(_xlfn.SINGLE(_xlfn.XLOOKUP(G65, Réttabanki!A:A, Réttabanki!AU:AU, "")), ""), ""))) | O65: =IF(OR(F65 = "", G65 = "", I65 = ""), "", IF(F65 = "Vara", IFERROR(_xlfn.SINGLE(_xlfn.XLOOKUP(G65, Vöruskrá!A:A, Vöruskrá!I:I, "")) * I65 / 100, ""), IF(F65 = "Réttur", IFERROR(_xlfn.SINGLE(_xlfn.XLOOKUP(G65, Réttabanki!A:A, Réttabanki!AV:AV, "")) * I65 / 100, ""), ""))) | P65: =IF(OR(F65 = "", G65 = "", I65 = ""), "", IF(F65 = "Vara", IFERROR(_xlfn.SINGLE(_xlfn.XLOOKUP(G65, Vöruskrá!A:A, Vöruskrá!J:J, "")) * I65 / 100, ""), IF(F65 = "Réttur", IFERROR(_xlfn.SINGLE(_xlfn.XLOOKUP(G65, Réttabanki!A:A, Réttabanki!AW:AW, "")) * I65 / 100, ""), ""))) | Q65: =IF(OR(F65 = "", G65 = "", I65 = ""), "", IF(F65 = "Vara", IFERROR(_xlfn.SINGLE(_xlfn.XLOOKUP(G65, Vöruskrá!A:A, Vöruskrá!N:N, "")) * I65 / 100, ""), IF(F65 = "Réttur", IFERROR(_xlfn.SINGLE(_xlfn.XLOOKUP(G65, Réttabanki!A:A, Réttabanki!BB:BB, "")) * I65 / 100, ""), "")))
B66: =IF(A66<>"",CHOOSE(WEEKDAY(A66,2),"Mánudagur","Þriðjudagur","Miðvikudagur","Fimmtudagur","Föstudagur","Laugardagur","Sunnudagur"),IF(B65<>"",B65,"")) -> Föstudagur | C66: =IF(A66<>"",WEEKNUM(A66,21),IF(C65<>"",C65,"")) -> 25 | D66: Bæði | E66: Hliðarréttur | H66: Grænmetisbollur, hrísgrjón og súrsæt sósa | L66: =IF(OR(F66 = "", G66 = ""), "", IF(F66 = "Vara", IFERROR(_xlfn.SINGLE(_xlfn.XLOOKUP(G66, Vöruskrá!A:A, Vöruskrá!E:E, "")), ""), IF(F66 = "Réttur", IFERROR(_xlfn.SINGLE(_xlfn.XLOOKUP(G66, Réttabanki!A:A, Réttabanki!AS:AS, "")), ""), ""))) | M66: =IF(OR(F66 = "", G66 = ""), "", IF(F66 = "Vara", IFERROR(_xlfn.SINGLE(_xlfn.XLOOKUP(G66, Vöruskrá!A:A, Vöruskrá!F:F, "")), ""), IF(F66 = "Réttur", IFERROR(_xlfn.SINGLE(_xlfn.XLOOKUP(G66, Réttabanki!A:A, Réttabanki!AT:AT, "")), ""), ""))) | N66: =IF(OR(F66 = "", G66 = ""), "", IF(F66 = "Vara", IFERROR(_xlfn.SINGLE(_xlfn.XLOOKUP(G66, Vöruskrá!A:A, Vöruskrá!G:G, "")), ""), IF(F66 = "Réttur", IFERROR(_xlfn.SINGLE(_xlfn.XLOOKUP(G66, Réttabanki!A:A, Réttabanki!AU:AU, "")), ""), ""))) | O66: =IF(OR(F66 = "", G66 = "", I66 = ""), "", IF(F66 = "Vara", IFERROR(_xlfn.SINGLE(_xlfn.XLOOKUP(G66, Vöruskrá!A:A, Vöruskrá!I:I, "")) * I66 / 100, ""), IF(F66 = "Réttur", IFERROR(_xlfn.SINGLE(_xlfn.XLOOKUP(G66, Réttabanki!A:A, Réttabanki!AV:AV, "")) * I66 / 100, ""), ""))) | P66: =IF(OR(F66 = "", G66 = "", I66 = ""), "", IF(F66 = "Vara", IFERROR(_xlfn.SINGLE(_xlfn.XLOOKUP(G66, Vöruskrá!A:A, Vöruskrá!J:J, "")) * I66 / 100, ""), IF(F66 = "Réttur", IFERROR(_xlfn.SINGLE(_xlfn.XLOOKUP(G66, Réttabanki!A:A, Réttabanki!AW:AW, "")) * I66 / 100, ""), ""))) | Q66: =IF(OR(F66 = "", G66 = "", I66 = ""), "", IF(F66 = "Vara", IFERROR(_xlfn.SINGLE(_xlfn.XLOOKUP(G66, Vöruskrá!A:A, Vöruskrá!N:N, "")) * I66 / 100, ""), IF(F66 = "Réttur", IFERROR(_xlfn.SINGLE(_xlfn.XLOOKUP(G66, Réttabanki!A:A, Réttabanki!BB:BB, "")) * I66 / 100, ""), "")))
B67: =IF(A67<>"",CHOOSE(WEEKDAY(A67,2),"Mánudagur","Þriðjudagur","Miðvikudagur","Fimmtudagur","Föstudagur","Laugardagur","Sunnudagur"),IF(B66<>"",B66,"")) -> Föstudagur | C67: =IF(A67<>"",WEEKNUM(A67,21),IF(C66<>"",C66,"")) -> 25 | D67: Bæði | E67: Hliðarréttur | F67: Vara | G67: Asískar grænmetisbollur – Avita | H67: Grænmetisbollur | I67: 140 | J67: 160 | L67: =IF(OR(F67 = "", G67 = ""), "", IF(F67 = "Vara", IFERROR(_xlfn.SINGLE(_xlfn.XLOOKUP(G67, Vöruskrá!A:A, Vöruskrá!E:E, "")), ""), IF(F67 = "Réttur", IFERROR(_xlfn.SINGLE(_xlfn.XLOOKUP(G67, Réttabanki!A:A, Réttabanki!AS:AS, "")), ""), ""))) | M67: =IF(OR(F67 = "", G67 = ""), "", IF(F67 = "Vara", IFERROR(_xlfn.SINGLE(_xlfn.XLOOKUP(G67, Vöruskrá!A:A, Vöruskrá!F:F, "")), ""), IF(F67 = "Réttur", IFERROR(_xlfn.SINGLE(_xlfn.XLOOKUP(G67, Réttabanki!A:A, Réttabanki!AT:AT, "")), ""), ""))) | N67: =IF(OR(F67 = "", G67 = ""), "", IF(F67 = "Vara", IFERROR(_xlfn.SINGLE(_xlfn.XLOOKUP(G67, Vöruskrá!A:A, Vöruskrá!G:G, "")), ""), IF(F67 = "Réttur", IFERROR(_xlfn.SINGLE(_xlfn.XLOOKUP(G67, Réttabanki!A:A, Réttabanki!AU:AU, "")), ""), ""))) | O67: =IF(OR(F67 = "", G67 = "", I67 = ""), "", IF(F67 = "Vara", IFERROR(_xlfn.SINGLE(_xlfn.XLOOKUP(G67, Vöruskrá!A:A, Vöruskrá!I:I, "")) * I67 / 100, ""), IF(F67 = "Réttur", IFERROR(_xlfn.SINGLE(_xlfn.XLOOKUP(G67, Réttabanki!A:A, Réttabanki!AV:AV, "")) * I67 / 100, ""), ""))) | P67: =IF(OR(F67 = "", G67 = "", I67 = ""), "", IF(F67 = "Vara", IFERROR(_xlfn.SINGLE(_xlfn.XLOOKUP(G67, Vöruskrá!A:A, Vöruskrá!J:J, "")) * I67 / 100, ""), IF(F67 = "Réttur", IFERROR(_xlfn.SINGLE(_xlfn.XLOOKUP(G67, Réttabanki!A:A, Réttabanki!AW:AW, "")) * I67 / 100, ""), ""))) | Q67: =IF(OR(F67 = "", G67 = "", I67 = ""), "", IF(F67 = "Vara", IFERROR(_xlfn.SINGLE(_xlfn.XLOOKUP(G67, Vöruskrá!A:A, Vöruskrá!N:N, "")) * I67 / 100, ""), IF(F67 = "Réttur", IFERROR(_xlfn.SINGLE(_xlfn.XLOOKUP(G67, Réttabanki!A:A, Réttabanki!BB:BB, "")) * I67 / 100, ""), "")))
B68: =IF(A68<>"",CHOOSE(WEEKDAY(A68,2),"Mánudagur","Þriðjudagur","Miðvikudagur","Fimmtudagur","Föstudagur","Laugardagur","Sunnudagur"),IF(B67<>"",B67,"")) -> Föstudagur | C68: =IF(A68<>"",WEEKNUM(A68,21),IF(C67<>"",C67,"")) -> 25 | D68: Bæði | E68: Meðlæti | H68: Maís, gúrka, tómatur og ávöxtur | L68: =IF(OR(F68 = "", G68 = ""), "", IF(F68 = "Vara", IFERROR(_xlfn.SINGLE(_xlfn.XLOOKUP(G68, Vöruskrá!A:A, Vöruskrá!E:E, "")), ""), IF(F68 = "Réttur", IFERROR(_xlfn.SINGLE(_xlfn.XLOOKUP(G68, Réttabanki!A:A, Réttabanki!AS:AS, "")), ""), ""))) | M68: =IF(OR(F68 = "", G68 = ""), "", IF(F68 = "Vara", IFERROR(_xlfn.SINGLE(_xlfn.XLOOKUP(G68, Vöruskrá!A:A, Vöruskrá!F:F, "")), ""), IF(F68 = "Réttur", IFERROR(_xlfn.SINGLE(_xlfn.XLOOKUP(G68, Réttabanki!A:A, Réttabanki!AT:AT, "")), ""), ""))) | N68: =IF(OR(F68 = "", G68 = ""), "", IF(F68 = "Vara", IFERROR(_xlfn.SINGLE(_xlfn.XLOOKUP(G68, Vöruskrá!A:A, Vöruskrá!G:G, "")), ""), IF(F68 = "Réttur", IFERROR(_xlfn.SINGLE(_xlfn.XLOOKUP(G68, Réttabanki!A:A, Réttabanki!AU:AU, "")), ""), ""))) | O68: =IF(OR(F68 = "", G68 = "", I68 = ""), "", IF(F68 = "Vara", IFERROR(_xlfn.SINGLE(_xlfn.XLOOKUP(G68, Vöruskrá!A:A, Vöruskrá!I:I, "")) * I68 / 100, ""), IF(F68 = "Réttur", IFERROR(_xlfn.SINGLE(_xlfn.XLOOKUP(G68, Réttabanki!A:A, Réttabanki!AV:AV, "")) * I68 / 100, ""), ""))) | P68: =IF(OR(F68 = "", G68 = "", I68 = ""), "", IF(F68 = "Vara", IFERROR(_xlfn.SINGLE(_xlfn.XLOOKUP(G68, Vöruskrá!A:A, Vöruskrá!J:J, "")) * I68 / 100, ""), IF(F68 = "Réttur", IFERROR(_xlfn.SINGLE(_xlfn.XLOOKUP(G68, Réttabanki!A:A, Réttabanki!AW:AW, "")) * I68 / 100, ""), ""))) | Q68: =IF(OR(F68 = "", G68 = "", I68 = ""), "", IF(F68 = "Vara", IFERROR(_xlfn.SINGLE(_xlfn.XLOOKUP(G68, Vöruskrá!A:A, Vöruskrá!N:N, "")) * I68 / 100, ""), IF(F68 = "Réttur", IFERROR(_xlfn.SINGLE(_xlfn.XLOOKUP(G68, Réttabanki!A:A, Réttabanki!BB:BB, "")) * I68 / 100, ""), "")))
B69: =IF(A69<>"",CHOOSE(WEEKDAY(A69,2),"Mánudagur","Þriðjudagur","Miðvikudagur","Fimmtudagur","Föstudagur","Laugardagur","Sunnudagur"),IF(B68<>"",B68,"")) -> Föstudagur | C69: =IF(A69<>"",WEEKNUM(A69,21),IF(C68<>"",C68,"")) -> 25 | D69: Bæði | E69: Síðdegishressing | H69: Heilkornastykki, kindakæfa, tómatar og ávöxtur | L69: =IF(OR(F69 = "", G69 = ""), "", IF(F69 = "Vara", IFERROR(_xlfn.SINGLE(_xlfn.XLOOKUP(G69, Vöruskrá!A:A, Vöruskrá!E:E, "")), ""), IF(F69 = "Réttur", IFERROR(_xlfn.SINGLE(_xlfn.XLOOKUP(G69, Réttabanki!A:A, Réttabanki!AS:AS, "")), ""), ""))) | M69: =IF(OR(F69 = "", G69 = ""), "", IF(F69 = "Vara", IFERROR(_xlfn.SINGLE(_xlfn.XLOOKUP(G69, Vöruskrá!A:A, Vöruskrá!F:F, "")), ""), IF(F69 = "Réttur", IFERROR(_xlfn.SINGLE(_xlfn.XLOOKUP(G69, Réttabanki!A:A, Réttabanki!AT:AT, "")), ""), ""))) | N69: =IF(OR(F69 = "", G69 = ""), "", IF(F69 = "Vara", IFERROR(_xlfn.SINGLE(_xlfn.XLOOKUP(G69, Vöruskrá!A:A, Vöruskrá!G:G, "")), ""), IF(F69 = "Réttur", IFERROR(_xlfn.SINGLE(_xlfn.XLOOKUP(G69, Réttabanki!A:A, Réttabanki!AU:AU, "")), ""), ""))) | O69: =IF(OR(F69 = "", G69 = "", I69 = ""), "", IF(F69 = "Vara", IFERROR(_xlfn.SINGLE(_xlfn.XLOOKUP(G69, Vöruskrá!A:A, Vöruskrá!I:I, "")) * I69 / 100, ""), IF(F69 = "Réttur", IFERROR(_xlfn.SINGLE(_xlfn.XLOOKUP(G69, Réttabanki!A:A, Réttabanki!AV:AV, "")) * I69 / 100, ""), ""))) | P69: =IF(OR(F69 = "", G69 = "", I69 = ""), "", IF(F69 = "Vara", IFERROR(_xlfn.SINGLE(_xlfn.XLOOKUP(G69, Vöruskrá!A:A, Vöruskrá!J:J, "")) * I69 / 100, ""), IF(F69 = "Réttur", IFERROR(_xlfn.SINGLE(_xlfn.XLOOKUP(G69, Réttabanki!A:A, Réttabanki!AW:AW, "")) * I69 / 100, ""), ""))) | Q69: =IF(OR(F69 = "", G69 = "", I69 = ""), "", IF(F69 = "Vara", IFERROR(_xlfn.SINGLE(_xlfn.XLOOKUP(G69, Vöruskrá!A:A, Vöruskrá!N:N, "")) * I69 / 100, ""), IF(F69 = "Réttur", IFERROR(_xlfn.SINGLE(_xlfn.XLOOKUP(G69, Réttabanki!A:A, Réttabanki!BB:BB, "")) * I69 / 100, ""), "")))
B70: =IF(A70<>"",CHOOSE(WEEKDAY(A70,2),"Mánudagur","Þriðjudagur","Miðvikudagur","Fimmtudagur","Föstudagur","Laugardagur","Sunnudagur"),IF(B69<>"",B69,"")) -> Föstudagur | C70: =IF(A70<>"",WEEKNUM(A70,21),IF(C69<>"",C69,"")) -> 25 | D70: Bæði | E70: Síðdegishressing | F70: Vara | G70: Heilkornastykki – OJK | H70: Heilkornastykki | I70: 60 | J70: 80 | L70: =IF(OR(F70 = "", G70 = ""), "", IF(F70 = "Vara", IFERROR(_xlfn.SINGLE(_xlfn.XLOOKUP(G70, Vöruskrá!A:A, Vöruskrá!E:E, "")), ""), IF(F70 = "Réttur", IFERROR(_xlfn.SINGLE(_xlfn.XLOOKUP(G70, Réttabanki!A:A, Réttabanki!AS:AS, "")), ""), ""))) | M70: =IF(OR(F70 = "", G70 = ""), "", IF(F70 = "Vara", IFERROR(_xlfn.SINGLE(_xlfn.XLOOKUP(G70, Vöruskrá!A:A, Vöruskrá!F:F, "")), ""), IF(F70 = "Réttur", IFERROR(_xlfn.SINGLE(_xlfn.XLOOKUP(G70, Réttabanki!A:A, Réttabanki!AT:AT, "")), ""), ""))) | N70: =IF(OR(F70 = "", G70 = ""), "", IF(F70 = "Vara", IFERROR(_xlfn.SINGLE(_xlfn.XLOOKUP(G70, Vöruskrá!A:A, Vöruskrá!G:G, "")), ""), IF(F70 = "Réttur", IFERROR(_xlfn.SINGLE(_xlfn.XLOOKUP(G70, Réttabanki!A:A, Réttabanki!AU:AU, "")), ""), ""))) | O70: =IF(OR(F70 = "", G70 = "", I70 = ""), "", IF(F70 = "Vara", IFERROR(_xlfn.SINGLE(_xlfn.XLOOKUP(G70, Vöruskrá!A:A, Vöruskrá!I:I, "")) * I70 / 100, ""), IF(F70 = "Réttur", IFERROR(_xlfn.SINGLE(_xlfn.XLOOKUP(G70, Réttabanki!A:A, Réttabanki!AV:AV, "")) * I70 / 100, ""), ""))) | P70: =IF(OR(F70 = "", G70 = "", I70 = ""), "", IF(F70 = "Vara", IFERROR(_xlfn.SINGLE(_xlfn.XLOOKUP(G70, Vöruskrá!A:A, Vöruskrá!J:J, "")) * I70 / 100, ""), IF(F70 = "Réttur", IFERROR(_xlfn.SINGLE(_xlfn.XLOOKUP(G70, Réttabanki!A:A, Réttabanki!AW:AW, "")) * I70 / 100, ""), ""))) | Q70: =IF(OR(F70 = "", G70 = "", I70 = ""), "", IF(F70 = "Vara", IFERROR(_xlfn.SINGLE(_xlfn.XLOOKUP(G70, Vöruskrá!A:A, Vöruskrá!N:N, "")) * I70 / 100, ""), IF(F70 = "Réttur", IFERROR(_xlfn.SINGLE(_xlfn.XLOOKUP(G70, Réttabanki!A:A, Réttabanki!BB:BB, "")) * I70 / 100, ""), "")))
B71: =IF(A71<>"",CHOOSE(WEEKDAY(A71,2),"Mánudagur","Þriðjudagur","Miðvikudagur","Fimmtudagur","Föstudagur","Laugardagur","Sunnudagur"),IF(B70<>"",B70,"")) -> Föstudagur | C71: =IF(A71<>"",WEEKNUM(A71,21),IF(C70<>"",C70,"")) -> 25 | D71: Bæði | E71: Síðdegishressing | F71: Vara | G71: NOL Kindakæfa 200g – Kjarnafæði Norðlenska hf. | H71: Kindakæfa | I71: 20 | J71: 30 | L71: =IF(OR(F71 = "", G71 = ""), "", IF(F71 = "Vara", IFERROR(_xlfn.SINGLE(_xlfn.XLOOKUP(G71, Vöruskrá!A:A, Vöruskrá!E:E, "")), ""), IF(F71 = "Réttur", IFERROR(_xlfn.SINGLE(_xlfn.XLOOKUP(G71, Réttabanki!A:A, Réttabanki!AS:AS, "")), ""), ""))) | M71: =IF(OR(F71 = "", G71 = ""), "", IF(F71 = "Vara", IFERROR(_xlfn.SINGLE(_xlfn.XLOOKUP(G71, Vöruskrá!A:A, Vöruskrá!F:F, "")), ""), IF(F71 = "Réttur", IFERROR(_xlfn.SINGLE(_xlfn.XLOOKUP(G71, Réttabanki!A:A, Réttabanki!AT:AT, "")), ""), ""))) | N71: =IF(OR(F71 = "", G71 = ""), "", IF(F71 = "Vara", IFERROR(_xlfn.SINGLE(_xlfn.XLOOKUP(G71, Vöruskrá!A:A, Vöruskrá!G:G, "")), ""), IF(F71 = "Réttur", IFERROR(_xlfn.SINGLE(_xlfn.XLOOKUP(G71, Réttabanki!A:A, Réttabanki!AU:AU, "")), ""), ""))) | O71: =IF(OR(F71 = "", G71 = "", I71 = ""), "", IF(F71 = "Vara", IFERROR(_xlfn.SINGLE(_xlfn.XLOOKUP(G71, Vöruskrá!A:A, Vöruskrá!I:I, "")) * I71 / 100, ""), IF(F71 = "Réttur", IFERROR(_xlfn.SINGLE(_xlfn.XLOOKUP(G71, Réttabanki!A:A, Réttabanki!AV:AV, "")) * I71 / 100, ""), ""))) | P71: =IF(OR(F71 = "", G71 = "", I71 = ""), "", IF(F71 = "Vara", IFERROR(_xlfn.SINGLE(_xlfn.XLOOKUP(G71, Vöruskrá!A:A, Vöruskrá!J:J, "")) * I71 / 100, ""), IF(F71 = "Réttur", IFERROR(_xlfn.SINGLE(_xlfn.XLOOKUP(G71, Réttabanki!A:A, Réttabanki!AW:AW, "")) * I71 / 100, ""), ""))) | Q71: =IF(OR(F71 = "", G71 = "", I71 = ""), "", IF(F71 = "Vara", IFERROR(_xlfn.SINGLE(_xlfn.XLOOKUP(G71, Vöruskrá!A:A, Vöruskrá!N:N, "")) * I71 / 100, ""), IF(F71 = "Réttur", IFERROR(_xlfn.SINGLE(_xlfn.XLOOKUP(G71, Réttabanki!A:A, Réttabanki!BB:BB, "")) * I71 / 100, ""), "")))
A72: 46195 | B72: =IF(A72<>"",CHOOSE(WEEKDAY(A72,2),"Mánudagur","Þriðjudagur","Miðvikudagur","Fimmtudagur","Föstudagur","Laugardagur","Sunnudagur"),IF(#REF!<>"",#REF!,"")) -> Mánudagur | C72: =IF(A72<>"",WEEKNUM(A72,21),IF(#REF!<>"",#REF!,"")) -> 26 | D72: Bæði | E72: Aðalréttur | H72: Ýsa í mildri hvítlauksmarineringu, kartöflusmælki, karrýsósa | L72: =IF(OR(F72 = "", G72 = ""), "", IF(F72 = "Vara", IFERROR(_xlfn.SINGLE(_xlfn.XLOOKUP(G72, Vöruskrá!A:A, Vöruskrá!E:E, "")), ""), IF(F72 = "Réttur", IFERROR(_xlfn.SINGLE(_xlfn.XLOOKUP(G72, Réttabanki!A:A, Réttabanki!AS:AS, "")), ""), ""))) | M72: =IF(OR(F72 = "", G72 = ""), "", IF(F72 = "Vara", IFERROR(_xlfn.SINGLE(_xlfn.XLOOKUP(G72, Vöruskrá!A:A, Vöruskrá!F:F, "")), ""), IF(F72 = "Réttur", IFERROR(_xlfn.SINGLE(_xlfn.XLOOKUP(G72, Réttabanki!A:A, Réttabanki!AT:AT, "")), ""), ""))) | N72: =IF(OR(F72 = "", G72 = ""), "", IF(F72 = "Vara", IFERROR(_xlfn.SINGLE(_xlfn.XLOOKUP(G72, Vöruskrá!A:A, Vöruskrá!G:G, "")), ""), IF(F72 = "Réttur", IFERROR(_xlfn.SINGLE(_xlfn.XLOOKUP(G72, Réttabanki!A:A, Réttabanki!AU:AU, "")), ""), ""))) | O72: =IF(OR(F72 = "", G72 = "", I72 = ""), "", IF(F72 = "Vara", IFERROR(_xlfn.SINGLE(_xlfn.XLOOKUP(G72, Vöruskrá!A:A, Vöruskrá!I:I, "")) * I72 / 100, ""), IF(F72 = "Réttur", IFERROR(_xlfn.SINGLE(_xlfn.XLOOKUP(G72, Réttabanki!A:A, Réttabanki!AV:AV, "")) * I72 / 100, ""), ""))) | P72: =IF(OR(F72 = "", G72 = "", I72 = ""), "", IF(F72 = "Vara", IFERROR(_xlfn.SINGLE(_xlfn.XLOOKUP(G72, Vöruskrá!A:A, Vöruskrá!J:J, "")) * I72 / 100, ""), IF(F72 = "Réttur", IFERROR(_xlfn.SINGLE(_xlfn.XLOOKUP(G72, Réttabanki!A:A, Réttabanki!AW:AW, "")) * I72 / 100, ""), ""))) | Q72: =IF(OR(F72 = "", G72 = "", I72 = ""), "", IF(F72 = "Vara", IFERROR(_xlfn.SINGLE(_xlfn.XLOOKUP(G72, Vöruskrá!A:A, Vöruskrá!N:N, "")) * I72 / 100, ""), IF(F72 = "Réttur", IFERROR(_xlfn.SINGLE(_xlfn.XLOOKUP(G72, Réttabanki!A:A, Réttabanki!BB:BB, "")) * I72 / 100, ""), "")))
B73: =IF(A73<>"",CHOOSE(WEEKDAY(A73,2),"Mánudagur","Þriðjudagur","Miðvikudagur","Fimmtudagur","Föstudagur","Laugardagur","Sunnudagur"),IF(B72<>"",B72,"")) -> Mánudagur | C73: =IF(A73<>"",WEEKNUM(A73,21),IF(C72<>"",C72,"")) -> 26 | D73: Bæði | E73: Aðalréttur | F73: Vara | G73: Ýsa í mildri hvítlauksmarineringu – Hafið | H73: Ýsa | I73: 130 | J73: 160 | L73: =IF(OR(F73 = "", G73 = ""), "", IF(F73 = "Vara", IFERROR(_xlfn.SINGLE(_xlfn.XLOOKUP(G73, Vöruskrá!A:A, Vöruskrá!E:E, "")), ""), IF(F73 = "Réttur", IFERROR(_xlfn.SINGLE(_xlfn.XLOOKUP(G73, Réttabanki!A:A, Réttabanki!AS:AS, "")), ""), ""))) | M73: =IF(OR(F73 = "", G73 = ""), "", IF(F73 = "Vara", IFERROR(_xlfn.SINGLE(_xlfn.XLOOKUP(G73, Vöruskrá!A:A, Vöruskrá!F:F, "")), ""), IF(F73 = "Réttur", IFERROR(_xlfn.SINGLE(_xlfn.XLOOKUP(G73, Réttabanki!A:A, Réttabanki!AT:AT, "")), ""), ""))) | N73: =IF(OR(F73 = "", G73 = ""), "", IF(F73 = "Vara", IFERROR(_xlfn.SINGLE(_xlfn.XLOOKUP(G73, Vöruskrá!A:A, Vöruskrá!G:G, "")), ""), IF(F73 = "Réttur", IFERROR(_xlfn.SINGLE(_xlfn.XLOOKUP(G73, Réttabanki!A:A, Réttabanki!AU:AU, "")), ""), ""))) | O73: =IF(OR(F73 = "", G73 = "", I73 = ""), "", IF(F73 = "Vara", IFERROR(_xlfn.SINGLE(_xlfn.XLOOKUP(G73, Vöruskrá!A:A, Vöruskrá!I:I, "")) * I73 / 100, ""), IF(F73 = "Réttur", IFERROR(_xlfn.SINGLE(_xlfn.XLOOKUP(G73, Réttabanki!A:A, Réttabanki!AV:AV, "")) * I73 / 100, ""), ""))) | P73: =IF(OR(F73 = "", G73 = "", I73 = ""), "", IF(F73 = "Vara", IFERROR(_xlfn.SINGLE(_xlfn.XLOOKUP(G73, Vöruskrá!A:A, Vöruskrá!J:J, "")) * I73 / 100, ""), IF(F73 = "Réttur", IFERROR(_xlfn.SINGLE(_xlfn.XLOOKUP(G73, Réttabanki!A:A, Réttabanki!AW:AW, "")) * I73 / 100, ""), ""))) | Q73: =IF(OR(F73 = "", G73 = "", I73 = ""), "", IF(F73 = "Vara", IFERROR(_xlfn.SINGLE(_xlfn.XLOOKUP(G73, Vöruskrá!A:A, Vöruskrá!N:N, "")) * I73 / 100, ""), IF(F73 = "Réttur", IFERROR(_xlfn.SINGLE(_xlfn.XLOOKUP(G73, Réttabanki!A:A, Réttabanki!BB:BB, "")) * I73 / 100, ""), "")))
B74: =IF(A74<>"",CHOOSE(WEEKDAY(A74,2),"Mánudagur","Þriðjudagur","Miðvikudagur","Fimmtudagur","Föstudagur","Laugardagur","Sunnudagur"),IF(B73<>"",B73,"")) -> Mánudagur | C74: =IF(A74<>"",WEEKNUM(A74,21),IF(C73<>"",C73,"")) -> 26 | D74: Bæði | E74: Aðalréttur | F74: Vara | G74: Í MAT Karrísósa vegan 10 ltr – Kjarnavörur hf. | H74: Karrýsósa | I74: 20 | J74: 30 | L74: =IF(OR(F74 = "", G74 = ""), "", IF(F74 = "Vara", IFERROR(_xlfn.SINGLE(_xlfn.XLOOKUP(G74, Vöruskrá!A:A, Vöruskrá!E:E, "")), ""), IF(F74 = "Réttur", IFERROR(_xlfn.SINGLE(_xlfn.XLOOKUP(G74, Réttabanki!A:A, Réttabanki!AS:AS, "")), ""), ""))) | M74: =IF(OR(F74 = "", G74 = ""), "", IF(F74 = "Vara", IFERROR(_xlfn.SINGLE(_xlfn.XLOOKUP(G74, Vöruskrá!A:A, Vöruskrá!F:F, "")), ""), IF(F74 = "Réttur", IFERROR(_xlfn.SINGLE(_xlfn.XLOOKUP(G74, Réttabanki!A:A, Réttabanki!AT:AT, "")), ""), ""))) | N74: =IF(OR(F74 = "", G74 = ""), "", IF(F74 = "Vara", IFERROR(_xlfn.SINGLE(_xlfn.XLOOKUP(G74, Vöruskrá!A:A, Vöruskrá!G:G, "")), ""), IF(F74 = "Réttur", IFERROR(_xlfn.SINGLE(_xlfn.XLOOKUP(G74, Réttabanki!A:A, Réttabanki!AU:AU, "")), ""), ""))) | O74: =IF(OR(F74 = "", G74 = "", I74 = ""), "", IF(F74 = "Vara", IFERROR(_xlfn.SINGLE(_xlfn.XLOOKUP(G74, Vöruskrá!A:A, Vöruskrá!I:I, "")) * I74 / 100, ""), IF(F74 = "Réttur", IFERROR(_xlfn.SINGLE(_xlfn.XLOOKUP(G74, Réttabanki!A:A, Réttabanki!AV:AV, "")) * I74 / 100, ""), ""))) | P74: =IF(OR(F74 = "", G74 = "", I74 = ""), "", IF(F74 = "Vara", IFERROR(_xlfn.SINGLE(_xlfn.XLOOKUP(G74, Vöruskrá!A:A, Vöruskrá!J:J, "")) * I74 / 100, ""), IF(F74 = "Réttur", IFERROR(_xlfn.SINGLE(_xlfn.XLOOKUP(G74, Réttabanki!A:A, Réttabanki!AW:AW, "")) * I74 / 100, ""), ""))) | Q74: =IF(OR(F74 = "", G74 = "", I74 = ""), "", IF(F74 = "Vara", IFERROR(_xlfn.SINGLE(_xlfn.XLOOKUP(G74, Vöruskrá!A:A, Vöruskrá!N:N, "")) * I74 / 100, ""), IF(F74 = "Réttur", IFERROR(_xlfn.SINGLE(_xlfn.XLOOKUP(G74, Réttabanki!A:A, Réttabanki!BB:BB, "")) * I74 / 100, ""), "")))
B75: =IF(A75<>"",CHOOSE(WEEKDAY(A75,2),"Mánudagur","Þriðjudagur","Miðvikudagur","Fimmtudagur","Föstudagur","Laugardagur","Sunnudagur"),IF(B74<>"",B74,"")) -> Mánudagur | C75: =IF(A75<>"",WEEKNUM(A75,21),IF(C74<>"",C74,"")) -> 26 | D75: Bæði | E75: Aðalréttur | F75: Vara | G75: Kartöflur (ferskar) | H75: Kartöflusmælki | I75: 100 | J75: 130 | L75: =IF(OR(F75 = "", G75 = ""), "", IF(F75 = "Vara", IFERROR(_xlfn.SINGLE(_xlfn.XLOOKUP(G75, Vöruskrá!A:A, Vöruskrá!E:E, "")), ""), IF(F75 = "Réttur", IFERROR(_xlfn.SINGLE(_xlfn.XLOOKUP(G75, Réttabanki!A:A, Réttabanki!AS:AS, "")), ""), ""))) -> Kartöflur | M75: =IF(OR(F75 = "", G75 = ""), "", IF(F75 = "Vara", IFERROR(_xlfn.SINGLE(_xlfn.XLOOKUP(G75, Vöruskrá!A:A, Vöruskrá!F:F, "")), ""), IF(F75 = "Réttur", IFERROR(_xlfn.SINGLE(_xlfn.XLOOKUP(G75, Réttabanki!A:A, Réttabanki!AT:AT, "")), ""), ""))) -> Engir skráðir | N75: =IF(OR(F75 = "", G75 = ""), "", IF(F75 = "Vara", IFERROR(_xlfn.SINGLE(_xlfn.XLOOKUP(G75, Vöruskrá!A:A, Vöruskrá!G:G, "")), ""), IF(F75 = "Réttur", IFERROR(_xlfn.SINGLE(_xlfn.XLOOKUP(G75, Réttabanki!A:A, Réttabanki!AU:AU, "")), ""), ""))) -> 0 | O75: =IF(OR(F75 = "", G75 = "", I75 = ""), "", IF(F75 = "Vara", IFERROR(_xlfn.SINGLE(_xlfn.XLOOKUP(G75, Vöruskrá!A:A, Vöruskrá!I:I, "")) * I75 / 100, ""), IF(F75 = "Réttur", IFERROR(_xlfn.SINGLE(_xlfn.XLOOKUP(G75, Réttabanki!A:A, Réttabanki!AV:AV, "")) * I75 / 100, ""), ""))) -> 77 | P75: =IF(OR(F75 = "", G75 = "", I75 = ""), "", IF(F75 = "Vara", IFERROR(_xlfn.SINGLE(_xlfn.XLOOKUP(G75, Vöruskrá!A:A, Vöruskrá!J:J, "")) * I75 / 100, ""), IF(F75 = "Réttur", IFERROR(_xlfn.SINGLE(_xlfn.XLOOKUP(G75, Réttabanki!A:A, Réttabanki!AW:AW, "")) * I75 / 100, ""), ""))) -> 0.1 | Q75: =IF(OR(F75 = "", G75 = "", I75 = ""), "", IF(F75 = "Vara", IFERROR(_xlfn.SINGLE(_xlfn.XLOOKUP(G75, Vöruskrá!A:A, Vöruskrá!N:N, "")) * I75 / 100, ""), IF(F75 = "Réttur", IFERROR(_xlfn.SINGLE(_xlfn.XLOOKUP(G75, Réttabanki!A:A, Réttabanki!BB:BB, "")) * I75 / 100, ""), ""))) -> 2
B76: =IF(A76<>"",CHOOSE(WEEKDAY(A76,2),"Mánudagur","Þriðjudagur","Miðvikudagur","Fimmtudagur","Föstudagur","Laugardagur","Sunnudagur"),IF(B75<>"",B75,"")) -> Mánudagur | C76: =IF(A76<>"",WEEKNUM(A76,21),IF(C75<>"",C75,"")) -> 26 | D76: Bæði | E76: Hliðarréttur | H76: Grænmetisbuff, kartöflusmælki, karrýsósa | L76: =IF(OR(F76 = "", G76 = ""), "", IF(F76 = "Vara", IFERROR(_xlfn.SINGLE(_xlfn.XLOOKUP(G76, Vöruskrá!A:A, Vöruskrá!E:E, "")), ""), IF(F76 = "Réttur", IFERROR(_xlfn.SINGLE(_xlfn.XLOOKUP(G76, Réttabanki!A:A, Réttabanki!AS:AS, "")), ""), ""))) | M76: =IF(OR(F76 = "", G76 = ""), "", IF(F76 = "Vara", IFERROR(_xlfn.SINGLE(_xlfn.XLOOKUP(G76, Vöruskrá!A:A, Vöruskrá!F:F, "")), ""), IF(F76 = "Réttur", IFERROR(_xlfn.SINGLE(_xlfn.XLOOKUP(G76, Réttabanki!A:A, Réttabanki!AT:AT, "")), ""), ""))) | N76: =IF(OR(F76 = "", G76 = ""), "", IF(F76 = "Vara", IFERROR(_xlfn.SINGLE(_xlfn.XLOOKUP(G76, Vöruskrá!A:A, Vöruskrá!G:G, "")), ""), IF(F76 = "Réttur", IFERROR(_xlfn.SINGLE(_xlfn.XLOOKUP(G76, Réttabanki!A:A, Réttabanki!AU:AU, "")), ""), ""))) | O76: =IF(OR(F76 = "", G76 = "", I76 = ""), "", IF(F76 = "Vara", IFERROR(_xlfn.SINGLE(_xlfn.XLOOKUP(G76, Vöruskrá!A:A, Vöruskrá!I:I, "")) * I76 / 100, ""), IF(F76 = "Réttur", IFERROR(_xlfn.SINGLE(_xlfn.XLOOKUP(G76, Réttabanki!A:A, Réttabanki!AV:AV, "")) * I76 / 100, ""), ""))) | P76: =IF(OR(F76 = "", G76 = "", I76 = ""), "", IF(F76 = "Vara", IFERROR(_xlfn.SINGLE(_xlfn.XLOOKUP(G76, Vöruskrá!A:A, Vöruskrá!J:J, "")) * I76 / 100, ""), IF(F76 = "Réttur", IFERROR(_xlfn.SINGLE(_xlfn.XLOOKUP(G76, Réttabanki!A:A, Réttabanki!AW:AW, "")) * I76 / 100, ""), ""))) | Q76: =IF(OR(F76 = "", G76 = "", I76 = ""), "", IF(F76 = "Vara", IFERROR(_xlfn.SINGLE(_xlfn.XLOOKUP(G76, Vöruskrá!A:A, Vöruskrá!N:N, "")) * I76 / 100, ""), IF(F76 = "Réttur", IFERROR(_xlfn.SINGLE(_xlfn.XLOOKUP(G76, Réttabanki!A:A, Réttabanki!BB:BB, "")) * I76 / 100, ""), "")))
B77: =IF(A77<>"",CHOOSE(WEEKDAY(A77,2),"Mánudagur","Þriðjudagur","Miðvikudagur","Fimmtudagur","Föstudagur","Laugardagur","Sunnudagur"),IF(B76<>"",B76,"")) -> Mánudagur | C77: =IF(A77<>"",WEEKNUM(A77,21),IF(C76<>"",C76,"")) -> 26 | D77: Bæði | E77: Hliðarréttur | F77: Vara | G77: Quinoa Grænkálsbuff – Ardo Austria Frost GmbH | H77: Grænmetisbuff | I77: 120 | J77: 140 | L77: =IF(OR(F77 = "", G77 = ""), "", IF(F77 = "Vara", IFERROR(_xlfn.SINGLE(_xlfn.XLOOKUP(G77, Vöruskrá!A:A, Vöruskrá!E:E, "")), ""), IF(F77 = "Réttur", IFERROR(_xlfn.SINGLE(_xlfn.XLOOKUP(G77, Réttabanki!A:A, Réttabanki!AS:AS, "")), ""), ""))) | M77: =IF(OR(F77 = "", G77 = ""), "", IF(F77 = "Vara", IFERROR(_xlfn.SINGLE(_xlfn.XLOOKUP(G77, Vöruskrá!A:A, Vöruskrá!F:F, "")), ""), IF(F77 = "Réttur", IFERROR(_xlfn.SINGLE(_xlfn.XLOOKUP(G77, Réttabanki!A:A, Réttabanki!AT:AT, "")), ""), ""))) | N77: =IF(OR(F77 = "", G77 = ""), "", IF(F77 = "Vara", IFERROR(_xlfn.SINGLE(_xlfn.XLOOKUP(G77, Vöruskrá!A:A, Vöruskrá!G:G, "")), ""), IF(F77 = "Réttur", IFERROR(_xlfn.SINGLE(_xlfn.XLOOKUP(G77, Réttabanki!A:A, Réttabanki!AU:AU, "")), ""), ""))) | O77: =IF(OR(F77 = "", G77 = "", I77 = ""), "", IF(F77 = "Vara", IFERROR(_xlfn.SINGLE(_xlfn.XLOOKUP(G77, Vöruskrá!A:A, Vöruskrá!I:I, "")) * I77 / 100, ""), IF(F77 = "Réttur", IFERROR(_xlfn.SINGLE(_xlfn.XLOOKUP(G77, Réttabanki!A:A, Réttabanki!AV:AV, "")) * I77 / 100, ""), ""))) | P77: =IF(OR(F77 = "", G77 = "", I77 = ""), "", IF(F77 = "Vara", IFERROR(_xlfn.SINGLE(_xlfn.XLOOKUP(G77, Vöruskrá!A:A, Vöruskrá!J:J, "")) * I77 / 100, ""), IF(F77 = "Réttur", IFERROR(_xlfn.SINGLE(_xlfn.XLOOKUP(G77, Réttabanki!A:A, Réttabanki!AW:AW, "")) * I77 / 100, ""), ""))) | Q77: =IF(OR(F77 = "", G77 = "", I77 = ""), "", IF(F77 = "Vara", IFERROR(_xlfn.SINGLE(_xlfn.XLOOKUP(G77, Vöruskrá!A:A, Vöruskrá!N:N, "")) * I77 / 100, ""), IF(F77 = "Réttur", IFERROR(_xlfn.SINGLE(_xlfn.XLOOKUP(G77, Réttabanki!A:A, Réttabanki!BB:BB, "")) * I77 / 100, ""), "")))
